message_id,date,src_relative,extracted_file,link,caption
27790,2026-03-01T08:58:01,photos/photo_25824@01-03-2026_08-58-01.jpg,,https://c.onlyaff.app/6QLsHQ,POLO RALPH LAUREN (conjunto) —-> 11€ 12€ 💎
27791,2026-03-01T09:02:01,photos/photo_25825@01-03-2026_09-02-01.jpg,,https://c.onlyaff.app/6QLwbh,CARHARTT —-> 9€ 11€ 💎
27792,2026-03-01T09:04:04,photos/photo_25826@01-03-2026_09-04-04.jpg,,https://c.onlyaff.app/6QLuIy,FRED PERRY —-> 12€ 💎
27793,2026-03-01T09:31:00,photos/photo_25827@01-03-2026_09-31-00.jpg,,https://c.onlyaff.app/6QMsyJ,"ADIDAS Campus 00’s —-> 21€ 💎
Muchos Colores 🎨"
27794,2026-03-01T09:31:00,photos/photo_25828@01-03-2026_09-31-00.jpg,,,
27795,2026-03-01T09:31:00,photos/photo_25829@01-03-2026_09-31-00.jpg,,,
27796,2026-03-01T09:31:00,photos/photo_25830@01-03-2026_09-31-00.jpg,,,
27797,2026-03-01T09:31:00,photos/photo_25831@01-03-2026_09-31-00.jpg,,,
27798,2026-03-01T09:31:00,photos/photo_25832@01-03-2026_09-31-00.jpg,,,
27799,2026-03-01T09:31:00,photos/photo_25833@01-03-2026_09-31-00.jpg,,,
27800,2026-03-01T09:31:00,photos/photo_25834@01-03-2026_09-31-00.jpg,,,
27801,2026-03-01T09:31:00,photos/photo_25835@01-03-2026_09-31-00.jpg,,,
27802,2026-03-01T09:56:01,photos/photo_25836@01-03-2026_09-56-01.jpg,,https://c.onlyaff.app/6QMpK5,ASICS Gel Kahana TR —-> 33€ 💎
27803,2026-03-01T09:56:01,photos/photo_25837@01-03-2026_09-56-01.jpg,,,
27804,2026-03-01T09:56:01,photos/photo_25838@01-03-2026_09-56-01.jpg,,,
27805,2026-03-01T10:37:01,photos/photo_25839@01-03-2026_10-37-01.jpg,,https://c.onlyaff.app/6QMqVG,"STUSSY —-> 24€ 💎
Varios Colores 🎨"
27806,2026-03-01T10:38:01,photos/photo_25840@01-03-2026_10-38-01.jpg,,https://c.onlyaff.app/6QMuPJ,POLO RALPH LAUREN —-> 3€ 💎
27807,2026-03-01T11:14:01,photos/photo_25841@01-03-2026_11-14-01.jpg,,https://c.onlyaff.app/6QMy0F,"ADIDAS Spezial —-> 25€ 💎
23 Nuevos Colores 🎨"
27808,2026-03-01T11:14:01,photos/photo_25842@01-03-2026_11-14-01.jpg,,,
27809,2026-03-01T11:14:01,photos/photo_25843@01-03-2026_11-14-01.jpg,,,
27810,2026-03-01T11:14:01,photos/photo_25844@01-03-2026_11-14-01.jpg,,,
27811,2026-03-01T11:14:01,photos/photo_25845@01-03-2026_11-14-01.jpg,,,
27812,2026-03-01T11:14:01,photos/photo_25846@01-03-2026_11-14-01.jpg,,,
27813,2026-03-01T11:14:01,photos/photo_25847@01-03-2026_11-14-01.jpg,,,
27814,2026-03-01T11:14:01,photos/photo_25848@01-03-2026_11-14-01.jpg,,,
27815,2026-03-01T11:14:01,photos/photo_25849@01-03-2026_11-14-01.jpg,,,
27816,2026-03-01T11:14:01,photos/photo_25850@01-03-2026_11-14-01.jpg,,,
27817,2026-03-01T11:56:01,photos/photo_25851@01-03-2026_11-56-01.jpg,,https://c.onlyaff.app/6QMhbm,STUSSY (bordado) —-> 11€ 💎
27818,2026-03-01T11:56:01,photos/photo_25852@01-03-2026_11-56-01.jpg,,,
27819,2026-03-01T11:56:01,photos/photo_25853@01-03-2026_11-56-01.jpg,,,
27820,2026-03-01T12:06:01,photos/photo_25854@01-03-2026_12-06-01.jpg,,https://c.onlyaff.app/6QMi56,CARHARTT —-> 15€ 💎
27821,2026-03-01T12:08:01,photos/photo_25855@01-03-2026_12-08-01.jpg,,https://c.onlyaff.app/6QMEj8,"ADIDAS Predator Elite —-> 34€ 💎
Muchos Colores 🎨"
27822,2026-03-01T12:14:01,photos/photo_25856@01-03-2026_12-14-01.jpg,,https://c.onlyaff.app/6QMI7h,"HOKA Challeger 8 —-> 28€ 💎
15 Colores 🎨"
27823,2026-03-01T12:14:01,photos/photo_25857@01-03-2026_12-14-01.jpg,,,
27824,2026-03-01T12:14:01,photos/photo_25858@01-03-2026_12-14-01.jpg,,,
27825,2026-03-01T12:14:01,photos/photo_25859@01-03-2026_12-14-01.jpg,,,
27826,2026-03-01T12:14:01,photos/photo_25860@01-03-2026_12-14-01.jpg,,,
27827,2026-03-01T12:14:01,photos/photo_25861@01-03-2026_12-14-01.jpg,,,
27828,2026-03-01T12:14:01,photos/photo_25862@01-03-2026_12-14-01.jpg,,,
27829,2026-03-01T12:14:01,photos/photo_25863@01-03-2026_12-14-01.jpg,,,
27830,2026-03-01T12:14:01,photos/photo_25864@01-03-2026_12-14-01.jpg,,,
27831,2026-03-01T12:14:01,photos/photo_25865@01-03-2026_12-14-01.jpg,,,
27832,2026-03-01T12:50:36,photos/photo_25866@01-03-2026_12-50-36.jpg,,https://c.onlyaff.app/6QMJ6H,VANS Knu Skool —-> 26€ 💎
27833,2026-03-01T13:06:01,photos/photo_25867@01-03-2026_13-06-01.jpg,,https://c.onlyaff.app/6QMUho,ASICS Gel Sekiran —-> 31€ 💎
27834,2026-03-01T13:06:01,photos/photo_25868@01-03-2026_13-06-01.jpg,,,
27835,2026-03-01T13:06:01,photos/photo_25869@01-03-2026_13-06-01.jpg,,,
27836,2026-03-01T13:06:01,photos/photo_25870@01-03-2026_13-06-01.jpg,,,
27837,2026-03-01T13:06:01,photos/photo_25871@01-03-2026_13-06-01.jpg,,,
27838,2026-03-01T13:14:01,photos/photo_25872@01-03-2026_13-14-01.jpg,,https://c.onlyaff.app/6QMWd0,ADIDAS —-> 22€ 💎
27839,2026-03-01T13:14:01,photos/photo_25873@01-03-2026_13-14-01.jpg,,,
27840,2026-03-01T13:14:01,photos/photo_25874@01-03-2026_13-14-01.jpg,,,
27841,2026-03-01T14:42:15,photos/photo_25875@01-03-2026_14-42-15.jpg,,https://c.onlyaff.app/6RkTzw,MONCLER —-> 25€ 💎
27842,2026-03-01T14:43:36,photos/photo_25876@01-03-2026_14-43-36.jpg,,https://c.onlyaff.app/6RkYbo,THE NORTH FACE x KAWS —-> 30€ 💎
27843,2026-03-01T14:43:36,photos/photo_25877@01-03-2026_14-43-36.jpg,,,
27844,2026-03-01T14:43:36,photos/photo_25878@01-03-2026_14-43-36.jpg,,,
27845,2026-03-01T14:43:36,photos/photo_25879@01-03-2026_14-43-36.jpg,,,
27846,2026-03-01T15:45:10,photos/photo_25880@01-03-2026_15-45-10.jpg,,https://c.onlyaff.app/6Rn8HL,POLO RALPH LAUREN —-> 11€ 💎
27847,2026-03-01T17:23:47,photos/photo_25881@01-03-2026_17-23-47.jpg,,https://c.onlyaff.app/6RrJXJ,"ADIDAS Adizero EVO SL —-> 25€ 💎
16 Colores 🎨"
27848,2026-03-01T17:23:47,photos/photo_25882@01-03-2026_17-23-47.jpg,,,
27849,2026-03-01T17:23:47,photos/photo_25883@01-03-2026_17-23-47.jpg,,,
27850,2026-03-01T17:23:47,photos/photo_25884@01-03-2026_17-23-47.jpg,,,
27851,2026-03-01T17:23:47,photos/photo_25885@01-03-2026_17-23-47.jpg,,,
27852,2026-03-01T17:23:47,photos/photo_25886@01-03-2026_17-23-47.jpg,,,
27853,2026-03-01T17:23:47,photos/photo_25887@01-03-2026_17-23-47.jpg,,,
27854,2026-03-01T17:23:47,photos/photo_25888@01-03-2026_17-23-47.jpg,,,
27855,2026-03-01T17:23:47,photos/photo_25889@01-03-2026_17-23-47.jpg,,,
27856,2026-03-01T17:23:47,photos/photo_25890@01-03-2026_17-23-47.jpg,,,
27857,2026-03-01T17:27:50,photos/photo_25891@01-03-2026_17-27-50.jpg,,https://c.onlyaff.app/6Rs1nX,"ON CLOUD X3 —-> 33€ 💎
Muchos Colores 🎨"
27858,2026-03-01T17:27:50,photos/photo_25892@01-03-2026_17-27-50.jpg,,,
27859,2026-03-01T17:27:50,photos/photo_25893@01-03-2026_17-27-50.jpg,,,
27860,2026-03-01T17:44:29,photos/photo_25894@01-03-2026_17-44-29.jpg,,https://c.onlyaff.app/6Rtek1,THE KORTH FACE (corta) —-> 20€ 💎
27861,2026-03-01T17:44:29,photos/photo_25895@01-03-2026_17-44-29.jpg,,,
27862,2026-03-01T17:44:29,photos/photo_25896@01-03-2026_17-44-29.jpg,,,
27863,2026-03-01T18:57:47,photos/photo_25897@01-03-2026_18-57-47.jpg,,https://c.onlyaff.app/6RvJiM,"ACNE STUDIOS —-> 18€ 💎
Varios Colores 🎨"
27864,2026-03-01T19:10:13,photos/photo_25898@01-03-2026_19-10-13.jpg,,https://c.onlyaff.app/6RzWzW,DR MARTENS —-> 37€ 💎
27865,2026-03-01T19:29:44,photos/photo_25899@01-03-2026_19-29-44.jpg,,https://c.onlyaff.app/6RGMYa,"POLO RALPH LAUREN (cinturón) —-> 7€ 💎
Muchos Colores 🎨"
27866,2026-03-01T19:32:37,photos/photo_25900@01-03-2026_19-32-37.jpg,,https://c.onlyaff.app/6RI84L,CAROLINA HERRERA —-> 7€ 💎
27867,2026-03-01T19:35:00,photos/photo_25901@01-03-2026_19-35-00.jpg,,https://c.onlyaff.app/GzvE0,ALO (5 pares) —-> 18€ 💎
27868,2026-03-01T19:37:08,photos/photo_25902@01-03-2026_19-37-08.jpg,,https://c.onlyaff.app/6RK88M,STUSSY x BAPE —-> 10€ 💎
27869,2026-03-01T19:39:50,photos/photo_25903@01-03-2026_19-39-50.jpg,,https://c.onlyaff.app/6RL6ho,"NIKE FC BARCELONA 25/26 —-> 12€ 💎
🚨 Se agota muy rápido 💨"
27870,2026-03-01T19:41:51,photos/photo_25904@01-03-2026_19-41-51.jpg,,https://c.onlyaff.app/GzNN8,AMIRI —-> 19€ 💎
27871,2026-03-01T19:44:47,photos/photo_25905@01-03-2026_19-44-47.jpg,,https://c.onlyaff.app/6RMUeQ,AMI PARIS —-> 22€ 💎
27872,2026-03-01T19:48:04,photos/photo_25906@01-03-2026_19-48-04.jpg,,https://c.onlyaff.app/6RN12t,"ESSENTIALS —-> 16€ 💎
Muchos Colores 🎨"
27873,2026-03-01T19:48:04,photos/photo_25907@01-03-2026_19-48-04.jpg,,,
27874,2026-03-01T19:48:04,photos/photo_25908@01-03-2026_19-48-04.jpg,,,
27875,2026-03-01T19:49:38,photos/photo_25909@01-03-2026_19-49-38.jpg,,https://c.onlyaff.app/GzU1z,ESSENTIALS —-> 32€ 💎
27876,2026-03-01T19:49:38,photos/photo_25910@01-03-2026_19-49-38.jpg,,,
27877,2026-03-01T19:49:38,photos/photo_25911@01-03-2026_19-49-38.jpg,,,
27878,2026-03-01T19:53:40,photos/photo_25912@01-03-2026_19-53-40.jpg,,https://c.onlyaff.app/6RN6a9,"POLO RALPH LAUREN —-> 35€ 💎
También en Marrón 🎨
🚨 Se agota muy rápido 💨 
(Fotos realizadas por mi) 📸"
27879,2026-03-01T19:53:40,photos/photo_25913@01-03-2026_19-53-40.jpg,,,
27880,2026-03-01T19:53:40,photos/photo_25914@01-03-2026_19-53-40.jpg,,,
27881,2026-03-01T19:57:07,photos/photo_25915@01-03-2026_19-57-07.jpg,,https://c.onlyaff.app/6RN9CW,"ADIDAS Argentina 26/27 (chándal completo) —-> 37€ 💎
Varios Colores 🎨"
27882,2026-03-01T20:04:56,photos/photo_25916@01-03-2026_20-04-56.jpg,,https://c.onlyaff.app/6RNvBX,ALO —-> 35€ 💎
27883,2026-03-01T20:04:56,photos/photo_25917@01-03-2026_20-04-56.jpg,,,
27884,2026-03-01T20:04:56,photos/photo_25918@01-03-2026_20-04-56.jpg,,,
27885,2026-03-01T20:04:56,photos/photo_25919@01-03-2026_20-04-56.jpg,,,
27886,2026-03-01T20:04:56,photos/photo_25920@01-03-2026_20-04-56.jpg,,,
27887,2026-03-01T20:04:56,photos/photo_25921@01-03-2026_20-04-56.jpg,,,
27888,2026-03-01T20:08:45,photos/photo_25922@01-03-2026_20-08-45.jpg,,https://c.onlyaff.app/6RNGJA,ADIDAS Argentina (firma Messi) —-> 16€ 💎
27889,2026-03-01T20:14:30,photos/photo_25923@01-03-2026_20-14-30.jpg,,https://c.onlyaff.app/6RNVGz,"ADIDAS Gazelle Bold —-> 22€ 💎
12 Colores 🎨"
27890,2026-03-01T20:14:30,photos/photo_25924@01-03-2026_20-14-30.jpg,,,
27891,2026-03-01T20:14:30,photos/photo_25925@01-03-2026_20-14-30.jpg,,,
27892,2026-03-01T20:14:30,photos/photo_25926@01-03-2026_20-14-30.jpg,,,
27893,2026-03-01T20:14:30,photos/photo_25927@01-03-2026_20-14-30.jpg,,,
27894,2026-03-01T20:14:30,photos/photo_25928@01-03-2026_20-14-30.jpg,,,
27895,2026-03-01T20:14:30,photos/photo_25929@01-03-2026_20-14-30.jpg,,,
27896,2026-03-01T20:14:30,photos/photo_25930@01-03-2026_20-14-30.jpg,,,
27897,2026-03-01T20:14:30,photos/photo_25931@01-03-2026_20-14-30.jpg,,,
27898,2026-03-01T20:21:36,photos/photo_25932@01-03-2026_20-21-36.jpg,,https://c.onlyaff.app/6ROgLu,"ADIDAS ""Sport & Rich"" —-> 22€ 💎
Varios Colores 🎨
(Fotos realizadas por mi) 📸"
27899,2026-03-01T20:21:36,photos/photo_25933@01-03-2026_20-21-36.jpg,,,
27900,2026-03-01T20:21:36,photos/photo_25934@01-03-2026_20-21-36.jpg,,,
27901,2026-03-01T20:23:39,photos/photo_25935@01-03-2026_20-23-39.jpg,,https://c.onlyaff.app/6ROmxy,ADIDAS x CP COMPANY —-> 30€ 💎
27902,2026-03-01T20:23:39,photos/photo_25936@01-03-2026_20-23-39.jpg,,,
27903,2026-03-01T20:23:40,photos/photo_25937@01-03-2026_20-23-40.jpg,,,
27904,2026-03-01T20:27:39,photos/photo_25938@01-03-2026_20-27-39.jpg,,https://c.onlyaff.app/6ROwNa,"OFF WHITE Vulcanized —-> 42€ 💎
Varios Colores 🎨"
27905,2026-03-01T20:27:39,photos/photo_25939@01-03-2026_20-27-39.jpg,,,
27906,2026-03-01T20:27:39,photos/photo_25940@01-03-2026_20-27-39.jpg,,,
27907,2026-03-01T20:37:47,photos/photo_25941@01-03-2026_20-37-47.jpg,,https://c.onlyaff.app/6ROYt6,"CONVERSE x CDG —-> 28€ 💎
También en Blanco 🎨"
27908,2026-03-01T20:41:07,photos/photo_25942@01-03-2026_20-41-07.jpg,,https://c.onlyaff.app/6RP6IL,"ADIDAS Samba OG ""Silver"" —-> 19€ 💎"
27909,2026-03-01T20:49:11,photos/photo_25943@01-03-2026_20-49-11.jpg,,https://c.onlyaff.app/6RPrIX,"NIKE Pacific —-> 28€ 💎
11 Colores 🎨
(YepExpress)"
27910,2026-03-01T20:49:11,photos/photo_25944@01-03-2026_20-49-11.jpg,,,
27911,2026-03-01T20:49:11,photos/photo_25945@01-03-2026_20-49-11.jpg,,,
27912,2026-03-01T20:49:11,photos/photo_25946@01-03-2026_20-49-11.jpg,,,
27913,2026-03-01T20:49:11,photos/photo_25947@01-03-2026_20-49-11.jpg,,,
27914,2026-03-01T20:49:11,photos/photo_25948@01-03-2026_20-49-11.jpg,,,
27915,2026-03-01T20:49:11,photos/photo_25949@01-03-2026_20-49-11.jpg,,,
27916,2026-03-01T20:49:11,photos/photo_25950@01-03-2026_20-49-11.jpg,,,
27917,2026-03-01T20:54:54,photos/photo_25951@01-03-2026_20-54-54.jpg,,https://c.onlyaff.app/6RRsPc,"NEW BALANCE 530 —-> 19€ 💎
(YepExpress)"
27918,2026-03-01T20:54:54,photos/photo_25952@01-03-2026_20-54-54.jpg,,,
27919,2026-03-01T20:54:54,photos/photo_25953@01-03-2026_20-54-54.jpg,,,
27920,2026-03-01T20:54:54,photos/photo_25954@01-03-2026_20-54-54.jpg,,,
27921,2026-03-01T20:54:54,photos/photo_25955@01-03-2026_20-54-54.jpg,,,
27922,2026-03-01T20:54:54,photos/photo_25956@01-03-2026_20-54-54.jpg,,,
27923,2026-03-01T20:54:54,photos/photo_25957@01-03-2026_20-54-54.jpg,,,
27924,2026-03-01T20:59:10,photos/photo_25958@01-03-2026_20-59-10.jpg,,https://c.onlyaff.app/6RRNwH,"POLO RALPH LAUREN —-> 31€ 💎
Varios Colores 🎨"
27925,2026-03-01T21:22:20,photos/photo_25959@01-03-2026_21-22-20.jpg,,https://c.onlyaff.app/6RTHQn,"ADIDAS Spezial ""Preloved"" —-> 25€ 💎"
27926,2026-03-01T21:22:20,photos/photo_25960@01-03-2026_21-22-20.jpg,,,
27927,2026-03-01T21:22:20,photos/photo_25961@01-03-2026_21-22-20.jpg,,,
27928,2026-03-01T21:43:18,photos/photo_25962@01-03-2026_21-43-18.jpg,,https://c.onlyaff.app/6RUihq,BLUE BANANA —-> 20€ 💎
27929,2026-03-01T21:52:17,photos/photo_25963@01-03-2026_21-52-17.jpg,,https://c.onlyaff.app/6RUFtg,"ONITSUKA TIGER Mexico —-> 23€ 💎
15 Colores 🎨"
27930,2026-03-01T21:52:17,photos/photo_25964@01-03-2026_21-52-17.jpg,,,
27931,2026-03-01T21:52:17,photos/photo_25965@01-03-2026_21-52-17.jpg,,,
27932,2026-03-01T21:52:17,photos/photo_25966@01-03-2026_21-52-17.jpg,,,
27933,2026-03-01T21:52:17,photos/photo_25967@01-03-2026_21-52-17.jpg,,,
27934,2026-03-01T21:52:17,photos/photo_25968@01-03-2026_21-52-17.jpg,,,
27935,2026-03-01T21:52:17,photos/photo_25969@01-03-2026_21-52-17.jpg,,,
27936,2026-03-01T21:52:17,photos/photo_25970@01-03-2026_21-52-17.jpg,,,
27938,2026-03-01T21:52:17,photos/photo_25971@01-03-2026_21-52-17.jpg,,,
27939,2026-03-01T21:57:37,photos/photo_25972@01-03-2026_21-57-37.jpg,,https://c.onlyaff.app/6RURVH,"ASICS Gel Cumulus 16 x TOGA —-> 36€ 💎
También en Total Black 🎨"
27940,2026-03-01T21:57:37,photos/photo_25973@01-03-2026_21-57-37.jpg,,,
27941,2026-03-01T21:57:37,photos/photo_25974@01-03-2026_21-57-37.jpg,,,
27942,2026-03-01T22:26:48,photos/photo_25975@01-03-2026_22-26-48.jpg,,https://c.onlyaff.app/6RW4AN,"ADIDAS Forum —-> 33€ 💎
11 Colores 🎨"
27943,2026-03-01T22:26:48,photos/photo_25976@01-03-2026_22-26-48.jpg,,,
27944,2026-03-01T22:26:48,photos/photo_25977@01-03-2026_22-26-48.jpg,,,
27945,2026-03-01T22:26:48,photos/photo_25978@01-03-2026_22-26-48.jpg,,,
27946,2026-03-01T22:26:48,photos/photo_25979@01-03-2026_22-26-48.jpg,,,
27947,2026-03-01T22:26:48,photos/photo_25980@01-03-2026_22-26-48.jpg,,,
27948,2026-03-01T22:26:48,photos/photo_25981@01-03-2026_22-26-48.jpg,,,
27949,2026-03-01T22:26:48,photos/photo_25982@01-03-2026_22-26-48.jpg,,,
27951,2026-03-02T08:32:01,photos/photo_25983@02-03-2026_08-32-01.jpg,,https://c.onlyaff.app/GARQm,"THE NORTH FACE 700 —-> 23€ 💎
Muy recomendada ✅"
27952,2026-03-02T08:32:01,photos/photo_25984@02-03-2026_08-32-01.jpg,,,
27953,2026-03-02T08:32:01,photos/photo_25985@02-03-2026_08-32-01.jpg,,,
27954,2026-03-02T08:32:01,photos/photo_25986@02-03-2026_08-32-01.jpg,,,
27955,2026-03-02T08:32:01,photos/photo_25987@02-03-2026_08-32-01.jpg,,,
27956,2026-03-02T08:32:01,photos/photo_25988@02-03-2026_08-32-01.jpg,,,
27957,2026-03-02T08:32:01,photos/photo_25989@02-03-2026_08-32-01.jpg,,,
27958,2026-03-02T09:00:46,photos/photo_25990@02-03-2026_09-00-46.jpg,,,"🚨🔥 PROMO BRUTAL EN HACOO🔥🚨

Durante esta semana, todas las personas que hagan su pedido a través de nuestros links van a conseguir algo increíble 👇

💥 ¡90% DE DESCUENTO en el producto MÁS CARO de tu pedido!
(Sí, has leído bien 😳).

👉 Si haces un pedido con varios productos, el artículo de mayor precio te saldrá prácticamente regalado.

Y eso no es todo… 👀

🎁 Si además utilizas nuestro código de descuento, obtendrás un 14% EXTRA adicional sobre el resto de tu compra. (Os dejamos los códigos de descuento al final de este post)

⚠️ Si no accedes directamente desde nuestros links, la promoción NO se activa.

🎁 Código: 𝗦𝗨𝗣𝗘𝗥𝟭𝟰"
27959,2026-03-02T10:03:50,photos/photo_25991@02-03-2026_10-03-50.jpg,,https://c.onlyaff.app/6RWPed,"THE NORTH FACE —-> 33€ 💎
Varios Colores 🎨"
27960,2026-03-02T10:20:15,photos/photo_25992@02-03-2026_10-20-15.jpg,,https://c.onlyaff.app/6RXff9,"ADIDAS Gazelle Indoor —-> 27€ 💎
Nuevos Modelos 🎨"
27961,2026-03-02T10:20:15,photos/photo_25993@02-03-2026_10-20-15.jpg,,,
27962,2026-03-02T10:20:15,photos/photo_25994@02-03-2026_10-20-15.jpg,,,
27963,2026-03-02T10:20:15,photos/photo_25995@02-03-2026_10-20-15.jpg,,,
27964,2026-03-02T10:20:15,photos/photo_25996@02-03-2026_10-20-15.jpg,,,
27965,2026-03-02T10:20:15,photos/photo_25997@02-03-2026_10-20-15.jpg,,,
27966,2026-03-02T10:20:15,photos/photo_25998@02-03-2026_10-20-15.jpg,,,
27967,2026-03-02T10:20:15,photos/photo_25999@02-03-2026_10-20-15.jpg,,,
27969,2026-03-02T10:59:01,photos/photo_26000@02-03-2026_10-59-01.jpg,,https://c.onlyaff.app/6RZQ9i,"RIMOWA —-> 16€ 💎
Para todos los IPhone 📱
Varios Colores 🎨"
27970,2026-03-02T11:55:01,photos/photo_26001@02-03-2026_11-55-01.jpg,,https://c.onlyaff.app/GDJQH,"RAY BAN —-> 7€ 💎
Muchos Colores 🎨
(Fotos realizadas por mi) 📸"
27971,2026-03-02T11:55:01,photos/photo_26002@02-03-2026_11-55-01.jpg,,,
27972,2026-03-02T11:55:01,photos/photo_26003@02-03-2026_11-55-01.jpg,,,
27975,2026-03-02T13:56:30,photos/photo_26004@02-03-2026_13-56-30.jpg,,https://c.onlyaff.app/6Sug66,"DAYSON (planchas) —-> 77€ 💎
Varios Colores 🎨"
27976,2026-03-02T13:57:43,photos/photo_26005@02-03-2026_13-57-43.jpg,,https://c.onlyaff.app/GEeQX,Proyector 4K —-> 79€ 💎
27977,2026-03-02T13:59:08,photos/photo_26006@02-03-2026_13-59-08.jpg,,https://c.onlyaff.app/6Sutxv,Set Micrófonos —-> 39€ 💎
27978,2026-03-02T14:00:33,photos/photo_26007@02-03-2026_14-00-33.jpg,,https://c.onlyaff.app/6SuHa4,KIIP R36 (consola emuladores) —-> 53€ 💎
27979,2026-03-02T14:01:53,photos/photo_26008@02-03-2026_14-01-53.jpg,,https://c.onlyaff.app/6SuPu7,"APPLE AirPods Max —-> 42€ 💎
Muchos Colores 🎨"
27980,2026-03-02T14:01:53,photos/photo_26009@02-03-2026_14-01-53.jpg,,,
27981,2026-03-02T14:01:53,photos/photo_26010@02-03-2026_14-01-53.jpg,,,
27982,2026-03-02T15:37:12,photos/photo_26011@02-03-2026_15-37-12.jpg,,https://c.onlyaff.app/6SzvjB,ALO (tamaño grande) —-> 38€ 💎
27983,2026-03-02T15:41:16,photos/photo_26012@02-03-2026_15-41-16.jpg,,https://c.onlyaff.app/6SzCNB,STEVE MADDEN —-> 42€ 💎
27984,2026-03-02T15:41:16,photos/photo_26013@02-03-2026_15-41-16.jpg,,,
27985,2026-03-02T15:41:16,photos/photo_26014@02-03-2026_15-41-16.jpg,,,
27986,2026-03-02T15:44:09,photos/photo_26015@02-03-2026_15-44-09.jpg,,https://c.onlyaff.app/6SzIlK,"POLO RALPH LAUREN —-> 18€ 18€ 💎
Varios Colores 🎨"
27987,2026-03-02T16:20:43,photos/photo_26016@02-03-2026_16-20-43.jpg,,https://c.onlyaff.app/6SASFD,ADIDAS —-> 26€ 💎
27988,2026-03-02T16:28:32,photos/photo_26017@02-03-2026_16-28-32.jpg,,https://c.onlyaff.app/6SBiBV,ADIDAS Predator Mundial —-> 35€ 💎
27989,2026-03-02T16:28:32,photos/photo_26018@02-03-2026_16-28-32.jpg,,,
27990,2026-03-02T16:28:32,photos/photo_26019@02-03-2026_16-28-32.jpg,,,
27991,2026-03-02T16:28:32,photos/photo_26020@02-03-2026_16-28-32.jpg,,,
27992,2026-03-02T16:28:32,photos/photo_26021@02-03-2026_16-28-32.jpg,,,
27993,2026-03-02T16:28:32,photos/photo_26022@02-03-2026_16-28-32.jpg,,,
27994,2026-03-02T16:28:32,photos/photo_26023@02-03-2026_16-28-32.jpg,,,
27995,2026-03-02T16:28:33,photos/photo_26024@02-03-2026_16-28-33.jpg,,,
27996,2026-03-02T16:28:33,photos/photo_26025@02-03-2026_16-28-33.jpg,,,
27997,2026-03-02T18:23:14,photos/photo_26026@02-03-2026_18-23-14.jpg,,https://c.onlyaff.app/GFsoU,"BIRKENSTOCK —-> 20€ 💎
Muchos Colores 🎨
(Fotos realizadas por mi) 📸"
27998,2026-03-02T18:23:14,photos/photo_26027@02-03-2026_18-23-14.jpg,,,
27999,2026-03-02T18:23:14,photos/photo_26028@02-03-2026_18-23-14.jpg,,,
28000,2026-03-02T18:42:08,photos/photo_26029@02-03-2026_18-42-08.jpg,,https://c.onlyaff.app/GFw4S,"NIKE Shox —-> 34€ 💎
Varias Colaboraciones 🎨
(YepExpress)"
28001,2026-03-02T18:42:08,photos/photo_26030@02-03-2026_18-42-08.jpg,,,
28002,2026-03-02T18:42:08,photos/photo_26031@02-03-2026_18-42-08.jpg,,,
28003,2026-03-02T18:42:08,photos/photo_26032@02-03-2026_18-42-08.jpg,,,
28004,2026-03-02T18:42:08,photos/photo_26033@02-03-2026_18-42-08.jpg,,,
28005,2026-03-02T18:42:08,photos/photo_26034@02-03-2026_18-42-08.jpg,,,
28006,2026-03-02T18:42:08,photos/photo_26035@02-03-2026_18-42-08.jpg,,,
28007,2026-03-02T18:42:08,photos/photo_26036@02-03-2026_18-42-08.jpg,,,
28008,2026-03-02T18:42:08,photos/photo_26037@02-03-2026_18-42-08.jpg,,,
28009,2026-03-02T18:44:54,photos/photo_26038@02-03-2026_18-44-54.jpg,,https://c.onlyaff.app/6SHlFI,"POLO RALPH LAUREN —-> 5€ 💎
Muchos Modelos 🎨"
28010,2026-03-02T18:47:19,photos/photo_26039@02-03-2026_18-47-19.jpg,,https://c.onlyaff.app/6SHsh4,"GOYARD (tarjetero) —-> 4€ 💎
15 Colores 🎨"
28011,2026-03-02T18:53:36,photos/photo_26040@02-03-2026_18-53-36.jpg,,https://c.onlyaff.app/6SHFff,"VEJA Campo —-> 24€ 💎
18 Colores 🎨"
28012,2026-03-02T19:08:46,photos/photo_26041@02-03-2026_19-08-46.jpg,,https://c.onlyaff.app/GFXEl,STUSSY —-> 59€ 💎
28013,2026-03-02T19:08:46,photos/photo_26042@02-03-2026_19-08-46.jpg,,,
28014,2026-03-02T19:08:46,photos/photo_26043@02-03-2026_19-08-46.jpg,,,
28015,2026-03-02T19:08:46,photos/photo_26044@02-03-2026_19-08-46.jpg,,,
28016,2026-03-02T19:08:46,photos/photo_26045@02-03-2026_19-08-46.jpg,,,
28017,2026-03-02T19:12:51,photos/photo_26046@02-03-2026_19-12-51.jpg,,https://c.onlyaff.app/6SNr94,ADIDAS —-> 16€ 💎
28018,2026-03-02T19:12:51,photos/photo_26047@02-03-2026_19-12-51.jpg,,,
28019,2026-03-02T19:12:51,photos/photo_26048@02-03-2026_19-12-51.jpg,,,
28020,2026-03-02T19:18:05,photos/photo_26049@02-03-2026_19-18-05.jpg,,https://c.onlyaff.app/6SPFEn,ADIDAS —-> 14€ 💎
28021,2026-03-02T19:18:05,photos/photo_26050@02-03-2026_19-18-05.jpg,,,
28022,2026-03-02T19:18:05,photos/photo_26051@02-03-2026_19-18-05.jpg,,,
28023,2026-03-02T19:18:05,photos/photo_26052@02-03-2026_19-18-05.jpg,,,
28024,2026-03-02T19:18:05,photos/photo_26053@02-03-2026_19-18-05.jpg,,,
28025,2026-03-02T19:21:50,photos/photo_26054@02-03-2026_19-21-50.jpg,,https://c.onlyaff.app/6SQUEa,"SOL DE JANEIRO (set) —-> 19€ 💎
Varios Sets 🎨"
28026,2026-03-02T20:15:58,photos/photo_26055@02-03-2026_20-15-58.jpg,,https://c.onlyaff.app/6T131H,"ON CLOUD x LOEWE —-> 43€ 💎
Muchos Colores 🎨
(Fotos realizadas por mi) 📸"
28027,2026-03-02T20:15:58,photos/photo_26056@02-03-2026_20-15-58.jpg,,,
28028,2026-03-02T20:15:58,photos/photo_26057@02-03-2026_20-15-58.jpg,,,
28029,2026-03-02T20:24:42,photos/photo_26058@02-03-2026_20-24-42.jpg,,https://c.onlyaff.app/6T1qYN,VANS Winter —-> 33€ 💎
28030,2026-03-02T20:29:37,photos/photo_26059@02-03-2026_20-29-37.jpg,,https://c.onlyaff.app/6T1IqT,"ADIDAS Supernova —-> 34€ 💎
11 Colores 🎨"
28031,2026-03-02T20:29:37,photos/photo_26060@02-03-2026_20-29-37.jpg,,,
28032,2026-03-02T20:29:37,photos/photo_26061@02-03-2026_20-29-37.jpg,,,
28033,2026-03-02T20:29:37,photos/photo_26062@02-03-2026_20-29-37.jpg,,,
28034,2026-03-02T20:32:01,photos/photo_26063@02-03-2026_20-32-01.jpg,,https://c.onlyaff.app/6T1Yjs,VANS Super LowPro —-> 33€ 💎
28035,2026-03-02T20:32:01,photos/photo_26064@02-03-2026_20-32-01.jpg,,,
28036,2026-03-02T20:32:01,photos/photo_26065@02-03-2026_20-32-01.jpg,,,
28037,2026-03-02T20:32:01,photos/photo_26066@02-03-2026_20-32-01.jpg,,,
28038,2026-03-02T20:32:01,photos/photo_26067@02-03-2026_20-32-01.jpg,,,
28039,2026-03-02T20:32:01,photos/photo_26068@02-03-2026_20-32-01.jpg,,,
28040,2026-03-02T20:32:01,photos/photo_26069@02-03-2026_20-32-01.jpg,,,
28041,2026-03-02T20:32:01,photos/photo_26070@02-03-2026_20-32-01.jpg,,,
28042,2026-03-02T20:39:07,photos/photo_26071@02-03-2026_20-39-07.jpg,,https://c.onlyaff.app/6T2w8L,"REEBOK Club C —-> 29€ 💎
28 Colores 🎨"
28043,2026-03-02T20:39:08,photos/photo_26072@02-03-2026_20-39-08.jpg,,,
28044,2026-03-02T20:39:08,photos/photo_26073@02-03-2026_20-39-08.jpg,,,
28045,2026-03-02T20:39:08,photos/photo_26074@02-03-2026_20-39-08.jpg,,,
28046,2026-03-02T20:39:08,photos/photo_26075@02-03-2026_20-39-08.jpg,,,
28047,2026-03-02T20:39:08,photos/photo_26076@02-03-2026_20-39-08.jpg,,,
28048,2026-03-02T20:39:08,photos/photo_26077@02-03-2026_20-39-08.jpg,,,
28049,2026-03-02T20:39:08,photos/photo_26078@02-03-2026_20-39-08.jpg,,,
28050,2026-03-02T20:50:09,photos/photo_26079@02-03-2026_20-50-09.jpg,,https://c.onlyaff.app/6T3RLU,CARHARTT —-> 44€ 💎
28051,2026-03-02T20:53:37,photos/photo_26080@02-03-2026_20-53-37.jpg,,https://c.onlyaff.app/6T45mi,HEAVEN —-> 22€ 💎
28052,2026-03-02T20:55:26,photos/photo_26081@02-03-2026_20-55-26.jpg,,https://c.onlyaff.app/6T4bEL,STUSSY (bordada) —-> 21€ 💎
28053,2026-03-02T20:57:38,photos/photo_26082@02-03-2026_20-57-38.jpg,,https://c.onlyaff.app/6T69mC,"POLO RALPH LAUREN —-> 18€ 💎
Varios Colores 🎨"
28054,2026-03-02T20:58:42,photos/photo_26083@02-03-2026_20-58-42.jpg,,https://c.onlyaff.app/6T4mcX,NEW ERA —-> 6€ 💎
28055,2026-03-02T20:58:42,photos/photo_26084@02-03-2026_20-58-42.jpg,,,
28056,2026-03-02T20:58:43,photos/photo_26085@02-03-2026_20-58-43.jpg,,,
28057,2026-03-02T21:02:07,photos/photo_26086@02-03-2026_21-02-07.jpg,,https://c.onlyaff.app/GHR4R,"Gafas con IA, Audio y Cámara (estilo RayBan Meta) —-> 59€ 💎
Varias Lentes 🎨"
28058,2026-03-02T21:04:05,photos/photo_26087@02-03-2026_21-04-05.jpg,,https://c.onlyaff.app/6T4EJu,STONE ISLAND —-> 25€ 💎
28059,2026-03-02T21:05:39,photos/photo_26088@02-03-2026_21-05-39.jpg,,https://c.onlyaff.app/6T4KeM,FRED PERRY —-> 22€ 💎
28060,2026-03-02T21:07:02,photos/photo_26089@02-03-2026_21-07-02.jpg,,https://c.onlyaff.app/6T4P2K,POLO RALPH LAUREN —-> 16€ 💎
28061,2026-03-02T21:09:15,photos/photo_26090@02-03-2026_21-09-15.jpg,,https://c.onlyaff.app/6T4WCk,POLO RALPH LAUREN —-> 14€ 💎
28062,2026-03-02T21:17:57,photos/photo_26091@02-03-2026_21-17-57.jpg,,https://c.onlyaff.app/6T5mdH,UNDER ARMOUR —-> 21€ 💎
28063,2026-03-02T21:17:57,photos/photo_26092@02-03-2026_21-17-57.jpg,,,
28064,2026-03-02T21:17:58,photos/photo_26093@02-03-2026_21-17-58.jpg,,,
28065,2026-03-02T21:26:01,photos/photo_26094@02-03-2026_21-26-01.jpg,,https://c.onlyaff.app/6T5YOs,ADIDAS Spezial —-> 31€ 💎
28066,2026-03-02T21:29:32,photos/photo_26095@02-03-2026_21-29-32.jpg,,https://c.onlyaff.app/6T6eXT,"THE NORTH FACE —-> 21€ 💎
Muchos Colores 🎨"
28067,2026-03-02T21:31:15,photos/photo_26096@02-03-2026_21-31-15.jpg,,https://c.onlyaff.app/6T6gYc,"THE NORTH FACE —-> 17€ 💎
Varios Colores 🎨"
28068,2026-03-02T21:35:43,photos/photo_26097@02-03-2026_21-35-43.jpg,,https://c.onlyaff.app/6T6qhD,"AMI PARIS —-> 34€ 💎
Varios Colores 🎨"
28069,2026-03-02T22:10:45,photos/photo_26098@02-03-2026_22-10-45.jpg,,https://c.onlyaff.app/6T7Q9x,ADIDAS Sambae —-> 29€ 💎
28070,2026-03-02T22:48:37,photos/photo_26099@02-03-2026_22-48-37.jpg,,https://c.onlyaff.app/6T9tWk,ONITSUKA TIGER Sclaw —-> 29€ 💎
28071,2026-03-02T22:48:37,photos/photo_26100@02-03-2026_22-48-37.jpg,,,
28072,2026-03-02T22:48:37,photos/photo_26101@02-03-2026_22-48-37.jpg,,,
28073,2026-03-02T22:48:37,photos/photo_26102@02-03-2026_22-48-37.jpg,,,
28074,2026-03-02T22:48:37,photos/photo_26103@02-03-2026_22-48-37.jpg,,,
28076,2026-03-03T08:36:01,photos/photo_26104@03-03-2026_08-36-01.jpg,,https://c.onlyaff.app/6TeAaE,"APPLE AirPods Pro2 —-> 13€ 💎
Artículo muy recomendado ✅
(Fotos realizadas por mi) 📸"
28077,2026-03-03T08:36:01,photos/photo_26105@03-03-2026_08-36-01.jpg,,,
28078,2026-03-03T08:36:01,photos/photo_26106@03-03-2026_08-36-01.jpg,,,
28079,2026-03-03T09:06:01,photos/photo_26107@03-03-2026_09-06-01.jpg,,https://c.onlyaff.app/GIRvo,"FOX —-> 12€ 💎
26 Colores 🎨"
28080,2026-03-03T09:24:01,photos/photo_26108@03-03-2026_09-24-01.jpg,,https://c.onlyaff.app/6TeBOR,"ADIDAS Samba —-> 16€ 💎
También en Negro 🎨"
28081,2026-03-03T10:01:47,photos/photo_26109@03-03-2026_10-01-47.jpg,,https://c.onlyaff.app/6TzRj5,CAROLINA HERRERA —-> 20€ 💎
28082,2026-03-03T10:11:01,photos/photo_26110@03-03-2026_10-11-01.jpg,,https://c.onlyaff.app/6TeERD,POLO RALPH LAUREN —-> 30€ 💎
28083,2026-03-03T10:28:13,photos/photo_26111@03-03-2026_10-28-13.jpg,,https://c.onlyaff.app/6TB9CO,CAROLINA HERRERA (con caja y accesorios) —-> 39€ 💎
28084,2026-03-03T10:28:13,photos/photo_26112@03-03-2026_10-28-13.jpg,,,
28085,2026-03-03T10:28:13,photos/photo_26113@03-03-2026_10-28-13.jpg,,,
28086,2026-03-03T10:28:13,photos/photo_26114@03-03-2026_10-28-13.jpg,,,
28087,2026-03-03T10:28:13,photos/photo_26115@03-03-2026_10-28-13.jpg,,,
28088,2026-03-03T12:00:46,photos/photo_26116@03-03-2026_12-00-46.jpg,,https://c.onlyaff.app/6TFJ6k,CARHARTT (camiseta + pantalón) —-> 38€ 💎
28089,2026-03-03T12:00:46,photos/photo_26117@03-03-2026_12-00-46.jpg,,,
28090,2026-03-03T12:00:46,photos/photo_26118@03-03-2026_12-00-46.jpg,,,
28091,2026-03-03T12:00:46,photos/photo_26119@03-03-2026_12-00-46.jpg,,,
28092,2026-03-03T12:00:46,photos/photo_26120@03-03-2026_12-00-46.jpg,,,
28093,2026-03-03T12:00:46,photos/photo_26121@03-03-2026_12-00-46.jpg,,,
28094,2026-03-03T12:51:46,photos/photo_26122@03-03-2026_12-51-46.jpg,,https://c.onlyaff.app/6THZpo,"ADIDAS ""Año Nuevo Chino Denim"" —-> 47€ 💎"
28095,2026-03-03T13:17:25,photos/photo_26123@03-03-2026_13-17-25.jpg,,https://c.onlyaff.app/6TIydt,"ESSENTIALS (conjunto bordado) —-> 30€ 💎
Varios Colores 🎨"
28096,2026-03-03T13:28:21,photos/photo_26124@03-03-2026_13-28-21.jpg,,https://c.onlyaff.app/6TIZTA,CORTEIZ —-> 14€ 💎
28097,2026-03-03T13:28:21,photos/photo_26125@03-03-2026_13-28-21.jpg,,,
28098,2026-03-03T13:28:21,photos/photo_26126@03-03-2026_13-28-21.jpg,,,
28099,2026-03-03T13:35:54,photos/photo_26127@03-03-2026_13-35-54.jpg,,https://c.onlyaff.app/6TJfM7,"AMIRI —-> 17€ 💎
30 Modelos 🎨"
28100,2026-03-03T13:35:54,photos/photo_26128@03-03-2026_13-35-54.jpg,,,
28101,2026-03-03T13:35:54,photos/photo_26129@03-03-2026_13-35-54.jpg,,,
28102,2026-03-03T13:44:30,photos/photo_26130@03-03-2026_13-44-30.jpg,,https://c.onlyaff.app/6TJyN6,"CONVERSE ""Ediciones Limitadas"" —-> 29€ 💎"
28103,2026-03-03T13:44:30,photos/photo_26131@03-03-2026_13-44-30.jpg,,,
28104,2026-03-03T13:44:30,photos/photo_26132@03-03-2026_13-44-30.jpg,,,
28105,2026-03-03T13:44:30,photos/photo_26133@03-03-2026_13-44-30.jpg,,,
28106,2026-03-03T13:44:30,photos/photo_26134@03-03-2026_13-44-30.jpg,,,
28107,2026-03-03T13:44:30,photos/photo_26135@03-03-2026_13-44-30.jpg,,,
28108,2026-03-03T13:44:31,photos/photo_26136@03-03-2026_13-44-31.jpg,,,
28109,2026-03-03T15:35:24,photos/photo_26137@03-03-2026_15-35-24.jpg,,https://c.onlyaff.app/6TOwEV,ALO —-> 22€ 💎
28110,2026-03-03T15:47:41,photos/photo_26138@03-03-2026_15-47-41.jpg,,https://c.onlyaff.app/6TP6jk,"LORO PIANA —-> 43€ 💎
Muchos Colores 🎨
Nuevo Enlace 🔗"
28111,2026-03-03T15:47:41,photos/photo_26139@03-03-2026_15-47-41.jpg,,,
28112,2026-03-03T15:47:41,photos/photo_26140@03-03-2026_15-47-41.jpg,,,
28113,2026-03-03T16:52:11,photos/photo_26141@03-03-2026_16-52-11.jpg,,https://c.onlyaff.app/6TR0LZ,"THE NORTH FACE (cortavientos) —-> 43€ 💎
Varios Colores 🎨"
28114,2026-03-03T16:56:52,photos/photo_26142@03-03-2026_16-56-52.jpg,,https://c.onlyaff.app/6TR9Bq,"ADIDAS —-> 31€ 💎
También en Negro 🎨"
28115,2026-03-03T16:56:52,photos/photo_26143@03-03-2026_16-56-52.jpg,,,
28116,2026-03-03T16:56:52,photos/photo_26144@03-03-2026_16-56-52.jpg,,,
28117,2026-03-03T17:00:25,photos/photo_26145@03-03-2026_17-00-25.jpg,,https://c.onlyaff.app/6TRkni,POLO RALPH LAUREN —-> 14€ 💎
28118,2026-03-03T17:43:51,photos/photo_26146@03-03-2026_17-43-51.jpg,,https://c.onlyaff.app/6TT3mF,CARHARTT (bordado) —-> 17€ 💎
28119,2026-03-03T17:45:31,photos/photo_26147@03-03-2026_17-45-31.jpg,,https://c.onlyaff.app/6TTbyB,ADIDAS Forum x El Grinch —-> 26€ 💎
28120,2026-03-03T17:45:31,photos/photo_26148@03-03-2026_17-45-31.jpg,,,
28121,2026-03-03T17:45:31,photos/photo_26149@03-03-2026_17-45-31.jpg,,,
28122,2026-03-03T17:45:31,photos/photo_26150@03-03-2026_17-45-31.jpg,,,
28123,2026-03-03T17:45:31,photos/photo_26151@03-03-2026_17-45-31.jpg,,,
28124,2026-03-03T18:51:54,photos/photo_26152@03-03-2026_18-51-54.jpg,,https://c.onlyaff.app/6TWDxi,"VANS —-> 20€ 💎
Varios Colores 🎨"
28125,2026-03-03T19:25:51,photos/photo_26153@03-03-2026_19-25-51.jpg,,https://c.onlyaff.app/6U6dY4,UGG —-> 26€ 💎
28126,2026-03-03T19:25:51,photos/photo_26154@03-03-2026_19-25-51.jpg,,,
28127,2026-03-03T19:25:51,photos/photo_26155@03-03-2026_19-25-51.jpg,,,
28128,2026-03-03T19:25:51,photos/photo_26156@03-03-2026_19-25-51.jpg,,,
28129,2026-03-03T19:31:02,photos/photo_26157@03-03-2026_19-31-02.jpg,,https://c.onlyaff.app/6U7FEt,"CARHARTT (polo + camiseta) —-> 38€ 💎
Muchos Colores 🎨"
28130,2026-03-03T19:35:01,photos/photo_26158@03-03-2026_19-35-01.jpg,,https://c.onlyaff.app/6U7FEt,ADIDAS España 26/27 —-> 24€ 💎
28131,2026-03-03T19:39:42,photos/photo_26159@03-03-2026_19-39-42.jpg,,https://c.onlyaff.app/6UbH25,CARHARTT —-> 29€ 💎
28132,2026-03-03T19:49:54,photos/photo_26160@03-03-2026_19-49-54.jpg,,https://c.onlyaff.app/6UgAZU,"MIU MIU (3 artículos) —-> 25€ 💎
Varios Colores 🎨"
28133,2026-03-03T19:53:48,photos/photo_26161@03-03-2026_19-53-48.jpg,,https://c.onlyaff.app/6Uj7FI,ALO —-> 16€ 💎
28134,2026-03-03T20:02:50,photos/photo_26162@03-03-2026_20-02-50.jpg,,https://c.onlyaff.app/6UjN0O,ADIDAS Samba —-> 21€ 💎
28135,2026-03-03T20:02:50,photos/photo_26163@03-03-2026_20-02-50.jpg,,,
28136,2026-03-03T20:02:50,photos/photo_26164@03-03-2026_20-02-50.jpg,,,
28137,2026-03-03T20:22:41,photos/photo_26165@03-03-2026_20-22-41.jpg,,https://c.onlyaff.app/6UkLRu,"NIKE Initiator —-> 28€ 💎
18 Colores 🎨
(YepExpress)"
28138,2026-03-03T20:22:41,photos/photo_26166@03-03-2026_20-22-41.jpg,,,
28139,2026-03-03T20:22:41,photos/photo_26167@03-03-2026_20-22-41.jpg,,,
28140,2026-03-03T20:22:41,photos/photo_26168@03-03-2026_20-22-41.jpg,,,
28141,2026-03-03T20:22:41,photos/photo_26169@03-03-2026_20-22-41.jpg,,,
28142,2026-03-03T20:22:41,photos/photo_26170@03-03-2026_20-22-41.jpg,,,
28143,2026-03-03T20:22:41,photos/photo_26171@03-03-2026_20-22-41.jpg,,,
28144,2026-03-03T20:22:41,photos/photo_26172@03-03-2026_20-22-41.jpg,,,
28145,2026-03-03T20:22:41,photos/photo_26173@03-03-2026_20-22-41.jpg,,,
28146,2026-03-03T20:22:41,photos/photo_26174@03-03-2026_20-22-41.jpg,,,
28147,2026-03-03T20:37:08,photos/photo_26175@03-03-2026_20-37-08.jpg,,https://c.onlyaff.app/6UlYhd,CARHARTT —-> 8€ 💎
28148,2026-03-03T20:49:45,photos/photo_26176@03-03-2026_20-49-45.jpg,,https://c.onlyaff.app/GPSg9,ADIDAS Gazelle Indoor —-> 25€ 💎
28149,2026-03-03T20:49:45,photos/photo_26177@03-03-2026_20-49-45.jpg,,,
28150,2026-03-03T20:49:45,photos/photo_26178@03-03-2026_20-49-45.jpg,,,
28151,2026-03-03T20:49:45,photos/photo_26179@03-03-2026_20-49-45.jpg,,,
28152,2026-03-03T20:49:45,photos/photo_26180@03-03-2026_20-49-45.jpg,,,
28153,2026-03-03T20:49:45,photos/photo_26181@03-03-2026_20-49-45.jpg,,,
28154,2026-03-03T20:49:45,photos/photo_26182@03-03-2026_20-49-45.jpg,,,
28155,2026-03-03T20:49:45,photos/photo_26183@03-03-2026_20-49-45.jpg,,,
28156,2026-03-03T20:49:45,photos/photo_26184@03-03-2026_20-49-45.jpg,,,
28157,2026-03-03T20:49:45,photos/photo_26185@03-03-2026_20-49-45.jpg,,,
28158,2026-03-03T20:55:33,photos/photo_26186@03-03-2026_20-55-33.jpg,,https://c.onlyaff.app/6Unwmq,STARTER —-> 24€ 💎
28159,2026-03-03T20:55:33,photos/photo_26187@03-03-2026_20-55-33.jpg,,,
28160,2026-03-03T20:55:34,photos/photo_26188@03-03-2026_20-55-34.jpg,,,
28161,2026-03-03T20:55:34,photos/photo_26189@03-03-2026_20-55-34.jpg,,,
28162,2026-03-03T20:55:34,photos/photo_26190@03-03-2026_20-55-34.jpg,,,
28163,2026-03-03T20:55:34,photos/photo_26191@03-03-2026_20-55-34.jpg,,,
28164,2026-03-03T20:55:34,photos/photo_26192@03-03-2026_20-55-34.jpg,,,
28165,2026-03-03T21:27:30,photos/photo_26193@03-03-2026_21-27-30.jpg,,https://c.onlyaff.app/GQ8Bl,MONCLER —-> 14€ 💎
28166,2026-03-03T21:34:35,photos/photo_26194@03-03-2026_21-34-35.jpg,,https://c.onlyaff.app/6UpDYw,ADIDAS Samba x WALES BONNER —-> 21€ 💎
28167,2026-03-03T21:34:36,photos/photo_26195@03-03-2026_21-34-36.jpg,,,
28168,2026-03-03T21:34:36,photos/photo_26196@03-03-2026_21-34-36.jpg,,,
28169,2026-03-03T21:34:36,photos/photo_26197@03-03-2026_21-34-36.jpg,,,
28170,2026-03-03T21:34:36,photos/photo_26198@03-03-2026_21-34-36.jpg,,,
28171,2026-03-03T22:39:43,photos/photo_26199@03-03-2026_22-39-43.jpg,,https://c.onlyaff.app/6Ushdz,"ASICS Gel Kayano 14 —-> 26€ 💎
14 Colores 🎨"
28172,2026-03-03T23:10:09,photos/photo_26200@03-03-2026_23-10-09.jpg,,,"🚨🔥 PROMO BRUTAL SOLO ESTA SEMANA EN HACOO🔥🚨

Durante esta semana, todas las personas que hagan su pedido a través de nuestros links van a conseguir algo increíble 👇

💥 ¡90% DE DESCUENTO en el producto MÁS CARO de tu pedido!
(Sí, has leído bien 😳).

👉 Si haces un pedido con varios productos, el artículo de mayor precio te saldrá prácticamente regalado.

Y eso no es todo… 👀

🎁 Si además utilizas nuestro código de descuento, obtendrás un 14% EXTRA adicional sobre el resto de tu compra. (Os dejamos los códigos de descuento al final de este post)

⚠️ Si no accedes directamente desde nuestros links, la promoción NO se activa.

🎁 Códigos: 𝗛𝗔𝗖𝗢𝗢𝗘𝗦𝗣𝟭𝟰 , 𝗦𝗨𝗣𝗘𝗥𝟭𝟰"
28173,2026-03-04T08:36:01,photos/photo_26201@04-03-2026_08-36-01.jpg,,https://c.onlyaff.app/6Usz2O,"BAPE Sta —-> 31€ 💎
23 Colores 🎨"
28174,2026-03-04T09:10:08,photos/photo_26202@04-03-2026_09-10-08.jpg,,https://c.onlyaff.app/6UsJvK,SP5DER —-> 29€ 💎
28175,2026-03-04T09:24:01,photos/photo_26203@04-03-2026_09-24-01.jpg,,https://c.onlyaff.app/6UsZ0u,POLO RALPH LAUREN —-> 30€ 💎
28176,2026-03-04T09:24:01,photos/photo_26204@04-03-2026_09-24-01.jpg,,,
28177,2026-03-04T09:24:01,photos/photo_26205@04-03-2026_09-24-01.jpg,,,
28178,2026-03-04T12:17:38,photos/photo_26206@04-03-2026_12-17-38.jpg,,https://c.onlyaff.app/6UYwcq,"BIRKENSTOCK (goma) —-> 14€ 💎
Muchos Colores 🎨"
28179,2026-03-04T12:17:38,photos/photo_26207@04-03-2026_12-17-38.jpg,,,
28180,2026-03-04T12:17:38,photos/photo_26208@04-03-2026_12-17-38.jpg,,,
28181,2026-03-04T12:55:52,photos/photo_26209@04-03-2026_12-55-52.jpg,,https://c.onlyaff.app/6UZSUa,CORTEIZ —-> 24€ 💎
28182,2026-03-04T13:30:02,photos/photo_26210@04-03-2026_13-30-02.jpg,,https://c.onlyaff.app/GTTek,"Cafetera Portátil (con molinillo) —-> 90€ 💎
Acepta 2 tipos de cápsulas y café en grano ✅
🚨 Ideal para usar nuestra promoción del 90% ☺️"
28183,2026-03-04T14:00:20,photos/photo_26211@04-03-2026_14-00-20.jpg,,https://c.onlyaff.app/6V2Otr,CAROLINA HERRERA —-> 38€ 💎
28184,2026-03-04T14:00:20,photos/photo_26212@04-03-2026_14-00-20.jpg,,,
28185,2026-03-04T14:00:20,photos/photo_26213@04-03-2026_14-00-20.jpg,,,
28186,2026-03-04T14:00:20,photos/photo_26214@04-03-2026_14-00-20.jpg,,,
28187,2026-03-04T16:08:31,photos/photo_26215@04-03-2026_16-08-31.jpg,,https://c.onlyaff.app/6V8YlH,"SUPREME (pack de 3) —-> 12€ 💎
Muchos Colores 🎨"
28188,2026-03-04T17:00:06,photos/photo_26216@04-03-2026_17-00-06.jpg,,https://c.onlyaff.app/6Val8R,GOLDEN GOOSE —-> 29€ 💎
28189,2026-03-04T17:00:06,photos/photo_26217@04-03-2026_17-00-06.jpg,,,
28190,2026-03-04T17:00:06,photos/photo_26218@04-03-2026_17-00-06.jpg,,,
28191,2026-03-04T17:00:06,photos/photo_26219@04-03-2026_17-00-06.jpg,,,
28192,2026-03-04T17:00:06,photos/photo_26220@04-03-2026_17-00-06.jpg,,,
28193,2026-03-04T17:00:06,photos/photo_26221@04-03-2026_17-00-06.jpg,,,
28194,2026-03-04T18:31:12,photos/photo_26222@04-03-2026_18-31-12.jpg,,https://c.onlyaff.app/6VebLM,"ADIDAS —-> 32€ 💎
Varios Colores 🎨"
28195,2026-03-04T18:49:25,photos/photo_26223@04-03-2026_18-49-25.jpg,,https://c.onlyaff.app/6Vf8KZ,CORTEIZ —-> 35€ 💎
28196,2026-03-04T18:54:00,photos/photo_26224@04-03-2026_18-54-00.jpg,,https://c.onlyaff.app/6VfmqM,"LORO PIANA —-> 35€ 💎
2 Tamaños 🆙"
28197,2026-03-04T19:08:02,photos/photo_26225@04-03-2026_19-08-02.jpg,,https://c.onlyaff.app/6Vj6IW,PALM ANGELS —-> 19€ 💎
28198,2026-03-04T19:08:02,photos/photo_26226@04-03-2026_19-08-02.jpg,,,
28199,2026-03-04T19:08:02,photos/photo_26227@04-03-2026_19-08-02.jpg,,,
28200,2026-03-04T19:50:27,photos/photo_26228@04-03-2026_19-50-27.jpg,,https://c.onlyaff.app/6VyfGv,"ADIDAS ""Año Nuevo Chino"" —-> 43€ 💎
Nuevo enlace 🔗 
🚨 Se agotan muy rápido 💨"
28201,2026-03-04T20:28:07,photos/photo_26229@04-03-2026_20-28-07.jpg,,https://c.onlyaff.app/6VzQf7,"ADIDAS —-> 29€ 💎
Varios Colores 🎨"
28202,2026-03-04T20:29:58,photos/photo_26230@04-03-2026_20-29-58.jpg,,https://c.onlyaff.app/6VzVTK,CARHARTT Denim —-> 10€ 💎
28203,2026-03-04T20:30:45,photos/photo_26231@04-03-2026_20-30-45.jpg,,https://c.onlyaff.app/6VzYST,ALO —-> 5€ 💎
28204,2026-03-04T20:34:54,photos/photo_26232@04-03-2026_20-34-54.jpg,,https://c.onlyaff.app/6VAcKM,"ASICS Gel NYC —-> 25€ 💎
15 Colores 🎨"
28205,2026-03-04T21:00:24,photos/photo_26233@04-03-2026_21-00-24.jpg,,https://c.onlyaff.app/6VBMOA,POLO RALPH LAUREN —-> 8€ 💎
28206,2026-03-04T21:00:24,photos/photo_26234@04-03-2026_21-00-24.jpg,,,
28207,2026-03-04T21:00:25,photos/photo_26235@04-03-2026_21-00-25.jpg,,,
28208,2026-03-04T21:18:02,photos/photo_26236@04-03-2026_21-18-02.jpg,,https://c.onlyaff.app/6VCShv,CARHARTT —-> 9€ 💎
28209,2026-03-04T21:19:10,photos/photo_26237@04-03-2026_21-19-10.jpg,,https://c.onlyaff.app/6VCVGq,"DSQUARED2 —-> 18€ 💎
Muchos Colores 🎨"
28210,2026-03-04T21:41:07,photos/photo_26238@04-03-2026_21-41-07.jpg,,https://c.onlyaff.app/4insN,ON CLOUD Tilt —-> 28€ 💎
28211,2026-03-04T21:41:07,photos/photo_26239@04-03-2026_21-41-07.jpg,,,
28212,2026-03-04T21:41:07,photos/photo_26240@04-03-2026_21-41-07.jpg,,,
28213,2026-03-04T21:41:07,photos/photo_26241@04-03-2026_21-41-07.jpg,,,
28214,2026-03-04T21:41:07,photos/photo_26242@04-03-2026_21-41-07.jpg,,,
28215,2026-03-04T21:41:07,photos/photo_26243@04-03-2026_21-41-07.jpg,,,
28216,2026-03-04T21:41:07,photos/photo_26244@04-03-2026_21-41-07.jpg,,,
28217,2026-03-04T21:41:07,photos/photo_26245@04-03-2026_21-41-07.jpg,,,
28218,2026-03-04T21:41:07,photos/photo_26246@04-03-2026_21-41-07.jpg,,,
28219,2026-03-04T21:41:07,photos/photo_26247@04-03-2026_21-41-07.jpg,,,
28220,2026-03-04T21:43:29,photos/photo_26248@04-03-2026_21-43-29.jpg,,https://c.onlyaff.app/6VE0e2,CARHARTT —-> 24€ 💎
28223,2026-03-04T23:04:48,photos/photo_26249@04-03-2026_23-04-48.jpg,,https://c.onlyaff.app/6VFZY2,"ADIDAS —-> 11€ 💎
Varios Colores 🎨"
28225,2026-03-05T08:32:01,photos/photo_26250@05-03-2026_08-32-01.jpg,,https://c.onlyaff.app/6VK2Qm,CARHARTT —-> 27€ 💎
28226,2026-03-05T08:36:01,photos/photo_26251@05-03-2026_08-36-01.jpg,,https://c.onlyaff.app/6VK5ra,VANS SK8 —-> 30€ 💎
28227,2026-03-05T08:36:01,photos/photo_26252@05-03-2026_08-36-01.jpg,,,
28228,2026-03-05T08:36:01,photos/photo_26253@05-03-2026_08-36-01.jpg,,,
28229,2026-03-05T09:14:01,photos/photo_26254@05-03-2026_09-14-01.jpg,,https://c.onlyaff.app/GYpS0,ADIDAS Gazelle x BAD BUNNY —-> 27€ 💎
28230,2026-03-05T09:14:01,photos/photo_26255@05-03-2026_09-14-01.jpg,,,
28231,2026-03-05T09:14:01,photos/photo_26256@05-03-2026_09-14-01.jpg,,,
28232,2026-03-05T09:14:01,photos/photo_26257@05-03-2026_09-14-01.jpg,,,
28233,2026-03-05T09:14:01,photos/photo_26258@05-03-2026_09-14-01.jpg,,,
28234,2026-03-05T09:14:01,photos/photo_26259@05-03-2026_09-14-01.jpg,,,
28235,2026-03-05T09:14:01,photos/photo_26260@05-03-2026_09-14-01.jpg,,,
28236,2026-03-05T09:14:01,photos/photo_26261@05-03-2026_09-14-01.jpg,,,
28237,2026-03-05T10:33:15,photos/photo_26262@05-03-2026_10-33-15.jpg,,https://c.onlyaff.app/6W7kDM,ASICS GT 2160 —-> 37€ 💎
28238,2026-03-05T10:33:15,photos/photo_26263@05-03-2026_10-33-15.jpg,,,
28239,2026-03-05T10:33:15,photos/photo_26264@05-03-2026_10-33-15.jpg,,,
28240,2026-03-05T10:33:15,photos/photo_26265@05-03-2026_10-33-15.jpg,,,
28241,2026-03-05T10:33:15,photos/photo_26266@05-03-2026_10-33-15.jpg,,,
28242,2026-03-05T10:33:15,photos/photo_26267@05-03-2026_10-33-15.jpg,,,
28243,2026-03-05T10:33:15,photos/photo_26268@05-03-2026_10-33-15.jpg,,,
28244,2026-03-05T10:33:15,photos/photo_26269@05-03-2026_10-33-15.jpg,,,
28245,2026-03-05T12:00:02,photos/photo_26270@05-03-2026_12-00-02.jpg,,https://c.onlyaff.app/6Wbipl,ADIDAS Zipper —-> 39€ 💎
28246,2026-03-05T13:11:52,photos/photo_26271@05-03-2026_13-11-52.jpg,,https://c.onlyaff.app/H1s3Z,"NIKE React X —-> 9€ 💎
(YepExpress)"
28247,2026-03-05T13:11:52,photos/photo_26272@05-03-2026_13-11-52.jpg,,,
28248,2026-03-05T13:11:52,photos/photo_26273@05-03-2026_13-11-52.jpg,,,
28249,2026-03-05T13:21:32,photos/photo_26274@05-03-2026_13-21-32.jpg,,https://c.onlyaff.app/6WeWEL,MONCLER —-> 7€ 💎
28250,2026-03-05T13:24:19,photos/photo_26275@05-03-2026_13-24-19.jpg,,https://c.onlyaff.app/6Wf6Yf,"UNDER ARMOUR —-> 10€ 💎
Muchos Colores 🎨"
28251,2026-03-05T13:40:17,photos/photo_26276@05-03-2026_13-40-17.jpg,,https://c.onlyaff.app/6WfAt2,HOKA Bondi 8 —-> 31€ 💎
28252,2026-03-05T13:40:17,photos/photo_26277@05-03-2026_13-40-17.jpg,,,
28253,2026-03-05T13:40:18,photos/photo_26278@05-03-2026_13-40-18.jpg,,,
28254,2026-03-05T13:40:18,photos/photo_26279@05-03-2026_13-40-18.jpg,,,
28255,2026-03-05T13:40:18,photos/photo_26280@05-03-2026_13-40-18.jpg,,,
28256,2026-03-05T13:40:18,photos/photo_26281@05-03-2026_13-40-18.jpg,,,
28257,2026-03-05T13:40:18,photos/photo_26282@05-03-2026_13-40-18.jpg,,,
28258,2026-03-05T13:40:18,photos/photo_26283@05-03-2026_13-40-18.jpg,,,
28259,2026-03-05T13:40:18,photos/photo_26284@05-03-2026_13-40-18.jpg,,,
28260,2026-03-05T13:49:31,photos/photo_26285@05-03-2026_13-49-31.jpg,,https://c.onlyaff.app/H1ASm,"NIKE Mind 001 —-> 30€ 💎
🚨 Se agotarán MUY rápido 💨
(YepExpress)"
28261,2026-03-05T13:49:31,photos/photo_26286@05-03-2026_13-49-31.jpg,,,
28262,2026-03-05T13:49:32,photos/photo_26287@05-03-2026_13-49-32.jpg,,,
28263,2026-03-05T14:05:42,photos/photo_26288@05-03-2026_14-05-42.jpg,,https://c.onlyaff.app/6WgCea,"HINTER (mochila) —-> 22€ 💎
Muchos Colores 🎨"
28264,2026-03-05T14:19:44,photos/photo_26289@05-03-2026_14-19-44.jpg,,https://c.onlyaff.app/6WhpUI,"CARHARTT —-> 10€ 💎
Varios Colores 🎨"
28265,2026-03-05T15:29:55,photos/photo_26290@05-03-2026_15-29-55.jpg,,https://c.onlyaff.app/H23OU,GOLDEN GOOSE Marathon —-> 37€ 💎
28266,2026-03-05T15:29:55,photos/photo_26291@05-03-2026_15-29-55.jpg,,,
28267,2026-03-05T15:29:56,photos/photo_26292@05-03-2026_15-29-56.jpg,,,
28268,2026-03-05T15:29:56,photos/photo_26293@05-03-2026_15-29-56.jpg,,,
28269,2026-03-05T15:29:56,photos/photo_26294@05-03-2026_15-29-56.jpg,,,
28270,2026-03-05T15:33:15,photos/photo_26295@05-03-2026_15-33-15.jpg,,https://c.onlyaff.app/6WkLK3,"AMIRI Classic Low —-> 34€ 💎
13 Colores 🎨"
28271,2026-03-05T15:39:48,photos/photo_26296@05-03-2026_15-39-48.jpg,,https://c.onlyaff.app/6WkT5D,ADIDAS Campus —-> 20€ 💎
28272,2026-03-05T15:39:49,photos/photo_26297@05-03-2026_15-39-49.jpg,,,
28273,2026-03-05T15:39:49,photos/photo_26298@05-03-2026_15-39-49.jpg,,,
28274,2026-03-05T15:39:49,photos/photo_26299@05-03-2026_15-39-49.jpg,,,
28275,2026-03-05T15:39:49,photos/photo_26300@05-03-2026_15-39-49.jpg,,,
28276,2026-03-05T16:04:27,photos/photo_26301@05-03-2026_16-04-27.jpg,,https://c.onlyaff.app/6Wm2FE,"GUESS —-> 25€ 💎
Varios Colores 🎨"
28277,2026-03-05T16:18:48,photos/photo_26302@05-03-2026_16-18-48.jpg,,https://c.onlyaff.app/6WmDyt,"GANT —-> 18€ 💎
Varios Colores 🎨"
28278,2026-03-05T16:23:49,photos/photo_26303@05-03-2026_16-23-49.jpg,,https://c.onlyaff.app/6WmNIp,ADIDAS Samba LT x WALES BONNER —-> 26€ 💎
28279,2026-03-05T16:23:49,photos/photo_26304@05-03-2026_16-23-49.jpg,,,
28280,2026-03-05T16:23:49,photos/photo_26305@05-03-2026_16-23-49.jpg,,,
28281,2026-03-05T16:25:34,photos/photo_26306@05-03-2026_16-25-34.jpg,,https://c.onlyaff.app/6WmPWh,"ADIDAS Gazelle ""Olympic Pack"" —-> 22€ 💎"
28282,2026-03-05T16:25:34,photos/photo_26307@05-03-2026_16-25-34.jpg,,,
28283,2026-03-05T16:25:34,photos/photo_26308@05-03-2026_16-25-34.jpg,,,
28284,2026-03-05T16:26:56,photos/photo_26309@05-03-2026_16-26-56.jpg,,https://c.onlyaff.app/6WmRUL,"CARHARTT (conjunto bordado) —-> 22€ 💎
Muchos Colores 🎨"
28285,2026-03-05T17:09:41,photos/photo_26310@05-03-2026_17-09-41.jpg,,https://c.onlyaff.app/6WozxB,"NIKE Air Max 1 x SUPREME —-> 30€ 💎
🚨 Se agotan muy rápido 💨"
28286,2026-03-05T17:09:41,photos/photo_26311@05-03-2026_17-09-41.jpg,,,
28287,2026-03-05T17:09:41,photos/photo_26312@05-03-2026_17-09-41.jpg,,,
28288,2026-03-05T17:09:41,photos/photo_26313@05-03-2026_17-09-41.jpg,,,
28289,2026-03-05T17:09:41,photos/photo_26314@05-03-2026_17-09-41.jpg,,,
28290,2026-03-05T17:09:41,photos/photo_26315@05-03-2026_17-09-41.jpg,,,
28291,2026-03-05T17:09:41,photos/photo_26316@05-03-2026_17-09-41.jpg,,,
28292,2026-03-05T17:09:41,photos/photo_26317@05-03-2026_17-09-41.jpg,,,
28293,2026-03-05T17:48:01,photos/photo_26318@05-03-2026_17-48-01.jpg,,https://c.onlyaff.app/6Ws0O7,"HUMMEL Betis 25/26 —-> 16€ 💎
Muchos Dorsales 🔟"
28294,2026-03-05T18:59:17,photos/photo_26319@05-03-2026_18-59-17.jpg,,https://c.onlyaff.app/H34pz,"APPLE (cargador + cable) —-> 6€ 💎
Carga Rápida 🔋"
28295,2026-03-05T19:01:10,photos/photo_26320@05-03-2026_19-01-10.jpg,,https://c.onlyaff.app/6Wv80o,STUSSY —-> 28€ 💎
28296,2026-03-05T19:01:10,photos/photo_26321@05-03-2026_19-01-10.jpg,,,
28297,2026-03-05T19:01:10,photos/photo_26322@05-03-2026_19-01-10.jpg,,,
28298,2026-03-05T19:02:47,photos/photo_26323@05-03-2026_19-02-47.jpg,,https://c.onlyaff.app/6WvHek,"POLO RALPH LAUREN —-> 8€ 💎
Varios Colores 🎨"
28299,2026-03-05T19:05:01,photos/photo_26324@05-03-2026_19-05-01.jpg,,https://c.onlyaff.app/H3hgV,"ADIDAS Forum x Los Simpson —-> 27€ 💎
Varios Modelos 🎨"
28300,2026-03-05T19:06:09,photos/photo_26325@05-03-2026_19-06-09.jpg,,https://c.onlyaff.app/6Wx9QN,"APPLE Funda MagSafe —-> 7€ 💎
Para todos los IPhone 17 📱
Muy recomendadas ✅
(Fotos realizadas por mi) 📸"
28301,2026-03-05T19:06:09,photos/photo_26326@05-03-2026_19-06-09.jpg,,,
28302,2026-03-05T19:06:09,photos/photo_26327@05-03-2026_19-06-09.jpg,,,
28303,2026-03-05T20:18:19,photos/photo_26328@05-03-2026_20-18-19.jpg,,https://c.onlyaff.app/H595y,"MONCLER TrailGrip Lite2 —-> 79€ 💎
También en Negro 🎨
🚨 Ideal para aprovechar la promo del 90% 🎁"
28304,2026-03-05T20:19:44,photos/photo_26329@05-03-2026_20-19-44.jpg,,https://c.onlyaff.app/6WPxcN,CARHARTT —-> 24€ 💎
28305,2026-03-05T20:21:07,photos/photo_26330@05-03-2026_20-21-07.jpg,,https://c.onlyaff.app/6WPyvS,"POLO RALPH LAUREN —-> 36€ 💎
Muchos Colores 🎨"
28306,2026-03-05T20:24:10,photos/photo_26331@05-03-2026_20-24-10.jpg,,https://c.onlyaff.app/H5a3G,PATAGONIA —-> 28€ 💎
28307,2026-03-05T20:25:56,photos/photo_26332@05-03-2026_20-25-56.jpg,,https://c.onlyaff.app/6WPFH0,POLO RALPH LAUREN —-> 35€ 💎
28308,2026-03-05T20:25:56,photos/photo_26333@05-03-2026_20-25-56.jpg,,,
28309,2026-03-05T20:25:56,photos/photo_26334@05-03-2026_20-25-56.jpg,,,
28310,2026-03-05T20:27:55,photos/photo_26335@05-03-2026_20-27-55.jpg,,https://c.onlyaff.app/6WPJb3,ADIDAS —-> 9€ 💎
28311,2026-03-05T20:29:03,photos/photo_26336@05-03-2026_20-29-03.jpg,,https://c.onlyaff.app/6WPMKJ,ADIDAS —-> 16€ 💎
28312,2026-03-05T20:30:09,photos/photo_26337@05-03-2026_20-30-09.jpg,,https://c.onlyaff.app/6WPPu7,ADIDAS —-> 14€ 💎
28313,2026-03-05T20:32:10,photos/photo_26338@05-03-2026_20-32-10.jpg,,https://c.onlyaff.app/6WPV8l,ADIDAS (chándal completo) —-> 41€ 💎
28314,2026-03-05T20:34:10,photos/photo_26339@05-03-2026_20-34-10.jpg,,https://c.onlyaff.app/6WQ3Ft,AMI PARIS —-> 27€ 💎
28315,2026-03-05T20:34:10,photos/photo_26340@05-03-2026_20-34-10.jpg,,,
28316,2026-03-05T20:34:10,photos/photo_26341@05-03-2026_20-34-10.jpg,,,
28317,2026-03-05T20:41:49,photos/photo_26342@05-03-2026_20-41-49.jpg,,https://c.onlyaff.app/6WQBOe,NIKE Air x STUSSY (reversible) —-> 45€ 💎
28318,2026-03-05T20:41:49,photos/photo_26343@05-03-2026_20-41-49.jpg,,,
28319,2026-03-05T20:41:49,photos/photo_26344@05-03-2026_20-41-49.jpg,,,
28320,2026-03-05T20:44:54,photos/photo_26345@05-03-2026_20-44-54.jpg,,https://c.onlyaff.app/6WQNS6,TRAPSTAR —-> 22€ 💎
28321,2026-03-05T20:46:45,photos/photo_26346@05-03-2026_20-46-45.jpg,,https://c.onlyaff.app/6WQWgN,ADIDAS (pack 3) —-> 5€ 💎
28322,2026-03-05T20:50:04,photos/photo_26347@05-03-2026_20-50-04.jpg,,https://c.onlyaff.app/6WR2Z5,RAYBAN —-> 7€ 💎
28323,2026-03-05T20:50:04,photos/photo_26348@05-03-2026_20-50-04.jpg,,,
28324,2026-03-05T20:54:39,photos/photo_26349@05-03-2026_20-54-39.jpg,,https://c.onlyaff.app/6WRhC5,"MIU MIU —-> 7€ 💎
Muchos Colores 🎨"
28325,2026-03-05T20:55:50,photos/photo_26350@05-03-2026_20-55-50.jpg,,https://c.onlyaff.app/6WRkAd,ADIDAS (5 pares) —-> 5€ 💎
28326,2026-03-05T21:00:12,photos/photo_26351@05-03-2026_21-00-12.jpg,,https://c.onlyaff.app/6WRq5D,"ADIDAS Samba ""Crochet Pink"" —-> 27€ 💎"
28327,2026-03-05T21:04:20,photos/photo_26352@05-03-2026_21-04-20.jpg,,https://c.onlyaff.app/6WRA9N,ONITSUKA TIGER Moage —-> 36€ 💎
28328,2026-03-05T21:04:21,photos/photo_26353@05-03-2026_21-04-21.jpg,,,
28329,2026-03-05T21:04:21,photos/photo_26354@05-03-2026_21-04-21.jpg,,,
28330,2026-03-05T21:04:21,photos/photo_26355@05-03-2026_21-04-21.jpg,,,
28331,2026-03-05T21:04:21,photos/photo_26356@05-03-2026_21-04-21.jpg,,,
28332,2026-03-05T21:04:21,photos/photo_26357@05-03-2026_21-04-21.jpg,,,
28333,2026-03-05T21:04:21,photos/photo_26358@05-03-2026_21-04-21.jpg,,,
28334,2026-03-05T21:04:21,photos/photo_26359@05-03-2026_21-04-21.jpg,,,
28335,2026-03-05T21:11:36,photos/photo_26360@05-03-2026_21-11-36.jpg,,https://c.onlyaff.app/6WRPIv,"GUESS —-> 34€ 💎
Muchos Colores 🎨"
28336,2026-03-05T21:11:36,photos/photo_26361@05-03-2026_21-11-36.jpg,,,
28337,2026-03-05T21:11:36,photos/photo_26362@05-03-2026_21-11-36.jpg,,,
28338,2026-03-05T21:11:36,photos/photo_26363@05-03-2026_21-11-36.jpg,,,
28339,2026-03-05T21:21:47,photos/photo_26364@05-03-2026_21-21-47.jpg,,https://c.onlyaff.app/6WS62E,ASICS Gel Kayano 12.1 —-> 29€ 💎
28340,2026-03-05T21:21:47,photos/photo_26365@05-03-2026_21-21-47.jpg,,,
28341,2026-03-05T21:21:47,photos/photo_26366@05-03-2026_21-21-47.jpg,,,
28342,2026-03-05T21:21:47,photos/photo_26367@05-03-2026_21-21-47.jpg,,,
28343,2026-03-05T21:21:47,photos/photo_26368@05-03-2026_21-21-47.jpg,,,
28344,2026-03-05T21:21:47,photos/photo_26369@05-03-2026_21-21-47.jpg,,,
28345,2026-03-05T21:21:47,photos/photo_26370@05-03-2026_21-21-47.jpg,,,
28346,2026-03-05T21:21:47,photos/photo_26371@05-03-2026_21-21-47.jpg,,,
28347,2026-03-05T21:53:14,photos/photo_26372@05-03-2026_21-53-14.jpg,,https://c.onlyaff.app/6WTp4V,"NIKE P6000 —-> 36€ 💎
🚨 Se agotan MUY rápido 💨"
28348,2026-03-05T21:53:14,photos/photo_26373@05-03-2026_21-53-14.jpg,,,
28349,2026-03-05T21:53:14,photos/photo_26374@05-03-2026_21-53-14.jpg,,,
28350,2026-03-05T21:53:14,photos/photo_26375@05-03-2026_21-53-14.jpg,,,
28351,2026-03-05T21:53:14,photos/photo_26376@05-03-2026_21-53-14.jpg,,,
28352,2026-03-05T21:53:15,photos/photo_26377@05-03-2026_21-53-15.jpg,,,
28353,2026-03-05T21:53:15,photos/photo_26378@05-03-2026_21-53-15.jpg,,,
28354,2026-03-05T21:53:15,photos/photo_26379@05-03-2026_21-53-15.jpg,,,
28355,2026-03-05T22:05:03,photos/photo_26380@05-03-2026_22-05-03.jpg,,https://c.onlyaff.app/6WTOG5,JACQUEMUS —-> 20€ 💎
28356,2026-03-05T22:05:03,photos/photo_26381@05-03-2026_22-05-03.jpg,,,
28357,2026-03-05T22:05:03,photos/photo_26382@05-03-2026_22-05-03.jpg,,,
28359,2026-03-06T08:33:01,photos/photo_26383@06-03-2026_08-33-01.jpg,,https://c.onlyaff.app/6WTTej,"CARHARTT Detroit —-> 37€ 💎
Varios Colores 🎨"
28360,2026-03-06T08:58:01,photos/photo_26384@06-03-2026_08-58-01.jpg,,https://c.onlyaff.app/6WTXJX,STUSSY —-> 46€ 💎
28361,2026-03-06T08:58:01,photos/photo_26385@06-03-2026_08-58-01.jpg,,,
28362,2026-03-06T08:58:01,photos/photo_26386@06-03-2026_08-58-01.jpg,,,
28363,2026-03-06T09:42:01,photos/photo_26387@06-03-2026_09-42-01.jpg,,https://c.onlyaff.app/6WU3xy,"BIRKENSTOCK —-> 23€ 💎
Muchos Colores 🎨"
28364,2026-03-06T09:46:01,photos/photo_26388@06-03-2026_09-46-01.jpg,,https://c.onlyaff.app/6WU6TB,ADIDAS Samba OG —-> 19€ 💎
28365,2026-03-06T09:46:01,photos/photo_26389@06-03-2026_09-46-01.jpg,,,
28366,2026-03-06T09:46:01,photos/photo_26390@06-03-2026_09-46-01.jpg,,,
28367,2026-03-06T10:24:01,photos/photo_26391@06-03-2026_10-24-01.jpg,,https://c.onlyaff.app/6WUaag,ASICS Jog 100s —-> 22€ 💎
28368,2026-03-06T10:24:01,photos/photo_26392@06-03-2026_10-24-01.jpg,,,
28369,2026-03-06T10:24:01,photos/photo_26393@06-03-2026_10-24-01.jpg,,,
28370,2026-03-06T10:24:01,photos/photo_26394@06-03-2026_10-24-01.jpg,,,
28371,2026-03-06T10:24:01,photos/photo_26395@06-03-2026_10-24-01.jpg,,,
28372,2026-03-06T10:24:01,photos/photo_26396@06-03-2026_10-24-01.jpg,,,
28373,2026-03-06T10:24:01,photos/photo_26397@06-03-2026_10-24-01.jpg,,,
28374,2026-03-06T10:25:44,photos/photo_26398@06-03-2026_10-25-44.jpg,,https://c.onlyaff.app/6XoPvc,FRED PERRY (bordado) —-> 15€ 💎
28375,2026-03-06T11:04:06,photos/photo_26399@06-03-2026_11-04-06.jpg,,https://c.onlyaff.app/6WUbCt,"ADIDAS SL72 —-> 26€ 💎
Varios Colores 🎨
(Fotos realizadas por mi) 📸"
28376,2026-03-06T11:04:06,photos/photo_26400@06-03-2026_11-04-06.jpg,,,
28377,2026-03-06T11:04:07,photos/photo_26401@06-03-2026_11-04-07.jpg,,,
28378,2026-03-06T11:44:01,photos/photo_26402@06-03-2026_11-44-01.jpg,,https://c.onlyaff.app/6WVguu,POLO RALPH LAUREN —-> 16€ 💎
28379,2026-03-06T11:44:01,photos/photo_26403@06-03-2026_11-44-01.jpg,,,
28380,2026-03-06T11:44:01,photos/photo_26404@06-03-2026_11-44-01.jpg,,,
28381,2026-03-06T13:34:33,photos/photo_26405@06-03-2026_13-34-33.jpg,,https://c.onlyaff.app/6Xx0In,"YEEZY Slide —-> 13€ 💎
Muchos Colores 🎨"
28382,2026-03-06T13:34:33,photos/photo_26406@06-03-2026_13-34-33.jpg,,,
28383,2026-03-06T13:34:33,photos/photo_26407@06-03-2026_13-34-33.jpg,,,
28384,2026-03-06T15:27:54,photos/photo_26408@06-03-2026_15-27-54.jpg,,https://c.onlyaff.app/6XDd6l,ADIDAS Adizero Adios PRO3 —-> 32€ 💎
28385,2026-03-06T15:27:54,photos/photo_26409@06-03-2026_15-27-54.jpg,,,
28386,2026-03-06T15:27:54,photos/photo_26410@06-03-2026_15-27-54.jpg,,,
28387,2026-03-06T15:27:54,photos/photo_26411@06-03-2026_15-27-54.jpg,,,
28388,2026-03-06T15:27:54,photos/photo_26412@06-03-2026_15-27-54.jpg,,,
28389,2026-03-06T15:27:54,photos/photo_26413@06-03-2026_15-27-54.jpg,,,
28390,2026-03-06T17:33:14,photos/photo_26414@06-03-2026_17-33-14.jpg,,https://c.onlyaff.app/6XImeC,"POLO RALPH LAUREN —-> 34€ 💎
Varios Colores 🎨"
28391,2026-03-06T17:47:39,photos/photo_26415@06-03-2026_17-47-39.jpg,,https://c.onlyaff.app/6XIVjz,JACQUEMUS (bordada) —-> 22€ 💎
28392,2026-03-06T17:47:39,photos/photo_26416@06-03-2026_17-47-39.jpg,,,
28393,2026-03-06T17:47:39,photos/photo_26417@06-03-2026_17-47-39.jpg,,,
28394,2026-03-06T17:49:52,photos/photo_26418@06-03-2026_17-49-52.jpg,,https://c.onlyaff.app/6XJ46O,ESSENTIALS x FEAR OF GOD —-> 19€ 💎
28395,2026-03-06T17:49:52,photos/photo_26419@06-03-2026_17-49-52.jpg,,,
28396,2026-03-06T17:49:52,photos/photo_26420@06-03-2026_17-49-52.jpg,,,
28397,2026-03-06T17:49:52,photos/photo_26421@06-03-2026_17-49-52.jpg,,,
28398,2026-03-06T17:52:13,photos/photo_26422@06-03-2026_17-52-13.jpg,,https://c.onlyaff.app/6XJaH8,ADIDAS —-> 28€ 💎
28399,2026-03-06T17:55:33,photos/photo_26423@06-03-2026_17-55-33.jpg,,https://c.onlyaff.app/6XJnuG,"POLO RALPH LAUREN —-> 33€ 💎
Varios Colores 🎨"
28400,2026-03-06T21:06:10,photos/photo_26424@06-03-2026_21-06-10.jpg,,https://c.onlyaff.app/6Y7lEz,"ADIDAS Samba y Spezial —-> 24€ 💎
Nuevos Colores 🎨"
28401,2026-03-06T21:06:10,photos/photo_26425@06-03-2026_21-06-10.jpg,,,
28402,2026-03-06T21:06:10,photos/photo_26426@06-03-2026_21-06-10.jpg,,,
28403,2026-03-06T21:06:10,photos/photo_26427@06-03-2026_21-06-10.jpg,,,
28405,2026-03-06T21:06:10,photos/photo_26428@06-03-2026_21-06-10.jpg,,,
28406,2026-03-06T21:06:10,photos/photo_26429@06-03-2026_21-06-10.jpg,,,
28407,2026-03-06T21:06:10,photos/photo_26430@06-03-2026_21-06-10.jpg,,,
28408,2026-03-06T21:06:10,photos/photo_26431@06-03-2026_21-06-10.jpg,,,
28410,2026-03-07T08:36:01,photos/photo_26432@07-03-2026_08-36-01.jpg,,https://c.onlyaff.app/HdY4s,"THE NORTH FACE —-> 42€ 💎
Varios Colores 🎨"
28411,2026-03-07T09:24:01,photos/photo_26433@07-03-2026_09-24-01.jpg,,https://c.onlyaff.app/6YfIIP,"ADIDAS —-> 25€ 💎
Varios Colores 🎨"
28412,2026-03-07T09:50:50,photos/photo_26434@07-03-2026_09-50-50.jpg,,https://c.onlyaff.app/6YCoLy,"PAD 7 (tablet) —-> 123€ 💎
🚨 Perfecta para que aprovechéis nuestra promo del 90% 🎁"
28413,2026-03-07T10:02:13,photos/photo_26435@07-03-2026_10-02-13.jpg,,https://c.onlyaff.app/6YfQfZ,VANS —-> 22€ 💎
28414,2026-03-07T10:11:01,photos/photo_26436@07-03-2026_10-11-01.jpg,,https://c.onlyaff.app/6YfLLp,"ADIDAS Campus —-> 27€ 💎
Nuevos Modelos 🎨"
28415,2026-03-07T10:11:01,photos/photo_26437@07-03-2026_10-11-01.jpg,,,
28416,2026-03-07T10:11:01,photos/photo_26438@07-03-2026_10-11-01.jpg,,,
28417,2026-03-07T10:11:01,photos/photo_26439@07-03-2026_10-11-01.jpg,,,
28418,2026-03-07T10:11:01,photos/photo_26440@07-03-2026_10-11-01.jpg,,,
28419,2026-03-07T10:11:01,photos/photo_26441@07-03-2026_10-11-01.jpg,,,
28420,2026-03-07T10:11:01,photos/photo_26442@07-03-2026_10-11-01.jpg,,,
28421,2026-03-07T10:11:01,photos/photo_26443@07-03-2026_10-11-01.jpg,,,
28422,2026-03-07T10:48:01,photos/photo_26444@07-03-2026_10-48-01.jpg,,https://c.onlyaff.app/6YfTaO,GOLDEN GOOSE —-> 23€ 💎
28423,2026-03-07T10:48:01,photos/photo_26445@07-03-2026_10-48-01.jpg,,,
28424,2026-03-07T10:48:01,photos/photo_26446@07-03-2026_10-48-01.jpg,,,
28425,2026-03-07T10:48:01,photos/photo_26447@07-03-2026_10-48-01.jpg,,,
28426,2026-03-07T10:48:01,photos/photo_26448@07-03-2026_10-48-01.jpg,,,
28427,2026-03-07T11:32:01,photos/photo_26449@07-03-2026_11-32-01.jpg,,https://c.onlyaff.app/6YfVOw,"ADIDAS Samba ""Animal Pack"" —-> 21€ 💎"
28428,2026-03-07T11:32:01,photos/photo_26450@07-03-2026_11-32-01.jpg,,,
28429,2026-03-07T11:32:01,photos/photo_26451@07-03-2026_11-32-01.jpg,,,
28430,2026-03-07T13:39:40,photos/photo_26452@07-03-2026_13-39-40.jpg,,https://c.onlyaff.app/6YNR7O,"POLO RALPH LAUREN —-> 20€ 💎
Varios Colores 🎨"
28431,2026-03-07T13:42:20,photos/photo_26453@07-03-2026_13-42-20.jpg,,https://c.onlyaff.app/6YNV3o,"POLO RALPH LAUREN —-> 18€ 💎
Varios Colores 🎨"
28432,2026-03-07T13:44:48,photos/photo_26454@07-03-2026_13-44-48.jpg,,https://c.onlyaff.app/6YO4qt,"ADIDAS —-> 25€ 💎
Muchos Colores 🎨"
28433,2026-03-07T13:47:01,photos/photo_26455@07-03-2026_13-47-01.jpg,,https://c.onlyaff.app/HhpKH,"MARC JACOBS —-> 26€ 💎
Muchos Colores 🎨"
28434,2026-03-07T13:47:01,photos/photo_26456@07-03-2026_13-47-01.jpg,,,
28435,2026-03-07T13:47:01,photos/photo_26457@07-03-2026_13-47-01.jpg,,,
28436,2026-03-07T14:24:53,photos/photo_26458@07-03-2026_14-24-53.jpg,,https://c.onlyaff.app/6YQ7cD,"ADIDAS SL72 —-> 26€ 💎
24 Colores 🎨"
28437,2026-03-07T14:24:53,photos/photo_26459@07-03-2026_14-24-53.jpg,,,
28438,2026-03-07T14:24:53,photos/photo_26460@07-03-2026_14-24-53.jpg,,,
28439,2026-03-07T14:24:53,photos/photo_26461@07-03-2026_14-24-53.jpg,,,
28440,2026-03-07T14:24:53,photos/photo_26462@07-03-2026_14-24-53.jpg,,,
28441,2026-03-07T14:24:53,photos/photo_26463@07-03-2026_14-24-53.jpg,,,
28442,2026-03-07T14:24:53,photos/photo_26464@07-03-2026_14-24-53.jpg,,,
28443,2026-03-07T14:24:53,photos/photo_26465@07-03-2026_14-24-53.jpg,,,
28444,2026-03-07T14:24:53,photos/photo_26466@07-03-2026_14-24-53.jpg,,,
28445,2026-03-07T14:38:12,photos/photo_26467@07-03-2026_14-38-12.jpg,,https://c.onlyaff.app/HhGf9,"THE NORTH FACE Clyffe —-> 35€ 💎
Varios Colores 🎨"
28446,2026-03-07T14:38:12,photos/photo_26468@07-03-2026_14-38-12.jpg,,,
28447,2026-03-07T14:38:12,photos/photo_26469@07-03-2026_14-38-12.jpg,,,
28448,2026-03-07T14:38:12,photos/photo_26470@07-03-2026_14-38-12.jpg,,,
28449,2026-03-07T14:38:12,photos/photo_26471@07-03-2026_14-38-12.jpg,,,
28450,2026-03-07T14:38:12,photos/photo_26472@07-03-2026_14-38-12.jpg,,,
28451,2026-03-07T15:28:30,photos/photo_26473@07-03-2026_15-28-30.jpg,,https://c.onlyaff.app/6YTc3V,CARHARTT —-> 30€ 💎
28452,2026-03-07T16:05:16,photos/photo_26474@07-03-2026_16-05-16.jpg,,https://c.onlyaff.app/6YUpjD,BLUE BANANA —-> 19€ 💎
28453,2026-03-07T17:16:46,photos/photo_26475@07-03-2026_17-16-46.jpg,,https://c.onlyaff.app/6YXwtt,MAJE —-> 23€ 💎
28454,2026-03-07T17:37:45,photos/photo_26476@07-03-2026_17-37-45.jpg,,https://c.onlyaff.app/6YYpXm,THE NORTH FACE —-> 9€ 💎
28455,2026-03-07T17:57:11,photos/photo_26477@07-03-2026_17-57-11.jpg,,https://c.onlyaff.app/6YZ1L4,"ADIDAS España 26/27 —-> 12€ 💎
🚨 Queda muy poco para el mundial 👀"
28456,2026-03-07T18:20:31,photos/photo_26478@07-03-2026_18-20-31.jpg,,https://c.onlyaff.app/6YZNdP,ALO —-> 18€ 💎
28457,2026-03-07T18:22:45,photos/photo_26479@07-03-2026_18-22-45.jpg,,https://c.onlyaff.app/HiAoI,"SYNA (chándal completo) —-> 63€ 💎
Varios Colores 🎨"
28458,2026-03-07T18:22:45,photos/photo_26480@07-03-2026_18-22-45.jpg,,,
28459,2026-03-07T18:22:45,photos/photo_26481@07-03-2026_18-22-45.jpg,,,
28460,2026-03-07T18:29:53,photos/photo_26482@07-03-2026_18-29-53.jpg,,https://c.onlyaff.app/6Z03Je,"ADIDAS F50 Pro TF —-> 29€ 💎
11 Colores 🎨"
28461,2026-03-07T19:28:17,photos/photo_26483@07-03-2026_19-28-17.jpg,,https://c.onlyaff.app/6ZceOQ,"THE NORTH FACE —-> 33€ 💎
Varios Colores 🎨"
28462,2026-03-07T19:29:51,photos/photo_26484@07-03-2026_19-29-51.jpg,,https://c.onlyaff.app/6ZcOoV,"CORTEIZ —-> 35€ 💎
Varios Colores 🎨"
28463,2026-03-07T19:31:46,photos/photo_26485@07-03-2026_19-31-46.jpg,,https://c.onlyaff.app/6ZdAEv,SYNA —-> 19€ 💎
28464,2026-03-07T19:33:14,photos/photo_26486@07-03-2026_19-33-14.jpg,,https://c.onlyaff.app/6Zef5Y,SYNA —-> 18€ 💎
28465,2026-03-07T19:34:44,photos/photo_26487@07-03-2026_19-34-44.jpg,,https://c.onlyaff.app/6ZeZdU,"ALEXANDER MCQUEEN —-> 31€ 💎
14 Colores 🎨"
28466,2026-03-07T19:45:15,photos/photo_26488@07-03-2026_19-45-15.jpg,,https://c.onlyaff.app/6Zj5zr,"ADIDAS Gazelle x GUCCI —-> 35€ 💎
🚨 Se agotan muy rápido 💨"
28467,2026-03-07T19:45:15,photos/photo_26489@07-03-2026_19-45-15.jpg,,,
28468,2026-03-07T19:45:15,photos/photo_26490@07-03-2026_19-45-15.jpg,,,
28469,2026-03-07T19:45:15,photos/photo_26491@07-03-2026_19-45-15.jpg,,,
28470,2026-03-07T19:45:15,photos/photo_26492@07-03-2026_19-45-15.jpg,,,
28471,2026-03-07T19:49:25,photos/photo_26493@07-03-2026_19-49-25.jpg,,https://c.onlyaff.app/6Zjs2P,"ASICS Gel Kahana TR v2 —-> 44€ 💎
🚨 Se agotan muy rápido 💨"
28472,2026-03-07T19:49:25,photos/photo_26494@07-03-2026_19-49-25.jpg,,,
28473,2026-03-07T19:49:25,photos/photo_26495@07-03-2026_19-49-25.jpg,,,
28474,2026-03-07T19:49:25,photos/photo_26496@07-03-2026_19-49-25.jpg,,,
28475,2026-03-07T19:49:25,photos/photo_26497@07-03-2026_19-49-25.jpg,,,
28476,2026-03-07T19:49:25,photos/photo_26498@07-03-2026_19-49-25.jpg,,,
28477,2026-03-07T19:49:25,photos/photo_26499@07-03-2026_19-49-25.jpg,,,
28478,2026-03-07T19:49:25,photos/photo_26500@07-03-2026_19-49-25.jpg,,,
28479,2026-03-07T19:53:38,photos/photo_26501@07-03-2026_19-53-38.jpg,,https://c.onlyaff.app/6ZjCTZ,CARHARTT —-> 20€ 💎
28480,2026-03-07T20:20:19,photos/photo_26502@07-03-2026_20-20-19.jpg,,https://c.onlyaff.app/6ZkBPx,"AUTRY Medalist —-> 39€ 💎
Muchos Colores 🎨
(Fotos realizadas por mi) 📸"
28481,2026-03-07T20:20:20,photos/photo_26503@07-03-2026_20-20-20.jpg,,,
28482,2026-03-07T20:20:20,photos/photo_26504@07-03-2026_20-20-20.jpg,,,
28483,2026-03-07T20:35:39,photos/photo_26505@07-03-2026_20-35-39.jpg,,https://c.onlyaff.app/6Zlg4z,"DIESEL —-> 10€ 💎
Varios Colores 🎨"
28484,2026-03-07T20:36:46,photos/photo_26506@07-03-2026_20-36-46.jpg,,https://c.onlyaff.app/6ZliwI,"GALLERY DEPT —-> 9€ 💎
Varios Colores 🎨"
28485,2026-03-07T20:38:11,photos/photo_26507@07-03-2026_20-38-11.jpg,,https://c.onlyaff.app/6Zlnbv,CARHARTT —-> 10€ 💎
28486,2026-03-07T21:04:53,photos/photo_26508@07-03-2026_21-04-53.jpg,,https://c.onlyaff.app/6ZnRyv,ALO —-> 17€ 💎
28487,2026-03-07T21:07:04,photos/photo_26509@07-03-2026_21-07-04.jpg,,https://c.onlyaff.app/HkZun,"ALO (bolsa deporte) —-> 22€ 💎
Muchos Colores 🎨"
28488,2026-03-07T21:08:30,photos/photo_26510@07-03-2026_21-08-30.jpg,,https://c.onlyaff.app/6Zo0ft,"UGG —-> 24€ 💎
Varios Colores 🎨
(Fotos realizadas por mi) 📸"
28489,2026-03-07T21:08:30,photos/photo_26511@07-03-2026_21-08-30.jpg,,,
28490,2026-03-07T21:08:30,photos/photo_26512@07-03-2026_21-08-30.jpg,,,
28491,2026-03-07T21:10:54,photos/photo_26513@07-03-2026_21-10-54.jpg,,https://c.onlyaff.app/6Zo9Xg,"CONVERSE —-> 19€ 💎
También Bajas 🎨"
28492,2026-03-07T21:10:54,photos/photo_26514@07-03-2026_21-10-54.jpg,,,
28493,2026-03-07T21:10:54,photos/photo_26515@07-03-2026_21-10-54.jpg,,,
28494,2026-03-07T21:10:54,photos/photo_26516@07-03-2026_21-10-54.jpg,,,
28495,2026-03-07T21:10:54,photos/photo_26517@07-03-2026_21-10-54.jpg,,,
28496,2026-03-07T21:51:32,photos/photo_26518@07-03-2026_21-51-32.jpg,,https://c.onlyaff.app/6ZpHdI,"ADIDAS (chándal completo) —-> 34€ 💎
Varios Colores 🎨"
28497,2026-03-07T22:10:19,photos/photo_26519@07-03-2026_22-10-19.jpg,,https://c.onlyaff.app/6ZqjUK,ADIDAS —-> 13€ 💎
28498,2026-03-07T22:10:19,photos/photo_26520@07-03-2026_22-10-19.jpg,,,
28499,2026-03-07T22:10:19,photos/photo_26521@07-03-2026_22-10-19.jpg,,,
28500,2026-03-07T22:10:19,photos/photo_26522@07-03-2026_22-10-19.jpg,,,
28501,2026-03-07T22:10:19,photos/photo_26523@07-03-2026_22-10-19.jpg,,,
28502,2026-03-07T22:13:03,photos/photo_26524@07-03-2026_22-13-03.jpg,,https://c.onlyaff.app/6ZqplS,"ADIDAS Samba —-> 16€ 💎
También en Negro 🎨"
28504,2026-03-08T08:36:01,photos/photo_26525@08-03-2026_08-36-01.jpg,,https://c.onlyaff.app/6ZsKcK,"ADIDAS Gazelle Bold —-> 23€ 💎
Muchos Colores 🎨"
28505,2026-03-08T09:14:01,photos/photo_26526@08-03-2026_09-14-01.jpg,,https://c.onlyaff.app/6ZsOfJ,"CONVERSE —-> 29€ 💎
También Bajas 🎨"
28506,2026-03-08T09:14:01,photos/photo_26527@08-03-2026_09-14-01.jpg,,,
28507,2026-03-08T09:14:01,photos/photo_26528@08-03-2026_09-14-01.jpg,,,
28508,2026-03-08T09:36:01,photos/photo_26529@08-03-2026_09-36-01.jpg,,https://c.onlyaff.app/6ZsR0m,"ADIDAS Terrex Daroga —-> 24€ 💎
Varios Colores 🎨"
28509,2026-03-08T09:36:01,photos/photo_26530@08-03-2026_09-36-01.jpg,,,
28510,2026-03-08T09:36:01,photos/photo_26531@08-03-2026_09-36-01.jpg,,,
28511,2026-03-08T09:36:01,photos/photo_26532@08-03-2026_09-36-01.jpg,,,
28512,2026-03-08T09:36:01,photos/photo_26533@08-03-2026_09-36-01.jpg,,,
28513,2026-03-08T09:56:01,photos/photo_26534@08-03-2026_09-56-01.jpg,,https://c.onlyaff.app/6ZsSg1,ADIDAS SL72 Leopard —-> 25€ 💎
28514,2026-03-08T09:56:01,photos/photo_26535@08-03-2026_09-56-01.jpg,,,
28515,2026-03-08T09:56:01,photos/photo_26536@08-03-2026_09-56-01.jpg,,,
28516,2026-03-08T10:11:01,photos/photo_26537@08-03-2026_10-11-01.jpg,,https://c.onlyaff.app/6ZsUHn,"ADIDAS SambaRose —-> 24€ 💎
Muchos Colores 🎨"
28517,2026-03-08T10:11:01,photos/photo_26538@08-03-2026_10-11-01.jpg,,,
28518,2026-03-08T10:11:01,photos/photo_26539@08-03-2026_10-11-01.jpg,,,
28519,2026-03-08T10:11:01,photos/photo_26540@08-03-2026_10-11-01.jpg,,,
28520,2026-03-08T10:20:08,photos/photo_26541@08-03-2026_10-20-08.jpg,,https://c.onlyaff.app/6Zt08q,POLENE —-> 28€ 💎
28521,2026-03-08T10:36:01,photos/photo_26542@08-03-2026_10-36-01.jpg,,https://c.onlyaff.app/6ZsY6R,"PALM ANGELS —-> 21€ 💎
12 Colores 🎨"
28522,2026-03-08T10:36:01,photos/photo_26543@08-03-2026_10-36-01.jpg,,,
28523,2026-03-08T10:36:01,photos/photo_26544@08-03-2026_10-36-01.jpg,,,
28524,2026-03-08T10:38:01,photos/photo_26545@08-03-2026_10-38-01.jpg,,https://c.onlyaff.app/6Zt2j9,POLENE —-> 29€ 💎
28525,2026-03-08T11:06:01,photos/photo_26546@08-03-2026_11-06-01.jpg,,https://c.onlyaff.app/6Zt8y5,ONITSUKA TIGER Trigun —-> 37€ 💎
28526,2026-03-08T11:06:01,photos/photo_26547@08-03-2026_11-06-01.jpg,,,
28527,2026-03-08T11:06:01,photos/photo_26548@08-03-2026_11-06-01.jpg,,,
28528,2026-03-08T11:06:01,photos/photo_26549@08-03-2026_11-06-01.jpg,,,
28529,2026-03-08T11:06:01,photos/photo_26550@08-03-2026_11-06-01.jpg,,,
28530,2026-03-08T11:36:01,photos/photo_26551@08-03-2026_11-36-01.jpg,,https://c.onlyaff.app/6ZtbFn,VEJA Volley —-> 26€ 💎
28531,2026-03-08T11:36:01,photos/photo_26552@08-03-2026_11-36-01.jpg,,,
28532,2026-03-08T11:36:01,photos/photo_26553@08-03-2026_11-36-01.jpg,,,
28533,2026-03-08T11:36:01,photos/photo_26554@08-03-2026_11-36-01.jpg,,,
28534,2026-03-08T11:36:01,photos/photo_26555@08-03-2026_11-36-01.jpg,,,
28535,2026-03-08T11:36:01,photos/photo_26556@08-03-2026_11-36-01.jpg,,,
28536,2026-03-08T11:36:01,photos/photo_26557@08-03-2026_11-36-01.jpg,,,
28537,2026-03-08T11:36:01,photos/photo_26558@08-03-2026_11-36-01.jpg,,,
28538,2026-03-08T11:38:01,photos/photo_26559@08-03-2026_11-38-01.jpg,,https://c.onlyaff.app/6Ztedo,TOM FORD —-> 10€ 💎
28539,2026-03-08T12:51:29,photos/photo_26560@08-03-2026_12-51-29.jpg,,https://c.onlyaff.app/Hp80F,"ADIDAS —-> 43€ 💎
Varios Colores 🎨"
28540,2026-03-08T13:11:07,photos/photo_26561@08-03-2026_13-11-07.jpg,,https://c.onlyaff.app/704i2r,AMI PARIS —-> 19€ 💎
28541,2026-03-08T13:13:52,photos/photo_26562@08-03-2026_13-13-52.jpg,,https://c.onlyaff.app/704mHG,FRED PERRY —-> 9€ 💎
28542,2026-03-08T15:20:07,photos/photo_26563@08-03-2026_15-20-07.jpg,,https://c.onlyaff.app/70asaS,SP5DER (chándal completo) —-> 66€ 💎
28543,2026-03-08T15:25:57,photos/photo_26564@08-03-2026_15-25-57.jpg,,https://c.onlyaff.app/70aG9S,ASICS Gel Sekiran —-> 30€ 💎
28544,2026-03-08T15:25:57,photos/photo_26565@08-03-2026_15-25-57.jpg,,,
28545,2026-03-08T15:25:57,photos/photo_26566@08-03-2026_15-25-57.jpg,,,
28546,2026-03-08T15:25:57,photos/photo_26567@08-03-2026_15-25-57.jpg,,,
28547,2026-03-08T15:25:57,photos/photo_26568@08-03-2026_15-25-57.jpg,,,
28548,2026-03-08T15:25:57,photos/photo_26569@08-03-2026_15-25-57.jpg,,,
28549,2026-03-08T15:25:57,photos/photo_26570@08-03-2026_15-25-57.jpg,,,
28550,2026-03-08T15:25:57,photos/photo_26571@08-03-2026_15-25-57.jpg,,,
28551,2026-03-08T15:31:50,photos/photo_26572@08-03-2026_15-31-50.jpg,,https://c.onlyaff.app/70aPR2,"NIKE Jordan 1 x TRAVIS SCOTT —-> 24€ 💎
(YepExpress)"
28552,2026-03-08T15:31:50,photos/photo_26573@08-03-2026_15-31-50.jpg,,,
28553,2026-03-08T15:31:50,photos/photo_26574@08-03-2026_15-31-50.jpg,,,
28554,2026-03-08T15:31:50,photos/photo_26575@08-03-2026_15-31-50.jpg,,,
28555,2026-03-08T15:31:50,photos/photo_26576@08-03-2026_15-31-50.jpg,,,
28556,2026-03-08T15:31:50,photos/photo_26577@08-03-2026_15-31-50.jpg,,,
28557,2026-03-08T15:31:50,photos/photo_26578@08-03-2026_15-31-50.jpg,,,
28558,2026-03-08T15:31:50,photos/photo_26579@08-03-2026_15-31-50.jpg,,,
28559,2026-03-08T15:34:44,photos/photo_26580@08-03-2026_15-34-44.jpg,,https://c.onlyaff.app/70b2jR,"AMIRI (pack 3) —-> 11€ 💎
También en Negro 🎨"
28560,2026-03-08T15:36:48,photos/photo_26581@08-03-2026_15-36-48.jpg,,https://c.onlyaff.app/70b8SV,ADIDAS —-> 18€ 💎
28561,2026-03-08T15:56:40,photos/photo_26582@08-03-2026_15-56-40.jpg,,https://c.onlyaff.app/70cbDY,"ADIDAS Gazelle Sala —-> 28€ 💎
(Futbol Sala ⚽️)"
28562,2026-03-08T15:56:40,photos/photo_26583@08-03-2026_15-56-40.jpg,,,
28563,2026-03-08T15:56:40,photos/photo_26584@08-03-2026_15-56-40.jpg,,,
28564,2026-03-08T15:56:40,photos/photo_26585@08-03-2026_15-56-40.jpg,,,
28565,2026-03-08T15:56:40,photos/photo_26586@08-03-2026_15-56-40.jpg,,,
28566,2026-03-08T15:56:40,photos/photo_26587@08-03-2026_15-56-40.jpg,,,
28567,2026-03-08T15:56:40,photos/photo_26588@08-03-2026_15-56-40.jpg,,,
28568,2026-03-08T15:56:40,photos/photo_26589@08-03-2026_15-56-40.jpg,,,
28569,2026-03-08T17:53:07,photos/photo_26590@08-03-2026_17-53-07.jpg,,https://c.onlyaff.app/70fAWI,"BIRKENSTOCK —-> 21€ 💎
12 Colores 🎨"
28570,2026-03-08T18:20:34,photos/photo_26591@08-03-2026_18-20-34.jpg,,https://c.onlyaff.app/70gYWe,COLD CULTURE (bordada) —-> 21€ 💎
28571,2026-03-08T18:46:37,photos/photo_26592@08-03-2026_18-46-37.jpg,,https://c.onlyaff.app/70hPxM,REEBOK Club C —-> 35€ 💎
28572,2026-03-08T18:46:37,photos/photo_26593@08-03-2026_18-46-37.jpg,,,
28573,2026-03-08T18:46:37,photos/photo_26594@08-03-2026_18-46-37.jpg,,,
28574,2026-03-08T18:46:37,photos/photo_26595@08-03-2026_18-46-37.jpg,,,
28575,2026-03-08T18:46:37,photos/photo_26596@08-03-2026_18-46-37.jpg,,,
28576,2026-03-08T19:19:33,photos/photo_26597@08-03-2026_19-19-33.jpg,,https://c.onlyaff.app/70qct1,AIME LEON DORE —-> 14€ 💎
28577,2026-03-08T19:46:58,photos/photo_26598@08-03-2026_19-46-58.jpg,,https://c.onlyaff.app/HsqYe,PEPE JEANS —-> 18€ 💎
28578,2026-03-08T20:29:18,photos/photo_26599@08-03-2026_20-29-18.jpg,,https://c.onlyaff.app/6WTp4V,"NIKE P6000 —-> 35€ 💎
🚨 Se agotan MUY rápido 💨"
28579,2026-03-08T20:29:19,photos/photo_26600@08-03-2026_20-29-19.jpg,,,
28580,2026-03-08T20:29:19,photos/photo_26601@08-03-2026_20-29-19.jpg,,,
28581,2026-03-08T20:29:19,photos/photo_26602@08-03-2026_20-29-19.jpg,,,
28582,2026-03-08T20:29:19,photos/photo_26603@08-03-2026_20-29-19.jpg,,,
28583,2026-03-08T20:29:19,photos/photo_26604@08-03-2026_20-29-19.jpg,,,
28584,2026-03-08T20:29:19,photos/photo_26605@08-03-2026_20-29-19.jpg,,,
28585,2026-03-08T20:29:19,photos/photo_26606@08-03-2026_20-29-19.jpg,,,
28586,2026-03-08T20:55:56,photos/photo_26607@08-03-2026_20-55-56.jpg,,https://c.onlyaff.app/70ER0F,ADIDAS —-> 19€ 💎
28587,2026-03-08T20:55:56,photos/photo_26608@08-03-2026_20-55-56.jpg,,,
28588,2026-03-08T20:55:56,photos/photo_26609@08-03-2026_20-55-56.jpg,,,
28589,2026-03-08T20:55:56,photos/photo_26610@08-03-2026_20-55-56.jpg,,,
28590,2026-03-08T20:55:56,photos/photo_26611@08-03-2026_20-55-56.jpg,,,
28591,2026-03-08T21:23:44,photos/photo_26612@08-03-2026_21-23-44.jpg,,https://c.onlyaff.app/70FRUP,ASICS Gel Kahana 8 —-> 32€ 💎
28592,2026-03-08T21:23:44,photos/photo_26613@08-03-2026_21-23-44.jpg,,,
28593,2026-03-08T21:23:44,photos/photo_26614@08-03-2026_21-23-44.jpg,,,
28594,2026-03-08T21:23:44,photos/photo_26615@08-03-2026_21-23-44.jpg,,,
28595,2026-03-08T21:23:44,photos/photo_26616@08-03-2026_21-23-44.jpg,,,
28596,2026-03-08T21:23:44,photos/photo_26617@08-03-2026_21-23-44.jpg,,,
28597,2026-03-08T21:23:44,photos/photo_26618@08-03-2026_21-23-44.jpg,,,
28598,2026-03-08T21:23:44,photos/photo_26619@08-03-2026_21-23-44.jpg,,,
28599,2026-03-08T21:50:36,photos/photo_26620@08-03-2026_21-50-36.jpg,,https://c.onlyaff.app/70Hyzz,"POLO RALPH LAUREN (3 piezas) —-> 48€ 💎
Varios Colores 🎨"
28600,2026-03-08T22:08:09,photos/photo_26621@08-03-2026_22-08-09.jpg,,https://c.onlyaff.app/70Iek6,ADIDAS Spezial —-> 19€ 💎
28601,2026-03-08T22:10:01,photos/photo_26622@08-03-2026_22-10-01.jpg,,https://c.onlyaff.app/70IhB2,ADIDAS Spezial x CP COMPANY —-> 24€ 💎
28602,2026-03-08T22:25:47,photos/photo_26623@08-03-2026_22-25-47.jpg,,https://c.onlyaff.app/70IZZt,NEW BALANCE x MIU MIU —-> 47€ 💎
28603,2026-03-08T22:27:59,photos/photo_26624@08-03-2026_22-27-59.jpg,,https://c.onlyaff.app/Htj2r,"GOYARD —-> 22€ 💎
Varios Colores 🎨"
28604,2026-03-08T22:27:59,photos/photo_26625@08-03-2026_22-27-59.jpg,,,
28605,2026-03-08T22:27:59,photos/photo_26626@08-03-2026_22-27-59.jpg,,,
28607,2026-03-09T08:24:01,photos/photo_26627@09-03-2026_08-24-01.jpg,,https://c.onlyaff.app/70KQaI,ON (conjunto) —-> 9€ 💎
28608,2026-03-09T08:25:09,photos/photo_26628@09-03-2026_08-25-09.jpg,,https://c.onlyaff.app/70KRZ1,ON —-> 14€ 💎
28609,2026-03-09T08:26:01,photos/photo_26629@09-03-2026_08-26-01.jpg,,https://c.onlyaff.app/70KTUb,"ON (3 artículos) —-> 27€ 💎
Muchos Colores 🎨"
28610,2026-03-09T09:11:48,photos/photo_26630@09-03-2026_09-11-48.jpg,,https://c.onlyaff.app/70KVIb,"HOKA Clifton 9 —-> 27€ 💎
20 Colores 🎨"
28611,2026-03-09T09:41:21,photos/photo_26631@09-03-2026_09-41-21.jpg,,https://c.onlyaff.app/714y4Z,"NIKE Mind 001 —-> 36€ 💎
(En Hacoo) 🤯
🚨 Se agotan MUY rápido 💨"
28612,2026-03-09T09:41:21,photos/photo_26632@09-03-2026_09-41-21.jpg,,,
28613,2026-03-09T09:41:21,photos/photo_26633@09-03-2026_09-41-21.jpg,,,
28614,2026-03-09T10:56:10,photos/photo_26634@09-03-2026_10-56-10.jpg,,https://c.onlyaff.app/70KWIJ,"ADIDAS Forum x BAD BUNNY —-> 35€ 💎
Muchos Colores 🎨"
28615,2026-03-09T10:56:10,photos/photo_26635@09-03-2026_10-56-10.jpg,,,
28616,2026-03-09T10:56:11,photos/photo_26636@09-03-2026_10-56-11.jpg,,,
28617,2026-03-09T10:56:11,photos/photo_26637@09-03-2026_10-56-11.jpg,,,
28618,2026-03-09T10:56:11,photos/photo_26638@09-03-2026_10-56-11.jpg,,,
28619,2026-03-09T10:57:16,photos/photo_26639@09-03-2026_10-57-16.jpg,,https://c.onlyaff.app/71dsQf,CARHARTT —-> 26€ 💎
28620,2026-03-09T11:30:28,photos/photo_26640@09-03-2026_11-30-28.jpg,,https://c.onlyaff.app/71ez7h,"Mochila Viaje (medidas equipaje de mano) —-> 33€ 💎
Incluye Cargador 🔋
Varios Colores 🎨"
28621,2026-03-09T11:30:28,photos/photo_26641@09-03-2026_11-30-28.jpg,,,
28622,2026-03-09T11:30:28,photos/photo_26642@09-03-2026_11-30-28.jpg,,,
28623,2026-03-09T11:32:56,photos/photo_26643@09-03-2026_11-32-56.jpg,,https://c.onlyaff.app/71eJ3n,STONE ISLAND —-> 26€ 💎
28624,2026-03-09T11:34:02,photos/photo_26644@09-03-2026_11-34-02.jpg,,https://c.onlyaff.app/71eOL7,"Proyector 4K —-> 79€ 💎
🚨 Producto perfecto para que aprovechéis la promo del 90%, os queda en menos de 10€ ! ✅"
28625,2026-03-09T11:36:32,photos/photo_26645@09-03-2026_11-36-32.jpg,,https://c.onlyaff.app/71eRMM,"AMI PARIS —-> 17€ 💎
Varios Colores 🎨"
28626,2026-03-09T12:30:32,photos/photo_26646@09-03-2026_12-30-32.jpg,,https://c.onlyaff.app/71hAJW,"ADÍAS Gazelle —-> 23€ 💎
Muchos Colores 🎨"
28628,2026-03-09T14:45:21,photos/photo_26647@09-03-2026_14-45-21.jpg,,https://c.onlyaff.app/71njcV,"CANADA GOOSE —-> 21€ 💎
Varios Colores 🎨"
28629,2026-03-09T14:47:31,photos/photo_26648@09-03-2026_14-47-31.jpg,,https://c.onlyaff.app/HxnNJ,"ADIDAS x FEAR OF GOD —-> 25€ 💎
Varios Colores 🎨"
28630,2026-03-09T14:47:31,photos/photo_26649@09-03-2026_14-47-31.jpg,,,
28631,2026-03-09T14:47:31,photos/photo_26650@09-03-2026_14-47-31.jpg,,,
28632,2026-03-09T14:50:44,photos/photo_26651@09-03-2026_14-50-44.jpg,,https://c.onlyaff.app/71o9Zp,ROLLIN LOUD 2026  —-> 17€ 💎
28633,2026-03-09T14:52:44,photos/photo_26652@09-03-2026_14-52-44.jpg,,https://c.onlyaff.app/71oijQ,TRAPSTAR (chándal completo) —-> 59€ 💎
28634,2026-03-09T14:54:15,photos/photo_26653@09-03-2026_14-54-15.jpg,,https://c.onlyaff.app/71okJ7,"CORTEIZ —-> 19€ 💎
También en Naranja 🎨"
28635,2026-03-09T14:54:15,photos/photo_26654@09-03-2026_14-54-15.jpg,,,
28636,2026-03-09T14:54:16,photos/photo_26655@09-03-2026_14-54-16.jpg,,,
28637,2026-03-09T16:47:32,photos/photo_26656@09-03-2026_16-47-32.jpg,,https://c.onlyaff.app/71uedc,"POLO RALPH LAUREN —-> 11€ 💎
Varios Colores 🎨"
28638,2026-03-09T17:12:43,photos/photo_26657@09-03-2026_17-12-43.jpg,,https://c.onlyaff.app/71vWtw,"JBL Flip 6 —-> 27€ 💎
Muchos Colores 🎨
Producto MUY recomendado ✅
(Fotos realizadas por mi) 📸"
28639,2026-03-09T17:12:43,photos/photo_26658@09-03-2026_17-12-43.jpg,,,
28640,2026-03-09T17:12:43,photos/photo_26659@09-03-2026_17-12-43.jpg,,,
28641,2026-03-09T17:52:17,photos/photo_26660@09-03-2026_17-52-17.jpg,,https://c.onlyaff.app/71xsCn,ADIDAS —-> 19€ 💎
28642,2026-03-09T17:52:18,photos/photo_26661@09-03-2026_17-52-18.jpg,,,
28643,2026-03-09T18:15:22,photos/photo_26662@09-03-2026_18-15-22.jpg,,https://c.onlyaff.app/71yivA,AMIRI (conjunto) —-> 31€ 💎
28644,2026-03-09T18:18:00,photos/photo_26663@09-03-2026_18-18-00.jpg,,https://c.onlyaff.app/71ypQ8,"DENIM TEARS —-> 21€ 💎
Varios Colores 🎨"
28645,2026-03-09T18:43:21,photos/photo_26664@09-03-2026_18-43-21.jpg,,https://c.onlyaff.app/71ADDd,FRED PERRY —-> 17€ 💎
28646,2026-03-09T18:46:32,photos/photo_26665@09-03-2026_18-46-32.jpg,,https://c.onlyaff.app/71ALbH,"AMIRI —-> 15€ 💎
También en Blanco 🎨"
28647,2026-03-09T18:48:34,photos/photo_26666@09-03-2026_18-48-34.jpg,,https://c.onlyaff.app/71AV5S,CARHARTT —-> 31€ 💎
28648,2026-03-09T18:50:41,photos/photo_26667@09-03-2026_18-50-41.jpg,,https://c.onlyaff.app/71B6AN,"POLO RALPH LAUREN —-> 8€ 💎
Muchos Colores 🎨"
28649,2026-03-09T19:27:24,photos/photo_26668@09-03-2026_19-27-24.jpg,,https://c.onlyaff.app/71LQAg,"APPLE AirPods Max —-> 40€ 💎
Muchos Colores 🎨"
28650,2026-03-09T19:27:24,photos/photo_26669@09-03-2026_19-27-24.jpg,,,
28651,2026-03-09T19:27:24,photos/photo_26670@09-03-2026_19-27-24.jpg,,,
28652,2026-03-09T19:43:05,photos/photo_26671@09-03-2026_19-43-05.jpg,,https://c.onlyaff.app/HArEJ,ADIDAS Samba x WALES BONNER —-> 27€ 💎
28653,2026-03-09T19:43:05,photos/photo_26672@09-03-2026_19-43-05.jpg,,,
28654,2026-03-09T19:43:05,photos/photo_26673@09-03-2026_19-43-05.jpg,,,
28655,2026-03-09T19:49:51,photos/photo_26674@09-03-2026_19-49-51.jpg,,https://c.onlyaff.app/71U4Mz,"DC Court —-> 25€ 💎
Varios Colores 🎨"
28656,2026-03-09T19:49:51,photos/photo_26675@09-03-2026_19-49-51.jpg,,,
28657,2026-03-09T19:49:51,photos/photo_26676@09-03-2026_19-49-51.jpg,,,
28658,2026-03-09T20:03:35,photos/photo_26677@09-03-2026_20-03-35.jpg,,https://c.onlyaff.app/71UTKN,"CAROLINA HERRERA —-> 18€ 💎
12 Modelos 🎨"
28659,2026-03-09T20:21:59,photos/photo_26678@09-03-2026_20-21-59.jpg,,https://c.onlyaff.app/71VW7H,DIESEL —-> 17€ 💎
28660,2026-03-09T20:23:56,photos/photo_26679@09-03-2026_20-23-56.jpg,,https://c.onlyaff.app/71W15Z,DIESEL —-> 30€ 💎
28661,2026-03-09T20:26:12,photos/photo_26680@09-03-2026_20-26-12.jpg,,https://c.onlyaff.app/71W8Ai,"SAUCONY Progrid Omni 9 —-> 39€ 💎
14 Colores 🎨"
28662,2026-03-09T20:26:12,photos/photo_26681@09-03-2026_20-26-12.jpg,,,
28663,2026-03-09T20:26:12,photos/photo_26682@09-03-2026_20-26-12.jpg,,,
28664,2026-03-09T20:26:12,photos/photo_26683@09-03-2026_20-26-12.jpg,,,
28665,2026-03-09T20:26:12,photos/photo_26684@09-03-2026_20-26-12.jpg,,,
28666,2026-03-09T20:26:12,photos/photo_26685@09-03-2026_20-26-12.jpg,,,
28667,2026-03-09T20:26:12,photos/photo_26686@09-03-2026_20-26-12.jpg,,,
28668,2026-03-09T20:26:12,photos/photo_26687@09-03-2026_20-26-12.jpg,,,
28669,2026-03-09T20:26:12,photos/photo_26688@09-03-2026_20-26-12.jpg,,,
28670,2026-03-09T20:26:12,photos/photo_26689@09-03-2026_20-26-12.jpg,,,
28671,2026-03-09T20:33:45,photos/photo_26690@09-03-2026_20-33-45.jpg,,https://c.onlyaff.app/71WroH,"ALO Runner —-> 31€ 💎
12 Colores 🎨"
28672,2026-03-09T20:33:45,photos/photo_26691@09-03-2026_20-33-45.jpg,,,
28673,2026-03-09T20:33:45,photos/photo_26692@09-03-2026_20-33-45.jpg,,,
28674,2026-03-09T20:33:45,photos/photo_26693@09-03-2026_20-33-45.jpg,,,
28675,2026-03-09T20:33:45,photos/photo_26694@09-03-2026_20-33-45.jpg,,,
28676,2026-03-09T20:33:45,photos/photo_26695@09-03-2026_20-33-45.jpg,,,
28677,2026-03-09T20:33:45,photos/photo_26696@09-03-2026_20-33-45.jpg,,,
28678,2026-03-09T21:43:16,photos/photo_26697@09-03-2026_21-43-16.jpg,,https://c.onlyaff.app/720nVx,"CROCS x CARS —-> 17€ 💎
Varios Modelos 🎨
🚨 Se agotan muy rápido 💨"
28679,2026-03-09T21:48:01,photos/photo_26698@09-03-2026_21-48-01.jpg,,https://c.onlyaff.app/720B8x,"POLO RALPH LAUREN —-> 12€ 💎
También en Azul 🎨"
28680,2026-03-09T21:49:53,photos/photo_26699@09-03-2026_21-49-53.jpg,,https://c.onlyaff.app/720GYY,MARC JACOBS —-> 23€ 💎
28681,2026-03-09T21:53:41,photos/photo_26700@09-03-2026_21-53-41.jpg,,https://c.onlyaff.app/HBhUM,ADIDAS Samba OG —-> 23€ 💎
28682,2026-03-09T21:57:56,photos/photo_26701@09-03-2026_21-57-56.jpg,,https://c.onlyaff.app/7215FK,RHODE (lip set 4) —-> 6€ 💎
28683,2026-03-09T22:00:35,photos/photo_26702@09-03-2026_22-00-35.jpg,,https://c.onlyaff.app/721akI,"ASICS Gel 1130 —-> 26€ 💎
14 Colores 🎨"
28684,2026-03-09T22:00:35,photos/photo_26703@09-03-2026_22-00-35.jpg,,,
28685,2026-03-09T22:00:35,photos/photo_26704@09-03-2026_22-00-35.jpg,,,
28686,2026-03-09T22:00:35,photos/photo_26705@09-03-2026_22-00-35.jpg,,,
28687,2026-03-09T22:00:35,photos/photo_26706@09-03-2026_22-00-35.jpg,,,
28688,2026-03-09T22:00:35,photos/photo_26707@09-03-2026_22-00-35.jpg,,,
28689,2026-03-09T22:00:35,photos/photo_26708@09-03-2026_22-00-35.jpg,,,
28690,2026-03-09T22:00:35,photos/photo_26709@09-03-2026_22-00-35.jpg,,,
28691,2026-03-09T22:00:35,photos/photo_26710@09-03-2026_22-00-35.jpg,,,
28692,2026-03-09T22:01:15,photos/photo_26711@09-03-2026_22-01-15.jpg,,https://c.onlyaff.app/721ciK,MIU MIU —-> 8€ 💎
28693,2026-03-09T22:07:13,photos/photo_26712@09-03-2026_22-07-13.jpg,,https://c.onlyaff.app/HBlfF,"ADIDAS Manchester United ""Limited""  —-> 34€ 💎"
28698,2026-03-10T08:36:01,photos/photo_26713@10-03-2026_08-36-01.jpg,,https://c.onlyaff.app/721Ptb,"UNDER ARMOUR —-> 21€ 💎
Muchos Colores 🎨"
28699,2026-03-10T09:10:13,photos/photo_26714@10-03-2026_09-10-13.jpg,,https://c.onlyaff.app/721TBJ,"ON CLOUD X3 —-> 33€ 💎
Muchos Colores 🎨"
28700,2026-03-10T09:10:13,photos/photo_26715@10-03-2026_09-10-13.jpg,,,
28701,2026-03-10T09:10:13,photos/photo_26716@10-03-2026_09-10-13.jpg,,,
28702,2026-03-10T10:29:07,photos/photo_26717@10-03-2026_10-29-07.jpg,,https://c.onlyaff.app/72sRvp,"CAROLINA HERRERA —-> 42€ 💎
Muchos Colores 🎨"
28703,2026-03-10T10:29:07,photos/photo_26718@10-03-2026_10-29-07.jpg,,,
28704,2026-03-10T10:29:07,photos/photo_26719@10-03-2026_10-29-07.jpg,,,
28705,2026-03-10T10:29:07,photos/photo_26720@10-03-2026_10-29-07.jpg,,,
28706,2026-03-10T10:29:07,photos/photo_26721@10-03-2026_10-29-07.jpg,,,
28707,2026-03-10T10:29:07,photos/photo_26722@10-03-2026_10-29-07.jpg,,,
28708,2026-03-10T10:29:07,photos/photo_26723@10-03-2026_10-29-07.jpg,,,
28709,2026-03-10T10:29:07,photos/photo_26724@10-03-2026_10-29-07.jpg,,,
28710,2026-03-10T10:59:09,photos/photo_26725@10-03-2026_10-59-09.jpg,,https://c.onlyaff.app/72uycS,"ADIDAS (bordada) —-> 6€ 💎
Muchos Colores 🎨"
28711,2026-03-10T11:02:22,photos/photo_26726@10-03-2026_11-02-22.jpg,,https://c.onlyaff.app/72uHqR,ADIDAS Montreal —-> 33€ 💎
28712,2026-03-10T11:02:22,photos/photo_26727@10-03-2026_11-02-22.jpg,,,
28713,2026-03-10T11:02:22,photos/photo_26728@10-03-2026_11-02-22.jpg,,,
28714,2026-03-10T11:02:22,photos/photo_26729@10-03-2026_11-02-22.jpg,,,
28715,2026-03-10T11:02:22,photos/photo_26730@10-03-2026_11-02-22.jpg,,,
28716,2026-03-10T11:02:22,photos/photo_26731@10-03-2026_11-02-22.jpg,,,
28717,2026-03-10T11:02:22,photos/photo_26732@10-03-2026_11-02-22.jpg,,,
28718,2026-03-10T11:02:22,photos/photo_26733@10-03-2026_11-02-22.jpg,,,
28719,2026-03-10T11:20:13,photos/photo_26734@10-03-2026_11-20-13.jpg,,https://c.onlyaff.app/714y4Z,"NIKE Mind 001 —-> 36€ 💎
(En Hacoo) 🤯
🚨 Se agotan MUY rápido 💨
⚠️ Siguen disponibles"
28720,2026-03-10T11:20:13,photos/photo_26735@10-03-2026_11-20-13.jpg,,,
28721,2026-03-10T11:20:13,photos/photo_26736@10-03-2026_11-20-13.jpg,,,
28722,2026-03-10T11:54:48,photos/photo_26737@10-03-2026_11-54-48.jpg,,https://c.onlyaff.app/72xjp5,"NIKE FC Barcelona ""Limited Edition"" —-> 12€ 💎"
28723,2026-03-10T11:56:36,photos/photo_26738@10-03-2026_11-56-36.jpg,,https://c.onlyaff.app/72xop9,"STANLEY (mantiene frío y calor) —-> 26€ 💎
Muchos Colores 🎨"
28724,2026-03-10T12:59:46,photos/photo_26739@10-03-2026_12-59-46.jpg,,https://c.onlyaff.app/72zwml,"THE NORTH FACE (bandolera) —-> 7€ 💎
Varios Colores 🎨"
28725,2026-03-10T13:05:49,photos/photo_26740@10-03-2026_13-05-49.jpg,,https://c.onlyaff.app/HEMNV,"CONVERSE ""Ediciones Limitadas"" —-> 26€ 💎
23 Modelos 🎨"
28726,2026-03-10T13:05:50,photos/photo_26741@10-03-2026_13-05-50.jpg,,,
28727,2026-03-10T13:05:50,photos/photo_26742@10-03-2026_13-05-50.jpg,,,
28728,2026-03-10T13:05:50,photos/photo_26743@10-03-2026_13-05-50.jpg,,,
28729,2026-03-10T13:05:50,photos/photo_26744@10-03-2026_13-05-50.jpg,,,
28730,2026-03-10T13:05:50,photos/photo_26745@10-03-2026_13-05-50.jpg,,,
28731,2026-03-10T13:05:50,photos/photo_26746@10-03-2026_13-05-50.jpg,,,
28732,2026-03-10T13:05:50,photos/photo_26747@10-03-2026_13-05-50.jpg,,,
28733,2026-03-10T13:05:50,photos/photo_26748@10-03-2026_13-05-50.jpg,,,
28734,2026-03-10T14:38:07,photos/photo_26749@10-03-2026_14-38-07.jpg,,https://c.onlyaff.app/72EVWK,"GOLDEN GOOSE Zueco —-> 39€ 💎
Muchos Colores 🎨"
28735,2026-03-10T15:14:02,photos/photo_26750@10-03-2026_15-14-02.jpg,,https://c.onlyaff.app/72GVEb,CARHARTT —-> 16€ 💎
28736,2026-03-10T15:31:19,photos/photo_26751@10-03-2026_15-31-19.jpg,,https://c.onlyaff.app/72HqXR,"ADIDAS SL72 ""Leopard"" —-> 26€ 💎"
28737,2026-03-10T15:38:42,photos/photo_26752@10-03-2026_15-38-42.jpg,,https://c.onlyaff.app/72HEzU,"ADIDAS Spezial ""pana"" —-> 20€ 💎"
28738,2026-03-10T15:38:42,photos/photo_26753@10-03-2026_15-38-42.jpg,,,
28739,2026-03-10T15:38:42,photos/photo_26754@10-03-2026_15-38-42.jpg,,,
28740,2026-03-10T15:45:22,photos/photo_26755@10-03-2026_15-45-22.jpg,,https://c.onlyaff.app/72HQ84,"ADIDAS Spezial ""pana"" —-> 23€ 💎"
28741,2026-03-10T16:15:34,photos/photo_26756@10-03-2026_16-15-34.jpg,,https://c.onlyaff.app/72Jb2a,"REEBOK ERS World —-> 34€ 💎
Muchos Colores 🎨"
28742,2026-03-10T16:15:34,photos/photo_26757@10-03-2026_16-15-34.jpg,,,
28743,2026-03-10T16:15:34,photos/photo_26758@10-03-2026_16-15-34.jpg,,,
28744,2026-03-10T16:15:35,photos/photo_26759@10-03-2026_16-15-35.jpg,,,
28745,2026-03-10T16:15:35,photos/photo_26760@10-03-2026_16-15-35.jpg,,,
28746,2026-03-10T16:15:35,photos/photo_26761@10-03-2026_16-15-35.jpg,,,
28747,2026-03-10T16:15:35,photos/photo_26762@10-03-2026_16-15-35.jpg,,,
28748,2026-03-10T16:15:35,photos/photo_26763@10-03-2026_16-15-35.jpg,,,
28749,2026-03-10T16:15:35,photos/photo_26764@10-03-2026_16-15-35.jpg,,,
28750,2026-03-10T16:48:13,photos/photo_26765@10-03-2026_16-48-13.jpg,,https://c.onlyaff.app/HFQca,"NIKE Jordan 1 —-> 40€ 💎
Varias Colaboraciones 🎨
(YepExpress)"
28751,2026-03-10T16:48:13,photos/photo_26766@10-03-2026_16-48-13.jpg,,,
28752,2026-03-10T16:48:13,photos/photo_26767@10-03-2026_16-48-13.jpg,,,
28753,2026-03-10T16:48:13,photos/photo_26768@10-03-2026_16-48-13.jpg,,,
28754,2026-03-10T16:48:13,photos/photo_26769@10-03-2026_16-48-13.jpg,,,
28755,2026-03-10T16:48:13,photos/photo_26770@10-03-2026_16-48-13.jpg,,,
28756,2026-03-10T16:48:13,photos/photo_26771@10-03-2026_16-48-13.jpg,,,
28757,2026-03-10T16:48:13,photos/photo_26772@10-03-2026_16-48-13.jpg,,,
28758,2026-03-10T17:47:19,photos/photo_26773@10-03-2026_17-47-19.jpg,,https://c.onlyaff.app/72MyRQ,ADIDAS Spezial —-> 26€ 💎
28759,2026-03-10T17:50:00,photos/photo_26774@10-03-2026_17-50-00.jpg,,https://c.onlyaff.app/72ME9c,SYNA Tech —-> 18€ 💎
28760,2026-03-10T18:44:04,photos/photo_26775@10-03-2026_18-44-04.jpg,,https://c.onlyaff.app/HGktv,CORTEIZ x SUPREME —-> 33€ 💎
28761,2026-03-10T18:45:04,photos/photo_26776@10-03-2026_18-45-04.jpg,,https://c.onlyaff.app/72Pmll,CORTEIZ —-> 17€ 💎
28762,2026-03-10T18:48:40,photos/photo_26777@10-03-2026_18-48-40.jpg,,https://c.onlyaff.app/72PwSO,ADIDAS Predator Pro TF —-> 37€ 💎
28763,2026-03-10T18:48:40,photos/photo_26778@10-03-2026_18-48-40.jpg,,,
28764,2026-03-10T18:48:40,photos/photo_26779@10-03-2026_18-48-40.jpg,,,
28765,2026-03-10T18:48:40,photos/photo_26780@10-03-2026_18-48-40.jpg,,,
28766,2026-03-10T18:48:41,photos/photo_26781@10-03-2026_18-48-41.jpg,,,
28768,2026-03-10T18:48:41,photos/photo_26782@10-03-2026_18-48-41.jpg,,,
28769,2026-03-10T18:48:41,photos/photo_26783@10-03-2026_18-48-41.jpg,,,
28770,2026-03-10T18:50:33,photos/photo_26784@10-03-2026_18-50-33.jpg,,https://c.onlyaff.app/72PCnv,MONCLER (reversible) —-> 34€ 💎
28771,2026-03-10T18:50:33,photos/photo_26785@10-03-2026_18-50-33.jpg,,,
28772,2026-03-10T18:50:33,photos/photo_26786@10-03-2026_18-50-33.jpg,,,
28773,2026-03-10T18:54:13,photos/photo_26787@10-03-2026_18-54-13.jpg,,https://c.onlyaff.app/HGop8,"THE NORTH FACE —-> 28€ 💎
Varios Colores 🎨"
28774,2026-03-10T18:55:44,photos/photo_26788@10-03-2026_18-55-44.jpg,,https://c.onlyaff.app/72Q2An,POLO RALPH LAUREN —-> 34€ 💎
28775,2026-03-10T18:57:06,photos/photo_26789@10-03-2026_18-57-06.jpg,,https://c.onlyaff.app/72Q82F,CORTEIZ —-> 22€ 💎
28776,2026-03-10T18:58:56,photos/photo_26790@10-03-2026_18-58-56.jpg,,https://c.onlyaff.app/72Qbar,"POLO RALPH LAUREN —-> 6€ 💎
Varios Colores 🎨"
28777,2026-03-10T19:00:58,photos/photo_26791@10-03-2026_19-00-58.jpg,,https://c.onlyaff.app/72QsqX,"POLO RALPH LAUREN —-> 9€ 💎
También en Gris 🎨"
28778,2026-03-10T19:02:05,photos/photo_26792@10-03-2026_19-02-05.jpg,,https://c.onlyaff.app/HGuEL,"HOKA —-> 19€ 💎
Varios Colores 🎨"
28779,2026-03-10T19:04:09,photos/photo_26793@10-03-2026_19-04-09.jpg,,https://c.onlyaff.app/72RFfv,"DENIM TEARS (chándal completo) —-> 40€ 💎
También en Gris 🎨"
28780,2026-03-10T19:08:24,photos/photo_26794@10-03-2026_19-08-24.jpg,,https://c.onlyaff.app/72TtZy,"APPLE Watch Ultra 2 —-> 34€ 💎
Varios Colores 🎨
🚨 Se agota muy rápido 💨"
28781,2026-03-10T20:21:40,photos/photo_26795@10-03-2026_20-21-40.jpg,,https://c.onlyaff.app/HIsrY,"DAYSON —-> 34€ 💎
Muy recomendado ✅"
28782,2026-03-10T20:24:19,photos/photo_26796@10-03-2026_20-24-19.jpg,,https://c.onlyaff.app/73aGcU,"NIKE Pro (conjunto) —-> 15€ 💎
Varios Modelos 🎨
(YepExpress)"
28783,2026-03-10T20:27:00,photos/photo_26797@10-03-2026_20-27-00.jpg,,https://c.onlyaff.app/73aPGn,AMI PARIS (bordado) —-> 18€ 💎
28784,2026-03-10T20:27:00,photos/photo_26798@10-03-2026_20-27-00.jpg,,,
28785,2026-03-10T20:27:00,photos/photo_26799@10-03-2026_20-27-00.jpg,,,
28786,2026-03-10T20:29:09,photos/photo_26800@10-03-2026_20-29-09.jpg,,https://c.onlyaff.app/73b0DB,POLO RALPH LAUREN (2 piezas) —-> 22€ 💎
28787,2026-03-10T20:31:04,photos/photo_26801@10-03-2026_20-31-04.jpg,,https://c.onlyaff.app/HIwiu,AUTRY Reelwind —-> 44€ 💎
28788,2026-03-10T20:31:04,photos/photo_26802@10-03-2026_20-31-04.jpg,,,
28789,2026-03-10T20:31:04,photos/photo_26803@10-03-2026_20-31-04.jpg,,,
28790,2026-03-10T20:31:05,photos/photo_26804@10-03-2026_20-31-05.jpg,,,
28791,2026-03-10T20:31:05,photos/photo_26805@10-03-2026_20-31-05.jpg,,,
28792,2026-03-10T20:32:26,photos/photo_26806@10-03-2026_20-32-26.jpg,,https://c.onlyaff.app/73bnox,"ADIDAS Spezial —-> 20€ 💎
Nuevo enlace 🔗"
28793,2026-03-10T20:35:48,photos/photo_26807@10-03-2026_20-35-48.jpg,,https://c.onlyaff.app/73bIyS,"LONGCHAMP —-> 23€ 💎
También en Negro 🎨"
28794,2026-03-10T20:35:48,photos/photo_26808@10-03-2026_20-35-48.jpg,,,
28795,2026-03-10T20:35:48,photos/photo_26809@10-03-2026_20-35-48.jpg,,,
28796,2026-03-10T20:35:48,photos/photo_26810@10-03-2026_20-35-48.jpg,,,
28797,2026-03-10T20:39:38,photos/photo_26811@10-03-2026_20-39-38.jpg,,https://c.onlyaff.app/73bX0R,"ON Running (pack 3) —-> 12€ 💎
Muchos Colores 🎨"
28798,2026-03-10T20:39:38,photos/photo_26812@10-03-2026_20-39-38.jpg,,,
28799,2026-03-10T20:39:38,photos/photo_26813@10-03-2026_20-39-38.jpg,,,
28800,2026-03-10T20:42:44,photos/photo_26814@10-03-2026_20-42-44.jpg,,https://c.onlyaff.app/73c9zR,"GUESS —-> 28€ 💎
Muchos Colores 🎨"
28801,2026-03-10T20:45:28,photos/photo_26815@10-03-2026_20-45-28.jpg,,https://c.onlyaff.app/73cnLv,ASICS Gel Cumulus 16 —-> 27€ 💎
28802,2026-03-10T20:45:28,photos/photo_26816@10-03-2026_20-45-28.jpg,,,
28803,2026-03-10T20:45:29,photos/photo_26817@10-03-2026_20-45-29.jpg,,,
28804,2026-03-10T20:45:29,photos/photo_26818@10-03-2026_20-45-29.jpg,,,
28805,2026-03-10T20:45:29,photos/photo_26819@10-03-2026_20-45-29.jpg,,,
28806,2026-03-10T20:45:29,photos/photo_26820@10-03-2026_20-45-29.jpg,,,
28807,2026-03-10T20:45:29,photos/photo_26821@10-03-2026_20-45-29.jpg,,,
28808,2026-03-10T20:45:29,photos/photo_26822@10-03-2026_20-45-29.jpg,,,
28809,2026-03-10T20:48:57,photos/photo_26823@10-03-2026_20-48-57.jpg,,https://c.onlyaff.app/73cBqI,"THE NORTH FACE 700 —-> 23€ 💎
Muy recomendada ✅"
28810,2026-03-10T20:48:57,photos/photo_26824@10-03-2026_20-48-57.jpg,,,
28811,2026-03-10T20:48:57,photos/photo_26825@10-03-2026_20-48-57.jpg,,,
28812,2026-03-10T20:48:57,photos/photo_26826@10-03-2026_20-48-57.jpg,,,
28813,2026-03-10T20:48:57,photos/photo_26827@10-03-2026_20-48-57.jpg,,,
28814,2026-03-10T20:48:57,photos/photo_26828@10-03-2026_20-48-57.jpg,,,
28815,2026-03-10T20:48:57,photos/photo_26829@10-03-2026_20-48-57.jpg,,,
28816,2026-03-10T20:55:47,photos/photo_26830@10-03-2026_20-55-47.jpg,,https://c.onlyaff.app/73cVx4,"CONVERSE —-> 24€ 💎
También en Blanco 🎨"
28817,2026-03-10T22:00:25,photos/photo_26831@10-03-2026_22-00-25.jpg,,https://c.onlyaff.app/73gwJX,MARC JACOBS (cartera) —-> 9€ 💎
28818,2026-03-10T22:00:25,photos/photo_26832@10-03-2026_22-00-25.jpg,,,
28819,2026-03-10T22:00:26,photos/photo_26833@10-03-2026_22-00-26.jpg,,,
28821,2026-03-11T08:13:55,photos/photo_26834@11-03-2026_08-13-55.jpg,,https://c.onlyaff.app/73nZvY,"CONVERSE Star Player 76 —-> 37€ 💎
Varios Colores 🎨"
28822,2026-03-11T08:13:55,photos/photo_26835@11-03-2026_08-13-55.jpg,,,
28823,2026-03-11T08:13:55,photos/photo_26836@11-03-2026_08-13-55.jpg,,,
28824,2026-03-11T08:39:08,photos/photo_26837@11-03-2026_08-39-08.jpg,,https://c.onlyaff.app/73oR5B,ADIDAS (chándal completo) —-> 55€ 💎
28825,2026-03-11T08:39:08,photos/photo_26838@11-03-2026_08-39-08.jpg,,,
28826,2026-03-11T08:40:07,photos/photo_26839@11-03-2026_08-40-07.jpg,,https://c.onlyaff.app/73oVcX,ZADIG & VOLTAIRE —-> 29€ 💎
28827,2026-03-11T08:42:19,photos/photo_26840@11-03-2026_08-42-19.jpg,,https://c.onlyaff.app/73oZHj,NEW BALANCE x MIU MIU —-> 50€ 💎
28828,2026-03-11T08:42:19,photos/photo_26841@11-03-2026_08-42-19.jpg,,,
28829,2026-03-11T08:42:19,photos/photo_26842@11-03-2026_08-42-19.jpg,,,
28830,2026-03-11T08:42:19,photos/photo_26843@11-03-2026_08-42-19.jpg,,,
28831,2026-03-11T08:42:19,photos/photo_26844@11-03-2026_08-42-19.jpg,,,
28832,2026-03-11T09:18:07,photos/photo_26845@11-03-2026_09-18-07.jpg,,https://c.onlyaff.app/73vtgG,"ADIDAS España —-> 14€ 💎
Modelos Vintage 🎨"
28833,2026-03-11T09:18:07,photos/photo_26846@11-03-2026_09-18-07.jpg,,,
28834,2026-03-11T09:18:07,photos/photo_26847@11-03-2026_09-18-07.jpg,,,
28835,2026-03-11T09:18:07,photos/photo_26848@11-03-2026_09-18-07.jpg,,,
28836,2026-03-11T09:18:07,photos/photo_26849@11-03-2026_09-18-07.jpg,,,
28837,2026-03-11T09:18:07,photos/photo_26850@11-03-2026_09-18-07.jpg,,,
28838,2026-03-11T09:18:07,photos/photo_26851@11-03-2026_09-18-07.jpg,,,
28839,2026-03-11T09:18:07,photos/photo_26852@11-03-2026_09-18-07.jpg,,,
28840,2026-03-11T09:18:07,photos/photo_26853@11-03-2026_09-18-07.jpg,,,
28841,2026-03-11T09:18:07,photos/photo_26854@11-03-2026_09-18-07.jpg,,,
28842,2026-03-11T10:07:24,photos/photo_26855@11-03-2026_10-07-24.jpg,,https://c.onlyaff.app/73HuxA,"Cafetera Portátil (con molinillo) —-> 83€ 💎
Acepta 2 tipos de cápsulas y café en grano ✅
🚨 Ideal para usar nuestra promoción del 90% ☺️"
28843,2026-03-11T10:58:50,photos/photo_26856@11-03-2026_10-58-50.jpg,,https://c.onlyaff.app/73JO22,CARHARTT (bordado) —-> 9€ 💎
28844,2026-03-11T11:02:36,photos/photo_26857@11-03-2026_11-02-36.jpg,,https://c.onlyaff.app/73K9Cv,CARHARTT —-> 20€ 💎
28845,2026-03-11T11:17:39,photos/photo_26858@11-03-2026_11-17-39.jpg,,https://c.onlyaff.app/73KSti,"Mochila Viaje y Vivac —-> 27€ 💎
Muchos Compartimentos 👍🏻"
28846,2026-03-11T11:22:11,photos/photo_26859@11-03-2026_11-22-11.jpg,,https://c.onlyaff.app/73L70s,VEJA SDU —-> 29€ 💎
28847,2026-03-11T11:22:11,photos/photo_26860@11-03-2026_11-22-11.jpg,,,
28848,2026-03-11T11:22:11,photos/photo_26861@11-03-2026_11-22-11.jpg,,,
28849,2026-03-11T11:22:11,photos/photo_26862@11-03-2026_11-22-11.jpg,,,
28850,2026-03-11T11:22:11,photos/photo_26863@11-03-2026_11-22-11.jpg,,,
28851,2026-03-11T11:22:11,photos/photo_26864@11-03-2026_11-22-11.jpg,,,
28852,2026-03-11T11:22:11,photos/photo_26865@11-03-2026_11-22-11.jpg,,,
28853,2026-03-11T11:22:11,photos/photo_26866@11-03-2026_11-22-11.jpg,,,
28854,2026-03-11T11:22:11,photos/photo_26867@11-03-2026_11-22-11.jpg,,,
28855,2026-03-11T11:22:11,photos/photo_26868@11-03-2026_11-22-11.jpg,,,
28856,2026-03-11T11:50:51,photos/photo_26869@11-03-2026_11-50-51.jpg,,https://c.onlyaff.app/73MBqo,"HOODRICH —-> 7€ 💎
Varios Colores 🎨"
28857,2026-03-11T11:52:52,photos/photo_26870@11-03-2026_11-52-52.jpg,,https://c.onlyaff.app/73MHJy,"LEVIS —-> 8€ 💎
Varios Colores 🎨"
28858,2026-03-11T11:55:59,photos/photo_26871@11-03-2026_11-55-59.jpg,,https://c.onlyaff.app/73MQnU,STONE ISLAND —-> 15€ 💎
28859,2026-03-11T11:59:24,photos/photo_26872@11-03-2026_11-59-24.jpg,,https://c.onlyaff.app/73MVtS,"GOYARD —-> 27€ 💎
Muchos Colores 🎨"
28860,2026-03-11T12:05:22,photos/photo_26873@11-03-2026_12-05-22.jpg,,https://c.onlyaff.app/73NcpP,ADIDAS Tokyo —-> 21€ 💎
28861,2026-03-11T12:05:22,photos/photo_26874@11-03-2026_12-05-22.jpg,,,
28862,2026-03-11T12:05:22,photos/photo_26875@11-03-2026_12-05-22.jpg,,,
28863,2026-03-11T13:01:14,photos/photo_26876@11-03-2026_13-01-14.jpg,,https://c.onlyaff.app/HMuHg,"SAINT BARTH (neceser) —-> 6€ 💎
24 Modelos 🎨"
28864,2026-03-11T13:03:57,photos/photo_26877@11-03-2026_13-03-57.jpg,,https://c.onlyaff.app/73P4dn,SAINT BARTH —-> 26€ 💎
28865,2026-03-11T13:03:57,photos/photo_26878@11-03-2026_13-03-57.jpg,,,
28866,2026-03-11T13:03:57,photos/photo_26879@11-03-2026_13-03-57.jpg,,,
28867,2026-03-11T13:26:56,photos/photo_26880@11-03-2026_13-26-56.jpg,,https://c.onlyaff.app/73Qa19,FRED PERRY —-> 19€ 💎
28868,2026-03-11T14:42:37,photos/photo_26881@11-03-2026_14-42-37.jpg,,https://c.onlyaff.app/73T7OA,"ADIDAS Gazelle Indoor —-> 20€ 💎
Nuevos Colores 🎨"
28869,2026-03-11T14:42:37,photos/photo_26882@11-03-2026_14-42-37.jpg,,,
28870,2026-03-11T14:42:37,photos/photo_26883@11-03-2026_14-42-37.jpg,,,
28871,2026-03-11T14:42:37,photos/photo_26884@11-03-2026_14-42-37.jpg,,,
28872,2026-03-11T14:42:37,photos/photo_26885@11-03-2026_14-42-37.jpg,,,
28873,2026-03-11T14:42:37,photos/photo_26886@11-03-2026_14-42-37.jpg,,,
28874,2026-03-11T14:43:59,photos/photo_26887@11-03-2026_14-43-59.jpg,,https://c.onlyaff.app/73TdpM,ADIDAS Samba XLG —-> 24€ 💎
28875,2026-03-11T14:43:59,photos/photo_26888@11-03-2026_14-43-59.jpg,,,
28876,2026-03-11T14:43:59,photos/photo_26889@11-03-2026_14-43-59.jpg,,,
28877,2026-03-11T14:43:59,photos/photo_26890@11-03-2026_14-43-59.jpg,,,
28878,2026-03-11T14:43:59,photos/photo_26891@11-03-2026_14-43-59.jpg,,,
28879,2026-03-11T15:39:49,photos/photo_26892@11-03-2026_15-39-49.jpg,,https://c.onlyaff.app/73V0Xp,"ALO —-> 8€ 💎
Muchos Colores 🎨"
28880,2026-03-11T15:54:02,photos/photo_26893@11-03-2026_15-54-02.jpg,,https://c.onlyaff.app/740BQD,STUSSY —-> 23€ 💎
28881,2026-03-11T16:07:51,photos/photo_26894@11-03-2026_16-07-51.jpg,,https://c.onlyaff.app/HNaEf,ADIDAS Adimule —-> 30€ 💎
28882,2026-03-11T17:21:19,photos/photo_26895@11-03-2026_17-21-19.jpg,,https://c.onlyaff.app/73Z55d,ADIDAS Tang Denim —-> 50€ 💎
28883,2026-03-11T17:21:19,photos/photo_26896@11-03-2026_17-21-19.jpg,,,
28884,2026-03-11T17:21:19,photos/photo_26897@11-03-2026_17-21-19.jpg,,,
28885,2026-03-11T17:28:07,photos/photo_26898@11-03-2026_17-28-07.jpg,,https://c.onlyaff.app/73ZAQL,ADIDAS SL72 RS —-> 33€ 💎
28886,2026-03-11T17:28:07,photos/photo_26899@11-03-2026_17-28-07.jpg,,,
28887,2026-03-11T17:28:07,photos/photo_26900@11-03-2026_17-28-07.jpg,,,
28888,2026-03-11T17:28:07,photos/photo_26901@11-03-2026_17-28-07.jpg,,,
28889,2026-03-11T17:28:07,photos/photo_26902@11-03-2026_17-28-07.jpg,,,
28890,2026-03-11T17:28:07,photos/photo_26903@11-03-2026_17-28-07.jpg,,,
28891,2026-03-11T17:28:07,photos/photo_26904@11-03-2026_17-28-07.jpg,,,
28892,2026-03-11T17:28:07,photos/photo_26905@11-03-2026_17-28-07.jpg,,,
28894,2026-03-11T17:28:07,photos/photo_26906@11-03-2026_17-28-07.jpg,,,
28895,2026-03-11T17:44:26,photos/photo_26907@11-03-2026_17-44-26.jpg,,https://c.onlyaff.app/740lUa,"OFF WHITE —-> 30€ 💎
Varios Colores 🎨"
28896,2026-03-11T19:21:39,photos/photo_26908@11-03-2026_19-21-39.jpg,,https://c.onlyaff.app/74dfm0,"CAROLINA HERRERA —-> 39€ 💎
Calidad TOP ✅"
28897,2026-03-11T19:21:39,photos/photo_26909@11-03-2026_19-21-39.jpg,,,
28898,2026-03-11T19:21:39,photos/photo_26910@11-03-2026_19-21-39.jpg,,,
28899,2026-03-11T19:21:39,photos/photo_26911@11-03-2026_19-21-39.jpg,,,
28901,2026-03-11T19:28:25,photos/photo_26912@11-03-2026_19-28-25.jpg,,https://c.onlyaff.app/74fo8E,POLO RALPH LAUREN —-> 15€ 💎
28902,2026-03-11T19:30:34,photos/photo_26913@11-03-2026_19-30-34.jpg,,https://c.onlyaff.app/74gkm8,POLO RALPH LAUREN —-> 15€ 💎
28903,2026-03-11T19:31:32,photos/photo_26914@11-03-2026_19-31-32.jpg,,https://c.onlyaff.app/74gHCQ,AMI PARIS —-> 20€ 💎
28904,2026-03-11T19:33:12,photos/photo_26915@11-03-2026_19-33-12.jpg,,https://c.onlyaff.app/74hmEA,CP COMPANY —-> 10€ 💎
28905,2026-03-11T19:34:15,photos/photo_26916@11-03-2026_19-34-15.jpg,,https://c.onlyaff.app/74hNTb,STUSSY —-> 10€ 💎
28906,2026-03-11T19:35:51,photos/photo_26917@11-03-2026_19-35-51.jpg,,https://c.onlyaff.app/74insz,"FRED PERRY (conjunto) —-> 21€ 💎
Muchos Colores 🎨"
28907,2026-03-11T19:37:58,photos/photo_26918@11-03-2026_19-37-58.jpg,,https://c.onlyaff.app/74jiwn,FRED PERRY —-> 22€ 💎
28908,2026-03-11T19:40:14,photos/photo_26919@11-03-2026_19-40-14.jpg,,https://c.onlyaff.app/74k6rh,"POLO RALPH LAUREN (chándal completo) —-> 17€ 17€ 💎
También sin capucha 🎨"
28909,2026-03-11T19:43:41,photos/photo_26920@11-03-2026_19-43-41.jpg,,https://c.onlyaff.app/HPKZF,ADIDAS —-> 25€ 💎
28910,2026-03-11T19:46:33,photos/photo_26921@11-03-2026_19-46-33.jpg,,https://c.onlyaff.app/74mDUV,"VANS Knu Skool —-> 28€ 💎
16 Colores 🎨"
28911,2026-03-11T19:46:33,photos/photo_26922@11-03-2026_19-46-33.jpg,,,
28912,2026-03-11T19:46:33,photos/photo_26923@11-03-2026_19-46-33.jpg,,,
28913,2026-03-11T19:46:33,photos/photo_26924@11-03-2026_19-46-33.jpg,,,
28914,2026-03-11T19:46:33,photos/photo_26925@11-03-2026_19-46-33.jpg,,,
28915,2026-03-11T19:46:33,photos/photo_26926@11-03-2026_19-46-33.jpg,,,
28916,2026-03-11T19:46:33,photos/photo_26927@11-03-2026_19-46-33.jpg,,,
28917,2026-03-11T19:46:33,photos/photo_26928@11-03-2026_19-46-33.jpg,,,
28918,2026-03-11T19:46:33,photos/photo_26929@11-03-2026_19-46-33.jpg,,,
28919,2026-03-11T20:47:27,photos/photo_26930@11-03-2026_20-47-27.jpg,,https://c.onlyaff.app/74pOSt,"ADIDAS Spezial ""Sporty & Rich"" —-> 23€ 💎"
28920,2026-03-11T20:47:27,photos/photo_26931@11-03-2026_20-47-27.jpg,,,
28921,2026-03-11T20:47:27,photos/photo_26932@11-03-2026_20-47-27.jpg,,,
28922,2026-03-11T20:47:27,photos/photo_26933@11-03-2026_20-47-27.jpg,,,
28923,2026-03-11T20:47:27,photos/photo_26934@11-03-2026_20-47-27.jpg,,,
28924,2026-03-11T20:49:35,photos/photo_26935@11-03-2026_20-49-35.jpg,,https://c.onlyaff.app/74pWkl,"ADIDAS Spezial x CORDURA —-> 22€ 💎
Muchos Colores 🎨"
28925,2026-03-11T20:49:35,photos/photo_26936@11-03-2026_20-49-35.jpg,,,
28926,2026-03-11T20:49:36,photos/photo_26937@11-03-2026_20-49-36.jpg,,,
28927,2026-03-11T20:49:36,photos/photo_26938@11-03-2026_20-49-36.jpg,,,
28928,2026-03-11T20:49:36,photos/photo_26939@11-03-2026_20-49-36.jpg,,,
28929,2026-03-11T21:34:53,photos/photo_26940@11-03-2026_21-34-53.jpg,,https://c.onlyaff.app/74smuU,"ADIDAS Samba OG —-> 24€ 💎
También en Gris 🎨"
28930,2026-03-11T21:40:32,photos/photo_26941@11-03-2026_21-40-32.jpg,,https://c.onlyaff.app/74sD1V,THE NORTH FACE —-> 29€ 💎
28931,2026-03-11T21:40:32,photos/photo_26942@11-03-2026_21-40-32.jpg,,,
28932,2026-03-11T21:40:32,photos/photo_26943@11-03-2026_21-40-32.jpg,,,
28933,2026-03-11T21:40:32,photos/photo_26944@11-03-2026_21-40-32.jpg,,,
28934,2026-03-11T21:40:32,photos/photo_26945@11-03-2026_21-40-32.jpg,,,
28935,2026-03-11T21:50:10,photos/photo_26946@11-03-2026_21-50-10.jpg,,https://c.onlyaff.app/HQw3C,STUSSY (bordado) —-> 34€ 💎
28936,2026-03-11T21:54:35,photos/photo_26947@11-03-2026_21-54-35.jpg,,https://c.onlyaff.app/74tpKN,FEAR OF GOD —-> 20€ 💎
28937,2026-03-11T21:58:31,photos/photo_26948@11-03-2026_21-58-31.jpg,,https://c.onlyaff.app/74tFLQ,"POLO RALPH LAUREN (grande) —-> 41€ 💎
(Fotos realizadas por mi) 📸"
28938,2026-03-11T22:00:05,photos/photo_26949@11-03-2026_22-00-05.jpg,,https://c.onlyaff.app/74tMSE,"POLO RALPH LAUREN —-> 16€ 💎
20 Colores 🎨
(Fotos realizadas por mi) 📸"
28939,2026-03-11T22:01:30,photos/photo_26950@11-03-2026_22-01-30.jpg,,https://c.onlyaff.app/74tSeg,"MONCLER —-> 19€ 💎
Varios Colores 🎨
(Fotos realizadas por mi) 📸"
28940,2026-03-11T22:13:00,photos/photo_26951@11-03-2026_22-13-00.jpg,,https://c.onlyaff.app/74ukRj,UNDER ARMOUR (5 pares) —-> 9€ 💎
28941,2026-03-11T23:12:01,photos/photo_26952@11-03-2026_23-12-01.jpg,,,"🚨🔥 PROMO BRUTAL SOLO ESTA SEMANA EN HACOO🔥🚨

Durante esta semana, todas las personas que hagan su pedido a través de nuestros links van a conseguir algo increíble 👇

💥 ¡90% DE DESCUENTO en el producto MÁS CARO de tu pedido!
(Sí, has leído bien 😳).

👉 Si haces un pedido con varios productos, el artículo de mayor precio te saldrá prácticamente regalado.

Y eso no es todo… 👀

🎁 Si además utilizas nuestro código de descuento, obtendrás un 14% EXTRA adicional sobre el resto de tu compra. (Os dejamos los códigos de descuento al final de este post)

⚠️ Si no accedes directamente desde nuestros links, la promoción NO se activa.

💡 Si ya hiciste un pedido, puedes crear una cuenta nueva desde el móvil de un familiar o amigo y aprovechar la promo como cliente nuevo.

🎁 Códigos: 𝗛𝗔𝗖𝗢𝗢𝗘𝗦𝗣𝟭𝟰 , 𝗦𝗨𝗣𝗘𝗥𝟭𝟰"
28942,2026-03-12T08:20:12,photos/photo_26953@12-03-2026_08-20-12.jpg,,https://c.onlyaff.app/74u5EU,DR MARTENS —-> 40€ 💎
28943,2026-03-12T09:10:12,photos/photo_26954@12-03-2026_09-10-12.jpg,,https://c.onlyaff.app/HQCut,ADIDAS SL72 x BAD BUNNY —-> 40€ 💎
28944,2026-03-12T09:10:12,photos/photo_26955@12-03-2026_09-10-12.jpg,,,
28945,2026-03-12T09:10:12,photos/photo_26956@12-03-2026_09-10-12.jpg,,,
28946,2026-03-12T09:35:18,photos/photo_26957@12-03-2026_09-35-18.jpg,,https://c.onlyaff.app/74uowc,"SAINT BARTH —-> 15€ 💎
Varios Colores 🎨"
28947,2026-03-12T09:36:34,photos/photo_26958@12-03-2026_09-36-34.jpg,,https://c.onlyaff.app/74TMFe,"ADIDAS —-> 12€ 💎
Varios Colores 🎨"
28948,2026-03-12T10:02:34,photos/photo_26959@12-03-2026_10-02-34.jpg,,https://c.onlyaff.app/74Z4Vk,"CORTEIZ —-> 9€ 💎
También en Negro 🎨"
28949,2026-03-12T10:25:04,photos/photo_26960@12-03-2026_10-25-04.jpg,,https://c.onlyaff.app/750j9i,"ESSENTIALS (conjunto) —-> 31€ 💎
Varios Colores 🎨"
28950,2026-03-12T11:36:23,photos/photo_26961@12-03-2026_11-36-23.jpg,,https://c.onlyaff.app/753xa1,"NIKE Air Force 1 —-> 18€ 💎
También en Negro 🎨
(YepExpress)"
28951,2026-03-12T12:06:12,photos/photo_26962@12-03-2026_12-06-12.jpg,,https://c.onlyaff.app/HUi6M,PALM ANGELS —-> 8€ 💎
28952,2026-03-12T12:08:20,photos/photo_26963@12-03-2026_12-08-20.jpg,,https://c.onlyaff.app/7550iU,SP5DER —-> 28€ 💎
28954,2026-03-12T13:08:05,photos/photo_26964@12-03-2026_13-08-05.jpg,,https://c.onlyaff.app/757YXi,"APPLE Watch Serie 10 —-> 33€ 💎
🚨 Nuevo enlace se agota muy rápido 💨 
(Fotos realizadas por mi) 📸"
28955,2026-03-12T13:08:05,photos/photo_26965@12-03-2026_13-08-05.jpg,,,
28956,2026-03-12T13:08:05,photos/photo_26966@12-03-2026_13-08-05.jpg,,,
28957,2026-03-12T13:08:05,photos/photo_26967@12-03-2026_13-08-05.jpg,,,
28958,2026-03-12T15:08:15,photos/photo_26968@12-03-2026_15-08-15.jpg,,https://c.onlyaff.app/HV8e8,"POLO RALPH LAUREN —-> 15€ 💎
Varios Colores 🎨"
28959,2026-03-12T15:12:06,photos/photo_26969@12-03-2026_15-12-06.jpg,,https://c.onlyaff.app/75drfi,"STONE ISLAND —-> 13€ 💎
Muchos Colores 🎨"
28960,2026-03-12T15:49:56,photos/photo_26970@12-03-2026_15-49-56.jpg,,https://c.onlyaff.app/75eMpP,"THE NORTH FACE —-> 48€ 💎
También en Negro 🎨"
28961,2026-03-12T17:48:51,photos/photo_26971@12-03-2026_17-48-51.jpg,,https://c.onlyaff.app/75k6WG,"NEW BALANCE 9060 —-> 24€/27€ 💎
Muchos Colores 🎨
(YepExpress)"
28962,2026-03-12T18:19:57,photos/photo_26972@12-03-2026_18-19-57.jpg,,https://c.onlyaff.app/HVVlB,"STONE ISLAND —-> 18€ 💎
Muchos Colores 🎨"
28963,2026-03-12T18:34:13,photos/photo_26973@12-03-2026_18-34-13.jpg,,https://c.onlyaff.app/75lYVi,STUSSY —-> 5€ 💎
28964,2026-03-12T18:34:13,photos/photo_26974@12-03-2026_18-34-13.jpg,,,
28965,2026-03-12T18:34:13,photos/photo_26975@12-03-2026_18-34-13.jpg,,,
28966,2026-03-12T18:34:13,photos/photo_26976@12-03-2026_18-34-13.jpg,,,
28967,2026-03-12T18:34:14,photos/photo_26977@12-03-2026_18-34-14.jpg,,,
28968,2026-03-12T18:34:14,photos/photo_26978@12-03-2026_18-34-14.jpg,,,
28969,2026-03-12T18:34:14,photos/photo_26979@12-03-2026_18-34-14.jpg,,,
28970,2026-03-12T18:34:14,photos/photo_26980@12-03-2026_18-34-14.jpg,,,
28971,2026-03-12T18:35:44,photos/photo_26981@12-03-2026_18-35-44.jpg,,https://c.onlyaff.app/75m2CE,PATAGONIA —-> 34€ 💎
28976,2026-03-12T18:37:44,photos/photo_26982@12-03-2026_18-37-44.jpg,,https://c.onlyaff.app/75m6PL,CARHARTT —-> 6€ 💎
28977,2026-03-12T18:37:44,photos/photo_26983@12-03-2026_18-37-44.jpg,,,
28978,2026-03-12T18:37:44,photos/photo_26984@12-03-2026_18-37-44.jpg,,,
28979,2026-03-12T18:40:40,photos/photo_26985@12-03-2026_18-40-40.jpg,,https://c.onlyaff.app/75md1f,"ALO (chándal completo) —-> 40€ 💎
Varios Colores 🎨"
28980,2026-03-12T18:42:32,photos/photo_26986@12-03-2026_18-42-32.jpg,,https://c.onlyaff.app/75mgTR,"ALO (chándal completo) —-> 31€ 💎
Varios Colores 🎨"
28981,2026-03-12T18:45:17,photos/photo_26987@12-03-2026_18-45-17.jpg,,https://c.onlyaff.app/75mlhW,"X-GEOCK SpeedTimer —-> 20€ 💎
Varios Colores 🎨"
28982,2026-03-12T18:50:25,photos/photo_26988@12-03-2026_18-50-25.jpg,,https://c.onlyaff.app/75mpPd,BAGOLEE Nautilus —-> 12€ 💎
28983,2026-03-12T18:50:25,photos/photo_26989@12-03-2026_18-50-25.jpg,,,
28984,2026-03-12T18:50:25,photos/photo_26990@12-03-2026_18-50-25.jpg,,,
28985,2026-03-12T18:54:29,photos/photo_26991@12-03-2026_18-54-29.jpg,,https://c.onlyaff.app/75mxk6,ADIDAS x Varios Equipos —-> 23€ 💎
28986,2026-03-12T18:54:29,photos/photo_26992@12-03-2026_18-54-29.jpg,,,
28987,2026-03-12T18:54:29,photos/photo_26993@12-03-2026_18-54-29.jpg,,,
28988,2026-03-12T18:59:52,photos/photo_26994@12-03-2026_18-59-52.jpg,,https://c.onlyaff.app/75mGh1,ADIDAS AdiRacer —-> 16€ 💎
28989,2026-03-12T18:59:52,photos/photo_26995@12-03-2026_18-59-52.jpg,,,
28990,2026-03-12T18:59:52,photos/photo_26996@12-03-2026_18-59-52.jpg,,,
28991,2026-03-12T19:01:59,photos/photo_26997@12-03-2026_19-01-59.jpg,,https://c.onlyaff.app/75niqy,CORTEIZ (bañador) —-> 22€ 💎
28992,2026-03-12T19:01:59,photos/photo_26998@12-03-2026_19-01-59.jpg,,,
28993,2026-03-12T19:01:59,photos/photo_26999@12-03-2026_19-01-59.jpg,,,
28994,2026-03-12T19:06:00,photos/photo_27000@12-03-2026_19-06-00.jpg,,https://c.onlyaff.app/75owxu,"RHODE (eye prep) —-> 14€ 💎
Pack 6 👀"
28995,2026-03-12T19:06:00,photos/photo_27001@12-03-2026_19-06-00.jpg,,,
28996,2026-03-12T19:06:00,photos/photo_27002@12-03-2026_19-06-00.jpg,,,
28997,2026-03-12T19:12:19,photos/photo_27003@12-03-2026_19-12-19.jpg,,https://c.onlyaff.app/75pTXo,"POLO RALPH LAUREN —-> 27€ 💎
Varios Colores 🎨"
28998,2026-03-12T19:15:38,photos/photo_27004@12-03-2026_19-15-38.jpg,,https://c.onlyaff.app/75re1K,"POLO RALPH LAUREN —-> 33€ 💎
Varios Colores 🎨"
28999,2026-03-12T19:31:10,photos/photo_27005@12-03-2026_19-31-10.jpg,,https://c.onlyaff.app/75wksW,ADIDAS Samba OG —-> 20€ 💎
29000,2026-03-12T19:31:10,photos/photo_27006@12-03-2026_19-31-10.jpg,,,
29001,2026-03-12T19:31:10,photos/photo_27007@12-03-2026_19-31-10.jpg,,,
29002,2026-03-12T19:35:08,photos/photo_27008@12-03-2026_19-35-08.jpg,,https://c.onlyaff.app/HXeMD,ADIDAS Sambae —-> 24€ 💎
29003,2026-03-12T19:35:08,photos/photo_27009@12-03-2026_19-35-08.jpg,,,
29004,2026-03-12T19:35:09,photos/photo_27010@12-03-2026_19-35-09.jpg,,,
29005,2026-03-12T20:37:51,photos/photo_27011@12-03-2026_20-37-51.jpg,,https://c.onlyaff.app/HYcnD,"ADIDAS Futbol Retro —-> 14€ 💎
20 Modelos 🎨"
29006,2026-03-12T20:37:51,photos/photo_27012@12-03-2026_20-37-51.jpg,,,
29007,2026-03-12T20:37:51,photos/photo_27013@12-03-2026_20-37-51.jpg,,,
29008,2026-03-12T20:37:51,photos/photo_27014@12-03-2026_20-37-51.jpg,,,
29009,2026-03-12T20:37:51,photos/photo_27015@12-03-2026_20-37-51.jpg,,,
29010,2026-03-12T20:37:51,photos/photo_27016@12-03-2026_20-37-51.jpg,,,
29011,2026-03-12T20:37:51,photos/photo_27017@12-03-2026_20-37-51.jpg,,,
29012,2026-03-12T20:37:51,photos/photo_27018@12-03-2026_20-37-51.jpg,,,
29013,2026-03-12T20:37:51,photos/photo_27019@12-03-2026_20-37-51.jpg,,,
29014,2026-03-12T20:37:51,photos/photo_27020@12-03-2026_20-37-51.jpg,,,
29015,2026-03-12T20:39:54,photos/photo_27021@12-03-2026_20-39-54.jpg,,https://c.onlyaff.app/75J0FX,"ADIDAS España 26/27 —-> 16€ 💎
Muchos Dorsales 🎨"
29016,2026-03-12T20:41:28,photos/photo_27022@12-03-2026_20-41-28.jpg,,https://c.onlyaff.app/75JoN2,"VEJA —-> 24€ 💎
18 Colores 🎨"
29017,2026-03-12T20:43:19,photos/photo_27023@12-03-2026_20-43-19.jpg,,https://c.onlyaff.app/75JvvC,"ON CloudSurfer —-> 32€ 💎
19 Colores 🎨"
29018,2026-03-12T20:45:05,photos/photo_27024@12-03-2026_20-45-05.jpg,,https://c.onlyaff.app/75JDBF,AMIRI Court —-> 40€ 💎
29019,2026-03-12T20:45:05,photos/photo_27025@12-03-2026_20-45-05.jpg,,,
29020,2026-03-12T20:45:05,photos/photo_27026@12-03-2026_20-45-05.jpg,,,
29021,2026-03-12T20:45:05,photos/photo_27027@12-03-2026_20-45-05.jpg,,,
29022,2026-03-12T20:45:05,photos/photo_27028@12-03-2026_20-45-05.jpg,,,
29023,2026-03-12T20:45:05,photos/photo_27029@12-03-2026_20-45-05.jpg,,,
29024,2026-03-12T20:45:05,photos/photo_27030@12-03-2026_20-45-05.jpg,,,
29025,2026-03-12T20:45:05,photos/photo_27031@12-03-2026_20-45-05.jpg,,,
29026,2026-03-12T20:45:05,photos/photo_27032@12-03-2026_20-45-05.jpg,,,
29027,2026-03-12T20:47:29,photos/photo_27033@12-03-2026_20-47-29.jpg,,https://c.onlyaff.app/75JTtW,"MIZUNO Neo Vista —-> 34€ 💎
12 Colores 🎨"
29028,2026-03-12T20:47:30,photos/photo_27034@12-03-2026_20-47-30.jpg,,,
29029,2026-03-12T20:47:30,photos/photo_27035@12-03-2026_20-47-30.jpg,,,
29030,2026-03-12T20:50:20,photos/photo_27036@12-03-2026_20-50-20.jpg,,https://c.onlyaff.app/75JZsb,"AMIRI Pacific Bones —-> 37€ 💎
Muchos Colores 🎨"
29031,2026-03-12T20:51:36,photos/photo_27037@12-03-2026_20-51-36.jpg,,https://c.onlyaff.app/75K4M9,"VANS Hylane —-> 29€ 💎
13 Colores 🎨"
29032,2026-03-12T20:54:10,photos/photo_27038@12-03-2026_20-54-10.jpg,,https://c.onlyaff.app/75KaeK,ESSENTIALS (conjunto bordado) —-> 28€ 💎
29033,2026-03-12T21:03:44,photos/photo_27039@12-03-2026_21-03-44.jpg,,https://c.onlyaff.app/75KJts,ADIDAS Samba OG W —-> 21€ 💎
29037,2026-03-12T22:52:09,photos/photo_27040@12-03-2026_22-52-09.jpg,,https://c.onlyaff.app/75P0x5,"NUDE PROJECT —-> 28€ 💎
Varios Colores 🎨
🚨 Se agotaron muy rápido 💨"
29039,2026-03-13T09:36:11,photos/photo_27041@13-03-2026_09-36-11.jpg,,https://c.onlyaff.app/769LxQ,"CORTEIZ —-> 37€ 💎
Muchos Colores 🎨"
29040,2026-03-13T10:57:08,photos/photo_27042@13-03-2026_10-57-08.jpg,,https://c.onlyaff.app/76hueJ,"CARHARTT —-> 10€ 💎
Varios Colores 🎨"
29041,2026-03-13T11:07:28,photos/photo_27043@13-03-2026_11-07-28.jpg,,https://c.onlyaff.app/76hY9Q,"Mochila Viaje (medidas equipaje de mano) —-> 33€ 💎
Incluye Cargador 🔋
Varios Colores 🎨
Vuelve a estar disponible ✅"
29042,2026-03-13T11:07:28,photos/photo_27044@13-03-2026_11-07-28.jpg,,,
29043,2026-03-13T11:07:28,photos/photo_27045@13-03-2026_11-07-28.jpg,,,
29044,2026-03-13T11:27:27,photos/photo_27046@13-03-2026_11-27-27.jpg,,https://c.onlyaff.app/76jjOt,"OFF WHITE Be Right Back —-> 34€ 💎
Muchos Colores 🎨"
29045,2026-03-13T11:27:27,photos/photo_27047@13-03-2026_11-27-27.jpg,,,
29046,2026-03-13T11:27:27,photos/photo_27048@13-03-2026_11-27-27.jpg,,,
29047,2026-03-13T11:27:27,photos/photo_27049@13-03-2026_11-27-27.jpg,,,
29048,2026-03-13T11:27:27,photos/photo_27050@13-03-2026_11-27-27.jpg,,,
29049,2026-03-13T11:27:27,photos/photo_27051@13-03-2026_11-27-27.jpg,,,
29050,2026-03-13T11:27:27,photos/photo_27052@13-03-2026_11-27-27.jpg,,,
29051,2026-03-13T11:27:27,photos/photo_27053@13-03-2026_11-27-27.jpg,,,
29052,2026-03-13T11:27:27,photos/photo_27054@13-03-2026_11-27-27.jpg,,,
29053,2026-03-13T11:54:54,photos/photo_27055@13-03-2026_11-54-54.jpg,,https://c.onlyaff.app/76kJDf,"PATAGONIA —-> 34€ 💎
Muchos Modelos 🎨"
29054,2026-03-13T11:54:54,photos/photo_27056@13-03-2026_11-54-54.jpg,,,
29055,2026-03-13T11:54:54,photos/photo_27057@13-03-2026_11-54-54.jpg,,,
29056,2026-03-13T11:58:36,photos/photo_27058@13-03-2026_11-58-36.jpg,,https://c.onlyaff.app/76kOvZ,COLE BUXTON —-> 36€ 💎
29057,2026-03-13T11:58:36,photos/photo_27059@13-03-2026_11-58-36.jpg,,,
29058,2026-03-13T11:58:36,photos/photo_27060@13-03-2026_11-58-36.jpg,,,
29059,2026-03-13T12:03:14,photos/photo_27061@13-03-2026_12-03-14.jpg,,https://c.onlyaff.app/76l5Ch,SYNA —-> 34€ 💎
29060,2026-03-13T12:03:14,photos/photo_27062@13-03-2026_12-03-14.jpg,,,
29061,2026-03-13T12:03:14,photos/photo_27063@13-03-2026_12-03-14.jpg,,,
29062,2026-03-13T12:06:55,photos/photo_27064@13-03-2026_12-06-55.jpg,,https://c.onlyaff.app/76l9OT,"ADIDAS —-> 12€ 💎
También en Negro 🎨"
29063,2026-03-13T13:17:57,photos/photo_27065@13-03-2026_13-17-57.jpg,,https://c.onlyaff.app/76oxlx,"ESSENTIALS x FEAR OF GOD (chándal completo) —-> 62€ 💎
También en Negro 🎨"
29064,2026-03-13T14:41:04,photos/photo_27066@13-03-2026_14-41-04.jpg,,https://c.onlyaff.app/76sdWx,HOKA Speed 4 —-> 33€ 💎
29065,2026-03-13T14:41:04,photos/photo_27067@13-03-2026_14-41-04.jpg,,,
29066,2026-03-13T14:41:04,photos/photo_27068@13-03-2026_14-41-04.jpg,,,
29067,2026-03-13T14:41:04,photos/photo_27069@13-03-2026_14-41-04.jpg,,,
29068,2026-03-13T14:41:04,photos/photo_27070@13-03-2026_14-41-04.jpg,,,
29069,2026-03-13T14:41:04,photos/photo_27071@13-03-2026_14-41-04.jpg,,,
29070,2026-03-13T14:41:05,photos/photo_27072@13-03-2026_14-41-05.jpg,,,
29071,2026-03-13T14:41:05,photos/photo_27073@13-03-2026_14-41-05.jpg,,,
29072,2026-03-13T16:37:44,photos/photo_27074@13-03-2026_16-37-44.jpg,,https://c.onlyaff.app/I3o2c,"POLO RALPH LAUREN (bañador) —-> 15€ 💎
Muchos Colores 🎨"
29073,2026-03-13T16:46:54,photos/photo_27075@13-03-2026_16-46-54.jpg,,https://c.onlyaff.app/76yd0k,"ADIDAS Samba OG ""Silver"" —-> 21€ 💎"
29074,2026-03-13T17:16:09,photos/photo_27076@13-03-2026_17-16-09.jpg,,https://c.onlyaff.app/76znT1,ADIDAS Spezial —-> 19€ 💎
29075,2026-03-13T17:16:09,photos/photo_27077@13-03-2026_17-16-09.jpg,,,
29076,2026-03-13T17:16:09,photos/photo_27078@13-03-2026_17-16-09.jpg,,,
29077,2026-03-13T17:16:10,photos/photo_27079@13-03-2026_17-16-10.jpg,,,
29078,2026-03-13T17:16:10,photos/photo_27080@13-03-2026_17-16-10.jpg,,,
29079,2026-03-13T17:16:10,photos/photo_27081@13-03-2026_17-16-10.jpg,,,
29081,2026-03-13T17:16:10,photos/photo_27082@13-03-2026_17-16-10.jpg,,,
29082,2026-03-13T17:16:10,photos/photo_27083@13-03-2026_17-16-10.jpg,,,
29083,2026-03-13T17:16:10,photos/photo_27084@13-03-2026_17-16-10.jpg,,,
29084,2026-03-13T18:24:45,photos/photo_27085@13-03-2026_18-24-45.jpg,,https://c.onlyaff.app/76CjDU,VANS Super LowPro —-> 25€ 💎
29085,2026-03-13T18:24:45,photos/photo_27086@13-03-2026_18-24-45.jpg,,,
29086,2026-03-13T18:24:45,photos/photo_27087@13-03-2026_18-24-45.jpg,,,
29087,2026-03-13T18:24:45,photos/photo_27088@13-03-2026_18-24-45.jpg,,,
29088,2026-03-13T18:24:45,photos/photo_27089@13-03-2026_18-24-45.jpg,,,
29089,2026-03-13T18:24:45,photos/photo_27090@13-03-2026_18-24-45.jpg,,,
29090,2026-03-13T18:24:45,photos/photo_27091@13-03-2026_18-24-45.jpg,,,
29091,2026-03-13T18:27:59,photos/photo_27092@13-03-2026_18-27-59.jpg,,https://c.onlyaff.app/76CzMs,"SYNA (conjunto) —-> 34€ 💎
Varios Colores 🎨"
29092,2026-03-13T18:29:14,photos/photo_27093@13-03-2026_18-29-14.jpg,,https://c.onlyaff.app/76CEWd,POLO RALPH LAUREN —-> 23€ 💎
29093,2026-03-13T18:46:00,photos/photo_27094@13-03-2026_18-46-00.jpg,,https://c.onlyaff.app/76DyBQ,ADIDAS —-> 19€ 💎
29094,2026-03-13T19:20:44,photos/photo_27095@13-03-2026_19-20-44.jpg,,https://c.onlyaff.app/76MWMo,"POLO RALPH LAUREN —-> 18€ 💎
Varios Colores 🎨"
29095,2026-03-13T19:22:13,photos/photo_27096@13-03-2026_19-22-13.jpg,,https://c.onlyaff.app/76N9M0,POLO RALPH LAUREN —-> 23€ 💎
29096,2026-03-13T19:22:13,photos/photo_27097@13-03-2026_19-22-13.jpg,,,
29097,2026-03-13T19:22:13,photos/photo_27098@13-03-2026_19-22-13.jpg,,,
29098,2026-03-13T19:43:11,photos/photo_27099@13-03-2026_19-43-11.jpg,,https://c.onlyaff.app/76UCjy,STUSSY (bordado) —-> 19€ 💎
29099,2026-03-13T19:50:09,photos/photo_27100@13-03-2026_19-50-09.jpg,,https://c.onlyaff.app/76WBXC,GOLDEN GOOSE —-> 31€ 💎
29100,2026-03-13T19:50:09,photos/photo_27101@13-03-2026_19-50-09.jpg,,,
29101,2026-03-13T19:50:10,photos/photo_27102@13-03-2026_19-50-10.jpg,,,
29102,2026-03-13T19:50:10,photos/photo_27103@13-03-2026_19-50-10.jpg,,,
29103,2026-03-13T19:50:10,photos/photo_27104@13-03-2026_19-50-10.jpg,,,
29104,2026-03-13T19:50:10,photos/photo_27105@13-03-2026_19-50-10.jpg,,,
29105,2026-03-13T19:50:10,photos/photo_27106@13-03-2026_19-50-10.jpg,,,
29106,2026-03-13T19:50:10,photos/photo_27107@13-03-2026_19-50-10.jpg,,,
29107,2026-03-13T19:57:16,photos/photo_27108@13-03-2026_19-57-16.jpg,,https://c.onlyaff.app/76WUVR,"BAPE Sta —-> 38€ 💎
20 Colores 🎨"
29108,2026-03-13T19:57:16,photos/photo_27109@13-03-2026_19-57-16.jpg,,,
29109,2026-03-13T19:57:16,photos/photo_27110@13-03-2026_19-57-16.jpg,,,
29110,2026-03-13T19:57:16,photos/photo_27111@13-03-2026_19-57-16.jpg,,,
29111,2026-03-13T19:57:16,photos/photo_27112@13-03-2026_19-57-16.jpg,,,
29112,2026-03-13T19:57:16,photos/photo_27113@13-03-2026_19-57-16.jpg,,,
29113,2026-03-13T19:57:16,photos/photo_27114@13-03-2026_19-57-16.jpg,,,
29114,2026-03-13T19:57:16,photos/photo_27115@13-03-2026_19-57-16.jpg,,,
29115,2026-03-13T19:57:16,photos/photo_27116@13-03-2026_19-57-16.jpg,,,
29116,2026-03-13T20:02:40,photos/photo_27117@13-03-2026_20-02-40.jpg,,https://c.onlyaff.app/76X4Pr,AMIRI —-> 9€ 💎
29117,2026-03-13T20:05:28,photos/photo_27118@13-03-2026_20-05-28.jpg,,https://c.onlyaff.app/76Xatd,AMI PARIS —-> 18€ 💎
29118,2026-03-13T20:28:47,photos/photo_27119@13-03-2026_20-28-47.jpg,,https://c.onlyaff.app/76YqO4,"RHODE (funda + labial) —-> 5€ 💎
10 Colores 🎨
Para todos los IPhone 📱
(incluidos los 17)"
29119,2026-03-13T20:28:47,photos/photo_27120@13-03-2026_20-28-47.jpg,,,
29120,2026-03-13T20:28:47,photos/photo_27121@13-03-2026_20-28-47.jpg,,,
29121,2026-03-13T22:18:04,photos/photo_27122@13-03-2026_22-18-04.jpg,,https://c.onlyaff.app/772uj2,"MONCLER x BILLIONAIRE —-> 9€ 💎
También en Blanco 🎨"
29122,2026-03-13T22:20:47,photos/photo_27123@13-03-2026_22-20-47.jpg,,https://c.onlyaff.app/772ym3,"CARHARTT —-> 8€ 💎
Muchos Colores 🎨"
29123,2026-03-13T22:22:50,photos/photo_27124@13-03-2026_22-22-50.jpg,,https://c.onlyaff.app/772BZZ,"THE NORTH FACE —-> 28€ 💎
Muchos Colores 🎨"
29124,2026-03-13T22:40:37,photos/photo_27125@13-03-2026_22-40-37.jpg,,https://c.onlyaff.app/773eer,"REEBOK Club C —-> 27€ 💎
24 Colores 🎨"
29125,2026-03-13T22:40:37,photos/photo_27126@13-03-2026_22-40-37.jpg,,,
29126,2026-03-13T22:40:37,photos/photo_27127@13-03-2026_22-40-37.jpg,,,
29127,2026-03-13T22:40:37,photos/photo_27128@13-03-2026_22-40-37.jpg,,,
29128,2026-03-13T22:40:37,photos/photo_27129@13-03-2026_22-40-37.jpg,,,
29129,2026-03-13T22:40:37,photos/photo_27130@13-03-2026_22-40-37.jpg,,,
29130,2026-03-13T22:40:37,photos/photo_27131@13-03-2026_22-40-37.jpg,,,
29131,2026-03-13T22:40:37,photos/photo_27132@13-03-2026_22-40-37.jpg,,,
29132,2026-03-13T22:43:40,photos/photo_27133@13-03-2026_22-43-40.jpg,,https://c.onlyaff.app/773w5y,"ASICS NovaBlast 5 —-> 29€ 💎
17 Colores 🎨"
29134,2026-03-14T09:49:38,photos/photo_27134@14-03-2026_09-49-38.jpg,,https://c.onlyaff.app/77uFRb,BIRKENSTOCK —-> 34€ 💎
29135,2026-03-14T09:53:53,photos/photo_27135@14-03-2026_09-53-53.jpg,,https://c.onlyaff.app/77uYOt,"ASICS Gel NYC —-> 25€ 💎
15 Colores 🎨"
29136,2026-03-14T09:53:53,photos/photo_27136@14-03-2026_09-53-53.jpg,,,
29137,2026-03-14T09:53:53,photos/photo_27137@14-03-2026_09-53-53.jpg,,,
29138,2026-03-14T09:53:53,photos/photo_27138@14-03-2026_09-53-53.jpg,,,
29139,2026-03-14T09:53:53,photos/photo_27139@14-03-2026_09-53-53.jpg,,,
29140,2026-03-14T09:53:53,photos/photo_27140@14-03-2026_09-53-53.jpg,,,
29141,2026-03-14T09:53:53,photos/photo_27141@14-03-2026_09-53-53.jpg,,,
29142,2026-03-14T09:53:53,photos/photo_27142@14-03-2026_09-53-53.jpg,,,
29143,2026-03-14T11:59:11,photos/photo_27143@14-03-2026_11-59-11.jpg,,https://c.onlyaff.app/77CNJL,GOLDEN GOOSE —-> 29€ 💎
29144,2026-03-14T11:59:11,photos/photo_27144@14-03-2026_11-59-11.jpg,,,
29145,2026-03-14T11:59:11,photos/photo_27145@14-03-2026_11-59-11.jpg,,,
29146,2026-03-14T11:59:11,photos/photo_27146@14-03-2026_11-59-11.jpg,,,
29147,2026-03-14T11:59:11,photos/photo_27147@14-03-2026_11-59-11.jpg,,,
29148,2026-03-14T11:59:11,photos/photo_27148@14-03-2026_11-59-11.jpg,,,
29149,2026-03-14T12:02:42,photos/photo_27149@14-03-2026_12-02-42.jpg,,https://c.onlyaff.app/77D2wc,ADIDAS Samba OG —-> 20€ 💎
29150,2026-03-14T12:02:42,photos/photo_27150@14-03-2026_12-02-42.jpg,,,
29151,2026-03-14T12:02:42,photos/photo_27151@14-03-2026_12-02-42.jpg,,,
29153,2026-03-14T14:07:15,photos/photo_27152@14-03-2026_14-07-15.jpg,,https://c.onlyaff.app/77JKv5,ADIDAS —-> 17€ 💎
29154,2026-03-14T15:12:04,photos/photo_27153@14-03-2026_15-12-04.jpg,,https://c.onlyaff.app/77QNNm,"YEEZY Slide —-> 20€ 💎
Muchos Colores 🎨"
29155,2026-03-14T15:12:04,photos/photo_27154@14-03-2026_15-12-04.jpg,,,
29156,2026-03-14T15:12:05,photos/photo_27155@14-03-2026_15-12-05.jpg,,,
29157,2026-03-14T18:54:08,photos/photo_27156@14-03-2026_18-54-08.jpg,,https://c.onlyaff.app/77VLgP,THE NORTH FACE Glenclyffe —-> 40€ 💎
29158,2026-03-14T18:54:08,photos/photo_27157@14-03-2026_18-54-08.jpg,,,
29159,2026-03-14T18:54:08,photos/photo_27158@14-03-2026_18-54-08.jpg,,,
29160,2026-03-14T18:54:08,photos/photo_27159@14-03-2026_18-54-08.jpg,,,
29161,2026-03-14T18:54:08,photos/photo_27160@14-03-2026_18-54-08.jpg,,,
29162,2026-03-14T18:54:08,photos/photo_27161@14-03-2026_18-54-08.jpg,,,
29163,2026-03-14T20:54:31,photos/photo_27162@14-03-2026_20-54-31.jpg,,https://c.onlyaff.app/78i9Sq,ADIDAS Samba x CDG —-> 24€ 💎
29164,2026-03-14T20:57:32,photos/photo_27163@14-03-2026_20-57-32.jpg,,https://c.onlyaff.app/Iee7P,VANS Rowan 2 —-> 35€ 💎
29165,2026-03-14T20:57:32,photos/photo_27164@14-03-2026_20-57-32.jpg,,,
29166,2026-03-14T20:57:32,photos/photo_27165@14-03-2026_20-57-32.jpg,,,
29167,2026-03-14T20:57:32,photos/photo_27166@14-03-2026_20-57-32.jpg,,,
29168,2026-03-14T20:57:32,photos/photo_27167@14-03-2026_20-57-32.jpg,,,
29169,2026-03-14T20:57:33,photos/photo_27168@14-03-2026_20-57-33.jpg,,,
29170,2026-03-14T20:57:33,photos/photo_27169@14-03-2026_20-57-33.jpg,,,
29171,2026-03-14T20:57:33,photos/photo_27170@14-03-2026_20-57-33.jpg,,,
29172,2026-03-14T21:04:08,photos/photo_27171@14-03-2026_21-04-08.jpg,,https://c.onlyaff.app/IegLZ,"RAY BAN —-> 7€ 💎
Muchos Colores 🎨
(Fotos realizadas por mi) 📸"
29173,2026-03-14T21:04:08,photos/photo_27172@14-03-2026_21-04-08.jpg,,,
29174,2026-03-14T21:04:08,photos/photo_27173@14-03-2026_21-04-08.jpg,,,
29175,2026-03-14T22:02:57,photos/photo_27174@14-03-2026_22-02-57.jpg,,https://c.onlyaff.app/78lNW0,"ADIDAS Terrex TrailMaker 2 x GORE TEX —-> 35€ 💎
Muchos Colores 🎨"
29176,2026-03-14T22:18:19,photos/photo_27175@14-03-2026_22-18-19.jpg,,https://c.onlyaff.app/78mqDx,"NIKE Barcelona x STUSSY —-> 12€ 💎
Muchos Equipos 🎨"
29177,2026-03-14T22:20:46,photos/photo_27176@14-03-2026_22-20-46.jpg,,https://c.onlyaff.app/78myh2,TIMBERLAND —-> 31€ 💎
29178,2026-03-14T22:25:17,photos/photo_27177@14-03-2026_22-25-17.jpg,,https://c.onlyaff.app/78mMph,NEW ERA —-> 6€ 💎
29179,2026-03-14T22:25:17,photos/photo_27178@14-03-2026_22-25-17.jpg,,,
29180,2026-03-14T22:25:17,photos/photo_27179@14-03-2026_22-25-17.jpg,,,
29181,2026-03-14T23:07:44,photos/photo_27180@14-03-2026_23-07-44.jpg,,,"🚨🔥 PROMO BRUTAL SOLO ESTA SEMANA EN HACOO🔥🚨

Durante esta semana, todas las personas que hagan su pedido a través de nuestros links van a conseguir algo increíble 👇

💥 ¡90% DE DESCUENTO en el producto MÁS CARO de tu pedido!
(Sí, has leído bien 😳).

👉 Si haces un pedido con varios productos, el artículo de mayor precio te saldrá prácticamente regalado.

Y eso no es todo… 👀

🎁 Si además utilizas nuestro código de descuento, obtendrás un 14% EXTRA adicional sobre el resto de tu compra. (Os dejamos los códigos de descuento al final de este post)

⚠️ Si no accedes directamente desde nuestros links, la promoción NO se activa.

💡 Si ya hiciste un pedido, puedes crear una cuenta nueva desde el móvil de un familiar o amigo y aprovechar la promo como cliente nuevo.

🎁 Códigos: 𝗛𝗔𝗖𝗢𝗢𝗘𝗦𝗣𝟭𝟰 , 𝗦𝗨𝗣𝗘𝗥𝟭𝟰"
29182,2026-03-15T08:14:01,photos/photo_27181@15-03-2026_08-14-01.jpg,,https://c.onlyaff.app/78rZVr,"KANKEN —-> 11€ 💎
24 Colores 🎨"
29183,2026-03-15T08:24:01,photos/photo_27182@15-03-2026_08-24-01.jpg,,https://c.onlyaff.app/78rKa8,CARHARTT —-> 11€ 💎
29184,2026-03-15T08:26:01,photos/photo_27183@15-03-2026_08-26-01.jpg,,https://c.onlyaff.app/78rKid,POLO RALPH LAUREN —-> 14€ 💎
29185,2026-03-15T08:27:01,photos/photo_27184@15-03-2026_08-27-01.jpg,,https://c.onlyaff.app/78rOec,"ADIDAS Campus x BAD BUNNY —-> 34€ 💎
16 Colores 🎨"
29186,2026-03-15T08:27:01,photos/photo_27185@15-03-2026_08-27-01.jpg,,,
29187,2026-03-15T08:27:01,photos/photo_27186@15-03-2026_08-27-01.jpg,,,
29188,2026-03-15T08:27:01,photos/photo_27187@15-03-2026_08-27-01.jpg,,,
29189,2026-03-15T08:27:01,photos/photo_27188@15-03-2026_08-27-01.jpg,,,
29190,2026-03-15T08:27:01,photos/photo_27189@15-03-2026_08-27-01.jpg,,,
29191,2026-03-15T09:10:15,photos/photo_27190@15-03-2026_09-10-15.jpg,,https://c.onlyaff.app/78rKCc,"HOODRICH —-> 8€ 💎
Muchos Colores 🎨"
29192,2026-03-15T09:11:01,photos/photo_27191@15-03-2026_09-11-01.jpg,,https://c.onlyaff.app/78rVsy,"ADIDAS —-> 10€ 💎
Varios Colores 🎨"
29193,2026-03-15T09:22:01,photos/photo_27192@15-03-2026_09-22-01.jpg,,https://c.onlyaff.app/IfaTu,"ADIDAS Campus 00’s —-> 21€ 💎
14 Colores 🎨"
29194,2026-03-15T09:22:01,photos/photo_27193@15-03-2026_09-22-01.jpg,,,
29195,2026-03-15T09:22:01,photos/photo_27194@15-03-2026_09-22-01.jpg,,,
29196,2026-03-15T09:22:01,photos/photo_27195@15-03-2026_09-22-01.jpg,,,
29197,2026-03-15T09:22:01,photos/photo_27196@15-03-2026_09-22-01.jpg,,,
29198,2026-03-15T09:22:01,photos/photo_27197@15-03-2026_09-22-01.jpg,,,
29199,2026-03-15T09:22:01,photos/photo_27198@15-03-2026_09-22-01.jpg,,,
29200,2026-03-15T09:22:01,photos/photo_27199@15-03-2026_09-22-01.jpg,,,
29201,2026-03-15T09:22:01,photos/photo_27200@15-03-2026_09-22-01.jpg,,,
29202,2026-03-15T09:50:12,photos/photo_27201@15-03-2026_09-50-12.jpg,,https://c.onlyaff.app/78rWNN,"NIKE Air Force 1 —-> 22€ 💎
(YepExpress)"
29203,2026-03-15T09:50:12,photos/photo_27202@15-03-2026_09-50-12.jpg,,,
29204,2026-03-15T09:50:12,photos/photo_27203@15-03-2026_09-50-12.jpg,,,
29205,2026-03-15T09:50:12,photos/photo_27204@15-03-2026_09-50-12.jpg,,,
29206,2026-03-15T09:50:12,photos/photo_27205@15-03-2026_09-50-12.jpg,,,
29207,2026-03-15T09:50:12,photos/photo_27206@15-03-2026_09-50-12.jpg,,,
29208,2026-03-15T09:50:13,photos/photo_27207@15-03-2026_09-50-13.jpg,,,
29209,2026-03-15T10:11:01,photos/photo_27208@15-03-2026_10-11-01.jpg,,https://c.onlyaff.app/78rMsa,ASICS Gel Kahana TR Nexus —-> 33€ 💎
29210,2026-03-15T10:11:01,photos/photo_27209@15-03-2026_10-11-01.jpg,,,
29211,2026-03-15T10:11:01,photos/photo_27210@15-03-2026_10-11-01.jpg,,,
29212,2026-03-15T10:16:01,photos/photo_27211@15-03-2026_10-16-01.jpg,,https://c.onlyaff.app/78rZcL,"MARSHALL Minor 3 —-> 16€ 💎
También en Blanco 🎨"
29213,2026-03-15T10:16:01,photos/photo_27212@15-03-2026_10-16-01.jpg,,,
29214,2026-03-15T10:16:01,photos/photo_27213@15-03-2026_10-16-01.jpg,,,
29215,2026-03-15T10:38:01,photos/photo_27214@15-03-2026_10-38-01.jpg,,https://c.onlyaff.app/IfbnM,"ALO (pack 3) —-> 23€ 💎
Muchos Colores 🎨"
29216,2026-03-15T10:38:01,photos/photo_27215@15-03-2026_10-38-01.jpg,,,
29217,2026-03-15T10:38:01,photos/photo_27216@15-03-2026_10-38-01.jpg,,,
29218,2026-03-15T10:56:01,photos/photo_27217@15-03-2026_10-56-01.jpg,,https://c.onlyaff.app/78rQvS,GALLERY DEPT —-> 19€ 💎
29219,2026-03-15T10:56:01,photos/photo_27218@15-03-2026_10-56-01.jpg,,,
29220,2026-03-15T10:56:01,photos/photo_27219@15-03-2026_10-56-01.jpg,,,
29221,2026-03-15T10:57:01,photos/photo_27220@15-03-2026_10-57-01.jpg,,https://c.onlyaff.app/78rQNz,"ACNE STUDIOS —-> 16€ 💎
Muchos Colores 🎨"
29222,2026-03-15T10:58:01,photos/photo_27221@15-03-2026_10-58-01.jpg,,https://c.onlyaff.app/78rR1T,HELLSTAR —-> 18€ 💎
29223,2026-03-15T11:00:17,photos/photo_27222@15-03-2026_11-00-17.jpg,,https://c.onlyaff.app/78QS8S,"THE NORTH FACE —-> 40€ 💎
Varios Colores 🎨"
29224,2026-03-15T11:00:53,photos/photo_27223@15-03-2026_11-00-53.jpg,,https://c.onlyaff.app/78rRmf,AMIRI —-> 18€ 💎
29225,2026-03-15T11:00:53,photos/photo_27224@15-03-2026_11-00-53.jpg,,,
29226,2026-03-15T11:00:53,photos/photo_27225@15-03-2026_11-00-53.jpg,,,
29227,2026-03-15T11:02:01,photos/photo_27226@15-03-2026_11-02-01.jpg,,https://c.onlyaff.app/78rRCt,ALO —-> 22€ 💎
29228,2026-03-15T11:12:01,photos/photo_27227@15-03-2026_11-12-01.jpg,,https://c.onlyaff.app/78rRWw,"DAYTONA —-> 8€ 💎
Muchos Colores 🎨"
29229,2026-03-15T11:12:01,photos/photo_27228@15-03-2026_11-12-01.jpg,,,
29230,2026-03-15T11:12:01,photos/photo_27229@15-03-2026_11-12-01.jpg,,,
29231,2026-03-15T11:26:11,photos/photo_27230@15-03-2026_11-26-11.jpg,,https://c.onlyaff.app/78S8oG,"FRED PERRY —-> 21€ 💎
También en Negro 🎨"
29232,2026-03-15T11:36:01,photos/photo_27231@15-03-2026_11-36-01.jpg,,https://c.onlyaff.app/78rS4u,"ADIDAS SL72 —-> 26€ 💎
24 Colores 🎨"
29233,2026-03-15T11:36:01,photos/photo_27232@15-03-2026_11-36-01.jpg,,,
29234,2026-03-15T11:36:01,photos/photo_27233@15-03-2026_11-36-01.jpg,,,
29235,2026-03-15T11:36:01,photos/photo_27234@15-03-2026_11-36-01.jpg,,,
29236,2026-03-15T11:36:01,photos/photo_27235@15-03-2026_11-36-01.jpg,,,
29237,2026-03-15T11:36:01,photos/photo_27236@15-03-2026_11-36-01.jpg,,,
29238,2026-03-15T11:36:01,photos/photo_27237@15-03-2026_11-36-01.jpg,,,
29239,2026-03-15T11:36:01,photos/photo_27238@15-03-2026_11-36-01.jpg,,,
29240,2026-03-15T11:36:01,photos/photo_27239@15-03-2026_11-36-01.jpg,,,
29241,2026-03-15T12:01:01,photos/photo_27240@15-03-2026_12-01-01.jpg,,https://c.onlyaff.app/78rYTR,"SCUFFERS —-> 21€ 💎
Varios Colores 🎨"
29242,2026-03-15T12:01:01,photos/photo_27241@15-03-2026_12-01-01.jpg,,,
29243,2026-03-15T12:01:01,photos/photo_27242@15-03-2026_12-01-01.jpg,,,
29244,2026-03-15T12:01:01,photos/photo_27243@15-03-2026_12-01-01.jpg,,,
29245,2026-03-15T12:04:11,photos/photo_27244@15-03-2026_12-04-11.jpg,,https://c.onlyaff.app/78TNSv,ADIDAS —-> 9€ 💎
29246,2026-03-15T12:05:10,photos/photo_27245@15-03-2026_12-05-10.jpg,,https://c.onlyaff.app/78rVM0,"UGG —-> 21€ 💎
Varios Colores 🎨"
29247,2026-03-15T12:06:01,photos/photo_27246@15-03-2026_12-06-01.jpg,,https://c.onlyaff.app/6wV7LI,UGG Lowmel —-> 36€ 💎
29248,2026-03-15T12:06:01,photos/photo_27247@15-03-2026_12-06-01.jpg,,,
29249,2026-03-15T12:06:01,photos/photo_27248@15-03-2026_12-06-01.jpg,,,
29250,2026-03-15T12:36:01,photos/photo_27249@15-03-2026_12-36-01.jpg,,https://c.onlyaff.app/78rVXb,CROCS —-> 16€ 💎
29251,2026-03-15T12:36:01,photos/photo_27250@15-03-2026_12-36-01.jpg,,,
29252,2026-03-15T12:36:01,photos/photo_27251@15-03-2026_12-36-01.jpg,,,
29253,2026-03-15T12:58:01,photos/photo_27252@15-03-2026_12-58-01.jpg,,https://c.onlyaff.app/78rWcL,"ADIDAS VL Court —-> 24€ 💎
Muchos Colores 🎨"
29254,2026-03-15T13:28:01,photos/photo_27253@15-03-2026_13-28-01.jpg,,https://c.onlyaff.app/78rWvK,"CROCS Echo Clog —-> 25€ 💎
Varios Colores 🎨"
29255,2026-03-15T13:28:01,photos/photo_27254@15-03-2026_13-28-01.jpg,,,
29256,2026-03-15T13:28:01,photos/photo_27255@15-03-2026_13-28-01.jpg,,,
29257,2026-03-15T13:46:01,photos/photo_27256@15-03-2026_13-46-01.jpg,,https://c.onlyaff.app/78rX8F,"ADIDAS Sambae —-> 28€ 💎
12 Colores 🎨"
29258,2026-03-15T13:46:01,photos/photo_27257@15-03-2026_13-46-01.jpg,,,
29259,2026-03-15T13:46:01,photos/photo_27258@15-03-2026_13-46-01.jpg,,,
29260,2026-03-15T13:46:01,photos/photo_27259@15-03-2026_13-46-01.jpg,,,
29261,2026-03-15T13:46:01,photos/photo_27260@15-03-2026_13-46-01.jpg,,,
29262,2026-03-15T13:46:01,photos/photo_27261@15-03-2026_13-46-01.jpg,,,
29263,2026-03-15T13:46:01,photos/photo_27262@15-03-2026_13-46-01.jpg,,,
29264,2026-03-15T13:46:01,photos/photo_27263@15-03-2026_13-46-01.jpg,,,
29265,2026-03-15T13:46:01,photos/photo_27264@15-03-2026_13-46-01.jpg,,,
29266,2026-03-15T14:15:15,photos/photo_27265@15-03-2026_14-15-15.jpg,,https://c.onlyaff.app/78rXte,"NIKE x STUSSY —-> 8€ 💎
Muchos Colores 🎨"
29267,2026-03-15T14:18:01,photos/photo_27266@15-03-2026_14-18-01.jpg,,https://c.onlyaff.app/78rXLE,THE NORTH FACE —-> 14€ 💎
29268,2026-03-15T14:22:01,photos/photo_27267@15-03-2026_14-22-01.jpg,,https://c.onlyaff.app/78rXIl,"ADIDAS Grand Court x LEGO —-> 28€ 💎
Muchos Colores 🎨"
29269,2026-03-15T14:51:01,photos/photo_27268@15-03-2026_14-51-01.jpg,,https://c.onlyaff.app/78rY74,STUSSY —-> 21€ 💎
29270,2026-03-15T14:51:01,photos/photo_27269@15-03-2026_14-51-01.jpg,,,
29271,2026-03-15T14:51:01,photos/photo_27270@15-03-2026_14-51-01.jpg,,,
29272,2026-03-15T14:51:01,photos/photo_27271@15-03-2026_14-51-01.jpg,,,
29273,2026-03-15T14:51:01,photos/photo_27272@15-03-2026_14-51-01.jpg,,,
29274,2026-03-15T14:56:01,photos/photo_27273@15-03-2026_14-56-01.jpg,,https://c.onlyaff.app/78rYpS,"THE NORTH FACE —-> 9€ 💎
También en Blanco 🎨"
29275,2026-03-15T15:06:01,photos/photo_27274@15-03-2026_15-06-01.jpg,,https://c.onlyaff.app/78rYEx,"CARHARTT —-> 29€ 💎
Varios Colores 🎨
Muy recomendada ✅"
29276,2026-03-15T15:07:01,photos/photo_27275@15-03-2026_15-07-01.jpg,,https://c.onlyaff.app/Ifclw,"ADIDAS —-> 14€ 💎
También en Blanco 🎨"
29277,2026-03-15T15:08:01,photos/photo_27276@15-03-2026_15-08-01.jpg,,https://c.onlyaff.app/78rZCM,ASICS Gel Kayano 14 —-> 24€ 💎
29278,2026-03-15T15:08:01,photos/photo_27277@15-03-2026_15-08-01.jpg,,,
29279,2026-03-15T15:08:01,photos/photo_27278@15-03-2026_15-08-01.jpg,,,
29280,2026-03-15T15:08:01,photos/photo_27279@15-03-2026_15-08-01.jpg,,,
29281,2026-03-15T15:08:01,photos/photo_27280@15-03-2026_15-08-01.jpg,,,
29282,2026-03-15T15:08:01,photos/photo_27281@15-03-2026_15-08-01.jpg,,,
29283,2026-03-15T15:08:01,photos/photo_27282@15-03-2026_15-08-01.jpg,,,
29284,2026-03-15T16:13:09,photos/photo_27283@15-03-2026_16-13-09.jpg,,https://c.onlyaff.app/793WrO,ONE DILEMMA —-> 29€ 💎
29285,2026-03-15T16:13:09,photos/photo_27284@15-03-2026_16-13-09.jpg,,,
29286,2026-03-15T16:13:09,photos/photo_27285@15-03-2026_16-13-09.jpg,,,
29287,2026-03-15T16:35:32,photos/photo_27286@15-03-2026_16-35-32.jpg,,https://c.onlyaff.app/795tGB,"GYMSHARK —-> 17€ 💎
Varios Colores 🎨"
29288,2026-03-15T17:10:52,photos/photo_27287@15-03-2026_17-10-52.jpg,,https://c.onlyaff.app/797jLD,"MIU MIU —-> 17€ 💎
Varios Colores 🎨"
29289,2026-03-15T17:52:55,photos/photo_27288@15-03-2026_17-52-55.jpg,,https://c.onlyaff.app/798L4T,POLO RALPH LAUREN —-> 32€ 💎
29290,2026-03-15T18:37:35,photos/photo_27289@15-03-2026_18-37-35.jpg,,https://c.onlyaff.app/79aCxt,"ADIDAS España —-> 14€ 💎
Modelos Vintage 🎨"
29291,2026-03-15T18:37:35,photos/photo_27290@15-03-2026_18-37-35.jpg,,,
29292,2026-03-15T18:37:35,photos/photo_27291@15-03-2026_18-37-35.jpg,,,
29293,2026-03-15T18:37:35,photos/photo_27292@15-03-2026_18-37-35.jpg,,,
29294,2026-03-15T18:37:35,photos/photo_27293@15-03-2026_18-37-35.jpg,,,
29295,2026-03-15T18:37:35,photos/photo_27294@15-03-2026_18-37-35.jpg,,,
29296,2026-03-15T18:37:35,photos/photo_27295@15-03-2026_18-37-35.jpg,,,
29297,2026-03-15T18:37:35,photos/photo_27296@15-03-2026_18-37-35.jpg,,,
29298,2026-03-15T18:37:35,photos/photo_27297@15-03-2026_18-37-35.jpg,,,
29299,2026-03-15T18:37:35,photos/photo_27298@15-03-2026_18-37-35.jpg,,,
29300,2026-03-15T19:22:43,photos/photo_27299@15-03-2026_19-22-43.jpg,,https://c.onlyaff.app/79jedB,"ISABEL MARANT —-> 23€ 💎
Varios Colores 🎨"
29301,2026-03-15T19:28:12,photos/photo_27300@15-03-2026_19-28-12.jpg,,https://c.onlyaff.app/79kIlx,GOYARD Anjou —-> 14€ 💎
29302,2026-03-15T19:28:12,photos/photo_27301@15-03-2026_19-28-12.jpg,,,
29303,2026-03-15T19:28:12,photos/photo_27302@15-03-2026_19-28-12.jpg,,,
29304,2026-03-15T19:28:12,photos/photo_27303@15-03-2026_19-28-12.jpg,,,
29305,2026-03-15T19:28:12,photos/photo_27304@15-03-2026_19-28-12.jpg,,,
29306,2026-03-15T19:28:12,photos/photo_27305@15-03-2026_19-28-12.jpg,,,
29307,2026-03-15T19:30:31,photos/photo_27306@15-03-2026_19-30-31.jpg,,https://c.onlyaff.app/79lQbB,"ADIDAS (conjunto) —-> 22€ 💎
Muchos Colores 🎨"
29308,2026-03-15T19:35:29,photos/photo_27307@15-03-2026_19-35-29.jpg,,https://c.onlyaff.app/79nXzp,"ADIDAS (conjunto) —-> 25€ 💎
15 Colores 🎨"
29309,2026-03-15T19:35:29,photos/photo_27308@15-03-2026_19-35-29.jpg,,,
29310,2026-03-15T19:35:29,photos/photo_27309@15-03-2026_19-35-29.jpg,,,
29311,2026-03-15T19:39:10,photos/photo_27310@15-03-2026_19-39-10.jpg,,https://c.onlyaff.app/79pGSM,"ADIDAS —-> 19€ 💎
Varios Colores 🎨"
29312,2026-03-15T19:43:32,photos/photo_27311@15-03-2026_19-43-32.jpg,,https://c.onlyaff.app/79rGkU,"THE NORTH FACE (cortavientos) —-> 44€ 💎
Varios Colores 🎨"
29313,2026-03-15T19:44:56,photos/photo_27312@15-03-2026_19-44-56.jpg,,https://c.onlyaff.app/79sc2M,HOKA Cielo X1 2.0 —-> 36€ 💎
29314,2026-03-15T19:44:56,photos/photo_27313@15-03-2026_19-44-56.jpg,,,
29315,2026-03-15T19:44:56,photos/photo_27314@15-03-2026_19-44-56.jpg,,,
29316,2026-03-15T19:44:56,photos/photo_27315@15-03-2026_19-44-56.jpg,,,
29317,2026-03-15T19:47:39,photos/photo_27316@15-03-2026_19-47-39.jpg,,https://c.onlyaff.app/79tfin,"ASICS Gel  1090 —-> 30€ 💎
Muchos Colores 🎨
(Fotos realizadas por mi) 📸"
29318,2026-03-15T19:47:39,photos/photo_27317@15-03-2026_19-47-39.jpg,,,
29319,2026-03-15T19:47:39,photos/photo_27318@15-03-2026_19-47-39.jpg,,,
29320,2026-03-15T20:09:20,photos/photo_27319@15-03-2026_20-09-20.jpg,,https://c.onlyaff.app/79v51Y,"NIKE Dunk —-> 18€ 💎
(YepExpress)"
29321,2026-03-15T20:09:20,photos/photo_27320@15-03-2026_20-09-20.jpg,,,
29322,2026-03-15T20:09:20,photos/photo_27321@15-03-2026_20-09-20.jpg,,,
29323,2026-03-15T20:09:20,photos/photo_27322@15-03-2026_20-09-20.jpg,,,
29324,2026-03-15T20:09:20,photos/photo_27323@15-03-2026_20-09-20.jpg,,,
29325,2026-03-15T20:09:20,photos/photo_27324@15-03-2026_20-09-20.jpg,,,
29326,2026-03-15T20:09:20,photos/photo_27325@15-03-2026_20-09-20.jpg,,,
29327,2026-03-15T20:09:20,photos/photo_27326@15-03-2026_20-09-20.jpg,,,
29328,2026-03-15T20:24:51,photos/photo_27327@15-03-2026_20-24-51.jpg,,https://c.onlyaff.app/79w8VE,"ADIDAS Gazelle Indoor —-> 26€ 💎
Muchos Colores 🎨
(Fotos realizadas por mi) 📸"
29329,2026-03-15T20:24:51,photos/photo_27328@15-03-2026_20-24-51.jpg,,,
29330,2026-03-15T20:24:51,photos/photo_27329@15-03-2026_20-24-51.jpg,,,
29331,2026-03-15T21:37:57,photos/photo_27330@15-03-2026_21-37-57.jpg,,https://c.onlyaff.app/79z6tQ,"CONVERSE ""Ediciones Limitadas"" —-> 29€ 💎"
29332,2026-03-15T21:37:57,photos/photo_27331@15-03-2026_21-37-57.jpg,,,
29333,2026-03-15T21:37:57,photos/photo_27332@15-03-2026_21-37-57.jpg,,,
29334,2026-03-15T21:37:57,photos/photo_27333@15-03-2026_21-37-57.jpg,,,
29335,2026-03-15T21:37:57,photos/photo_27334@15-03-2026_21-37-57.jpg,,,
29336,2026-03-15T21:37:57,photos/photo_27335@15-03-2026_21-37-57.jpg,,,
29337,2026-03-15T21:37:57,photos/photo_27336@15-03-2026_21-37-57.jpg,,,
29338,2026-03-15T21:39:49,photos/photo_27337@15-03-2026_21-39-49.jpg,,https://c.onlyaff.app/Im7qz,"OFF WHITE Odsy 2000 —-> 48€ 💎
14 Colores 🎨"
29339,2026-03-15T21:39:49,photos/photo_27338@15-03-2026_21-39-49.jpg,,,
29340,2026-03-15T21:39:49,photos/photo_27339@15-03-2026_21-39-49.jpg,,,
29341,2026-03-15T21:40:58,photos/photo_27340@15-03-2026_21-40-58.jpg,,https://c.onlyaff.app/79zh0g,"BIRKENSTOCK —-> 20€ 💎
Muchos Colores 🎨
(Fotos realizadas por mi) 📸"
29342,2026-03-15T21:40:58,photos/photo_27341@15-03-2026_21-40-58.jpg,,,
29343,2026-03-15T21:40:59,photos/photo_27342@15-03-2026_21-40-59.jpg,,,
29344,2026-03-15T21:42:36,photos/photo_27343@15-03-2026_21-42-36.jpg,,https://c.onlyaff.app/79zjRH,"GOYARD (cartera) —-> 15€ 💎
Varios Colores 🎨"
29345,2026-03-15T21:46:12,photos/photo_27344@15-03-2026_21-46-12.jpg,,https://c.onlyaff.app/79zsKh,ON CLOUD X Z5 —-> 32€ 💎
29346,2026-03-15T21:46:12,photos/photo_27345@15-03-2026_21-46-12.jpg,,,
29347,2026-03-15T21:46:12,photos/photo_27346@15-03-2026_21-46-12.jpg,,,
29349,2026-03-16T07:48:42,photos/photo_27347@16-03-2026_07-48-42.jpg,,https://c.onlyaff.app/79HF9y,"STANLEY —-> 26€ 💎
11 Colores 🎨
Muy recomendada ✅
(Fotos realizadas por mi) 📸"
29350,2026-03-16T07:48:42,photos/photo_27348@16-03-2026_07-48-42.jpg,,,
29351,2026-03-16T07:48:42,photos/photo_27349@16-03-2026_07-48-42.jpg,,,
29352,2026-03-16T07:48:42,photos/photo_27350@16-03-2026_07-48-42.jpg,,,
29353,2026-03-16T08:49:36,photos/photo_27351@16-03-2026_08-49-36.jpg,,https://c.onlyaff.app/79Jnbo,"POLO RALPH LAUREN —-> 31€ 💎
14 Colores 🎨"
29354,2026-03-16T09:55:21,photos/photo_27352@16-03-2026_09-55-21.jpg,,https://c.onlyaff.app/7a3kkP,"POLO RALPH LAUREN —-> 25€ 💎
También en Negro 🎨"
29355,2026-03-16T09:57:56,photos/photo_27353@16-03-2026_09-57-56.jpg,,https://c.onlyaff.app/7a3oz7,ADIDAS Gazelle Indoor —-> 25€ 💎
29356,2026-03-16T09:57:56,photos/photo_27354@16-03-2026_09-57-56.jpg,,,
29357,2026-03-16T09:57:56,photos/photo_27355@16-03-2026_09-57-56.jpg,,,
29358,2026-03-16T09:57:56,photos/photo_27356@16-03-2026_09-57-56.jpg,,,
29359,2026-03-16T09:57:56,photos/photo_27357@16-03-2026_09-57-56.jpg,,,
29360,2026-03-16T09:57:56,photos/photo_27358@16-03-2026_09-57-56.jpg,,,
29361,2026-03-16T09:57:56,photos/photo_27359@16-03-2026_09-57-56.jpg,,,
29363,2026-03-16T09:57:56,photos/photo_27360@16-03-2026_09-57-56.jpg,,,
29364,2026-03-16T09:57:56,photos/photo_27361@16-03-2026_09-57-56.jpg,,,
29365,2026-03-16T11:24:40,photos/photo_27362@16-03-2026_11-24-40.jpg,,https://c.onlyaff.app/7a76LU,STUSSY —-> 16€ 💎
29366,2026-03-16T11:25:55,photos/photo_27363@16-03-2026_11-25-55.jpg,,https://c.onlyaff.app/7a7aqH,FRED PERRY —-> 21€ 💎
29367,2026-03-16T11:43:52,photos/photo_27364@16-03-2026_11-43-52.jpg,,https://c.onlyaff.app/7a7R0E,CARHARTT —-> 24€ 💎
29368,2026-03-16T13:36:57,photos/photo_27365@16-03-2026_13-36-57.jpg,,https://c.onlyaff.app/Iq89C,"GUESS (bolsa viaje/deporte) —-> 30€ 💎
Muchos Colores 🎨"
29369,2026-03-16T13:36:57,photos/photo_27366@16-03-2026_13-36-57.jpg,,,
29370,2026-03-16T13:36:57,photos/photo_27367@16-03-2026_13-36-57.jpg,,,
29371,2026-03-16T13:36:57,photos/photo_27368@16-03-2026_13-36-57.jpg,,,
29372,2026-03-16T15:17:55,photos/photo_27369@16-03-2026_15-17-55.jpg,,https://c.onlyaff.app/7arufT,POLO RALPH LAUREN —-> 51€ 💎
29373,2026-03-16T15:40:48,photos/photo_27370@16-03-2026_15-40-48.jpg,,https://c.onlyaff.app/7aszsk,CARHARTT (bordado) —-> 17€ 💎
29374,2026-03-16T15:42:28,photos/photo_27371@16-03-2026_15-42-28.jpg,,https://c.onlyaff.app/7asG0a,CARHARTT (bordado) —-> 19€ 💎
29375,2026-03-16T15:42:28,photos/photo_27372@16-03-2026_15-42-28.jpg,,,
29376,2026-03-16T15:42:28,photos/photo_27373@16-03-2026_15-42-28.jpg,,,
29377,2026-03-16T15:46:03,photos/photo_27374@16-03-2026_15-46-03.jpg,,https://c.onlyaff.app/7asPhO,BEATS Studio Pro x KIM KARDASHIAN —-> 26€ 💎
29378,2026-03-16T16:35:31,photos/photo_27375@16-03-2026_16-35-31.jpg,,https://c.onlyaff.app/7auPat,"OFF WHITE —-> 20€ 💎
Varios Colores 🎨"
29379,2026-03-16T16:59:25,photos/photo_27376@16-03-2026_16-59-25.jpg,,https://c.onlyaff.app/IrWqb,CAROLINA HERRERA —-> 29€ 💎
29380,2026-03-16T17:18:02,photos/photo_27377@16-03-2026_17-18-02.jpg,,https://c.onlyaff.app/7ax4oW,"THE NORTH FACE (reversible) —-> 42€ 💎
Varios Colores 🎨"
29381,2026-03-16T17:48:51,photos/photo_27378@16-03-2026_17-48-51.jpg,,https://c.onlyaff.app/IsmUs,"ADIDAS Birmingham Ozzy —-> 28€ 💎
28 Modelos Diferentes 🎨"
29382,2026-03-16T19:18:25,photos/photo_27379@16-03-2026_19-18-25.jpg,,https://c.onlyaff.app/7aKb2W,POLO RALPH LAUREN —-> 12€ 💎
29383,2026-03-16T19:21:22,photos/photo_27380@16-03-2026_19-21-22.jpg,,https://c.onlyaff.app/7aL7FW,POLO RALPH LAUREN —-> 19€ 💎
29384,2026-03-16T19:21:22,photos/photo_27381@16-03-2026_19-21-22.jpg,,,
29385,2026-03-16T19:21:22,photos/photo_27382@16-03-2026_19-21-22.jpg,,,
29386,2026-03-16T19:22:56,photos/photo_27383@16-03-2026_19-22-56.jpg,,https://c.onlyaff.app/ItxXf,POLO RALPH LAUREN —-> 19€ 💎
29387,2026-03-16T19:24:37,photos/photo_27384@16-03-2026_19-24-37.jpg,,https://c.onlyaff.app/7aLVge,"BLAUER —-> 20€ 💎
Varios Colores 🎨"
29388,2026-03-16T19:26:37,photos/photo_27385@16-03-2026_19-26-37.jpg,,https://c.onlyaff.app/7aMrMt,ALO —-> 16€ 💎
29389,2026-03-16T20:45:21,photos/photo_27386@16-03-2026_20-45-21.jpg,,https://c.onlyaff.app/7aZK3N,"CASA BLANCA —-> 32€ 💎
Varios Colores 🎨"
29390,2026-03-16T20:49:16,photos/photo_27387@16-03-2026_20-49-16.jpg,,https://c.onlyaff.app/7aZWPt,"ON CLOUD Tilt —-> 37€ 💎
16 Colores 🎨"
29391,2026-03-16T20:51:07,photos/photo_27388@16-03-2026_20-51-07.jpg,,https://c.onlyaff.app/7b009x,"ALO —-> 6€ 💎
Varios Colores 🎨"
29392,2026-03-16T20:53:24,photos/photo_27389@16-03-2026_20-53-24.jpg,,https://c.onlyaff.app/7b03xl,ALO (conjunto) —-> 9€ 💎
29393,2026-03-16T20:55:19,photos/photo_27390@16-03-2026_20-55-19.jpg,,https://c.onlyaff.app/7b089N,ALO —-> 13€ 💎
29394,2026-03-16T20:57:24,photos/photo_27391@16-03-2026_20-57-24.jpg,,https://c.onlyaff.app/7b0dSg,"UFC (conjunto) —-> 15€ 💎
16 Colores 🎨"
29395,2026-03-16T21:01:59,photos/photo_27392@16-03-2026_21-01-59.jpg,,https://c.onlyaff.app/7b0rlV,"POLO RALPH LAUREN —-> 24€ 💎
También en Blanco 🎨"
29396,2026-03-16T21:03:59,photos/photo_27393@16-03-2026_21-03-59.jpg,,https://c.onlyaff.app/Iv42v,ADIDAS —-> 11€ 💎
29397,2026-03-16T21:05:58,photos/photo_27394@16-03-2026_21-05-58.jpg,,https://c.onlyaff.app/7b0PWv,PALM ANGELS —-> 24€ 💎
29398,2026-03-16T21:07:39,photos/photo_27395@16-03-2026_21-07-39.jpg,,https://c.onlyaff.app/7b0Vjh,CORTEIZ —-> 43€ 💎
29399,2026-03-16T21:07:39,photos/photo_27396@16-03-2026_21-07-39.jpg,,,
29400,2026-03-16T21:07:39,photos/photo_27397@16-03-2026_21-07-39.jpg,,,
29401,2026-03-16T21:10:40,photos/photo_27398@16-03-2026_21-10-40.jpg,,https://c.onlyaff.app/7b17oW,"ADIDAS —-> 16€ 💎
Muchos Colores 🎨"
29402,2026-03-16T21:21:47,photos/photo_27399@16-03-2026_21-21-47.jpg,,https://c.onlyaff.app/Iv9VX,GOYARD (mochila) —-> 30€ 💎
29403,2026-03-16T21:21:47,photos/photo_27400@16-03-2026_21-21-47.jpg,,,
29404,2026-03-16T21:21:47,photos/photo_27401@16-03-2026_21-21-47.jpg,,,
29405,2026-03-16T21:21:47,photos/photo_27402@16-03-2026_21-21-47.jpg,,,
29406,2026-03-16T21:21:47,photos/photo_27403@16-03-2026_21-21-47.jpg,,,
29407,2026-03-16T21:52:16,photos/photo_27404@16-03-2026_21-52-16.jpg,,https://c.onlyaff.app/7b3wAD,"ASICS Gel Quantum 360 —-> 38€ 💎
11 Colores 🎨"
29408,2026-03-16T21:52:16,photos/photo_27405@16-03-2026_21-52-16.jpg,,,
29409,2026-03-16T21:52:16,photos/photo_27406@16-03-2026_21-52-16.jpg,,,
29410,2026-03-16T21:52:17,photos/photo_27407@16-03-2026_21-52-17.jpg,,,
29411,2026-03-16T21:52:17,photos/photo_27408@16-03-2026_21-52-17.jpg,,,
29412,2026-03-16T21:52:17,photos/photo_27409@16-03-2026_21-52-17.jpg,,,
29413,2026-03-16T21:52:17,photos/photo_27410@16-03-2026_21-52-17.jpg,,,
29414,2026-03-16T21:52:17,photos/photo_27411@16-03-2026_21-52-17.jpg,,,
29415,2026-03-16T21:52:17,photos/photo_27412@16-03-2026_21-52-17.jpg,,,
29416,2026-03-16T22:02:54,photos/photo_27413@16-03-2026_22-02-54.jpg,,https://c.onlyaff.app/7b3VXV,"ADIDAS Gazelle Bold —-> 23€ 💎
12 Colores 🎨"
29417,2026-03-16T22:30:21,photos/photo_27414@16-03-2026_22-30-21.jpg,,https://c.onlyaff.app/7b4LWw,"OAKLEY —-> 6€ 💎
Varios Colores 🎨"
29419,2026-03-17T08:53:54,photos/photo_27415@17-03-2026_08-53-54.jpg,,https://c.onlyaff.app/7bcw2Q,POLO RALPH LAUREN —-> 22€ 💎
29420,2026-03-17T09:19:55,photos/photo_27416@17-03-2026_09-19-55.jpg,,https://c.onlyaff.app/IwYQJ,"PALM ANGELS —-> 8€ 💎
Muchos Colores 🎨"
29421,2026-03-17T09:22:45,photos/photo_27417@17-03-2026_09-22-45.jpg,,https://c.onlyaff.app/7bkGqt,CROCS Crush —-> 24€ 💎
29422,2026-03-17T09:22:45,photos/photo_27418@17-03-2026_09-22-45.jpg,,,
29423,2026-03-17T09:22:45,photos/photo_27419@17-03-2026_09-22-45.jpg,,,
29424,2026-03-17T09:39:33,photos/photo_27420@17-03-2026_09-39-33.jpg,,https://c.onlyaff.app/7brDhb,ADIDAS (5 pares) —-> 5€ 💎
29426,2026-03-17T11:11:16,photos/photo_27421@17-03-2026_11-11-16.jpg,,https://c.onlyaff.app/7bzpDQ,AIME LEON DORE —-> 15€ 💎
29427,2026-03-17T11:11:16,photos/photo_27422@17-03-2026_11-11-16.jpg,,,
29428,2026-03-17T11:11:16,photos/photo_27423@17-03-2026_11-11-16.jpg,,,
29429,2026-03-17T11:16:01,photos/photo_27424@17-03-2026_11-16-01.jpg,,https://c.onlyaff.app/7bzEEf,"ESSENTIALS x FEAR OF GOD (conjunto) —-> 31€ 💎
Varios Colores 🎨
Muy recomendado ✅"
29430,2026-03-17T11:31:28,photos/photo_27425@17-03-2026_11-31-28.jpg,,https://c.onlyaff.app/7bAByN,CARHARTT (bordado) —-> 13€ 💎
29431,2026-03-17T11:34:52,photos/photo_27426@17-03-2026_11-34-52.jpg,,https://c.onlyaff.app/7bALKv,"OFF WHITE —-> 21€ 💎
Varios Colores 🎨"
29432,2026-03-17T11:44:05,photos/photo_27427@17-03-2026_11-44-05.jpg,,https://c.onlyaff.app/7bAX0W,"ASICS Gel Kayano 32 —-> 29€ 💎
17 Colores 🎨"
29433,2026-03-17T11:44:05,photos/photo_27428@17-03-2026_11-44-05.jpg,,,
29434,2026-03-17T11:44:05,photos/photo_27429@17-03-2026_11-44-05.jpg,,,
29435,2026-03-17T11:44:05,photos/photo_27430@17-03-2026_11-44-05.jpg,,,
29436,2026-03-17T11:44:05,photos/photo_27431@17-03-2026_11-44-05.jpg,,,
29437,2026-03-17T11:44:05,photos/photo_27432@17-03-2026_11-44-05.jpg,,,
29438,2026-03-17T11:44:05,photos/photo_27433@17-03-2026_11-44-05.jpg,,,
29439,2026-03-17T11:44:05,photos/photo_27434@17-03-2026_11-44-05.jpg,,,
29440,2026-03-17T11:44:05,photos/photo_27435@17-03-2026_11-44-05.jpg,,,
29441,2026-03-17T12:11:20,photos/photo_27436@17-03-2026_12-11-20.jpg,,https://c.onlyaff.app/7bCpOz,"NIKE Shox —-> 34€ 💎
Varias Colaboraciones 🎨
(YepExpress)"
29442,2026-03-17T12:11:20,photos/photo_27437@17-03-2026_12-11-20.jpg,,,
29443,2026-03-17T12:11:20,photos/photo_27438@17-03-2026_12-11-20.jpg,,,
29444,2026-03-17T12:11:20,photos/photo_27439@17-03-2026_12-11-20.jpg,,,
29445,2026-03-17T12:11:20,photos/photo_27440@17-03-2026_12-11-20.jpg,,,
29446,2026-03-17T12:11:20,photos/photo_27441@17-03-2026_12-11-20.jpg,,,
29447,2026-03-17T12:11:20,photos/photo_27442@17-03-2026_12-11-20.jpg,,,
29448,2026-03-17T12:11:21,photos/photo_27443@17-03-2026_12-11-21.jpg,,,
29449,2026-03-17T12:11:21,photos/photo_27444@17-03-2026_12-11-21.jpg,,,
29450,2026-03-17T12:14:04,photos/photo_27445@17-03-2026_12-14-04.jpg,,https://c.onlyaff.app/7bCCZj,BLUE BANANA —-> 19€ 💎
29451,2026-03-17T14:46:13,photos/photo_27446@17-03-2026_14-46-13.jpg,,https://c.onlyaff.app/7bLpmr,"POLO RALPH LAUREN —-> 8€ 💎
Varios Colores 🎨"
29452,2026-03-17T16:03:32,photos/photo_27447@17-03-2026_16-03-32.jpg,,https://c.onlyaff.app/7bP5SW,ADIDAS Adimule —-> 30€ 💎
29453,2026-03-17T16:06:22,photos/photo_27448@17-03-2026_16-06-22.jpg,,https://c.onlyaff.app/7bQ05e,"ADIDAS —-> 41€ 💎
También en Negro 🎨"
29454,2026-03-17T16:39:20,photos/photo_27449@17-03-2026_16-39-20.jpg,,https://c.onlyaff.app/7bR33o,ADIDAS Samba —-> 17€ 💎
29455,2026-03-17T17:00:15,photos/photo_27450@17-03-2026_17-00-15.jpg,,https://c.onlyaff.app/7bRL4z,"JBL Flip 6 —-> 27€ 💎
Muchos Colores 🎨
Producto MUY recomendado ✅
(Fotos realizadas por mi) 📸"
29456,2026-03-17T17:00:15,photos/photo_27451@17-03-2026_17-00-15.jpg,,,
29457,2026-03-17T17:00:15,photos/photo_27452@17-03-2026_17-00-15.jpg,,,
29458,2026-03-17T17:03:23,photos/photo_27453@17-03-2026_17-03-23.jpg,,https://c.onlyaff.app/7bRPWD,SAMSUNG Buds3 FE —-> 14€ 💎
29459,2026-03-17T17:30:15,photos/photo_27454@17-03-2026_17-30-15.jpg,,https://c.onlyaff.app/7bSCUt,"POLO RALPH LAUREN —-> 37€ 💎
Varios Colores 🎨"
29460,2026-03-17T18:34:28,photos/photo_27455@17-03-2026_18-34-28.jpg,,https://c.onlyaff.app/7bYNPv,ESSENTIALS (conjunto) —-> 35€ 💎
29461,2026-03-17T19:03:04,photos/photo_27456@17-03-2026_19-03-04.jpg,,https://c.onlyaff.app/7c1mhb,BIRKENSTOCK Kyoto —-> 30€ 💎
29462,2026-03-17T19:03:04,photos/photo_27457@17-03-2026_19-03-04.jpg,,,
29463,2026-03-17T19:03:04,photos/photo_27458@17-03-2026_19-03-04.jpg,,,
29464,2026-03-17T19:03:04,photos/photo_27459@17-03-2026_19-03-04.jpg,,,
29465,2026-03-17T19:03:04,photos/photo_27460@17-03-2026_19-03-04.jpg,,,
29466,2026-03-17T19:06:07,photos/photo_27461@17-03-2026_19-06-07.jpg,,https://c.onlyaff.app/7c2zrn,POLO RALPH LAUREN —-> 21€ 💎
29467,2026-03-17T19:10:29,photos/photo_27462@17-03-2026_19-10-29.jpg,,https://c.onlyaff.app/7c3Cto,"ONITSUKA TIGER Tokuten —-> 27€ 💎
19 Colores 🎨"
29468,2026-03-17T19:10:29,photos/photo_27463@17-03-2026_19-10-29.jpg,,,
29469,2026-03-17T19:10:29,photos/photo_27464@17-03-2026_19-10-29.jpg,,,
29470,2026-03-17T19:10:29,photos/photo_27465@17-03-2026_19-10-29.jpg,,,
29471,2026-03-17T19:10:29,photos/photo_27466@17-03-2026_19-10-29.jpg,,,
29473,2026-03-17T19:10:29,photos/photo_27467@17-03-2026_19-10-29.jpg,,,
29474,2026-03-17T19:10:29,photos/photo_27468@17-03-2026_19-10-29.jpg,,,
29475,2026-03-17T19:10:29,photos/photo_27469@17-03-2026_19-10-29.jpg,,,
29476,2026-03-17T19:10:29,photos/photo_27470@17-03-2026_19-10-29.jpg,,,
29477,2026-03-17T19:12:42,photos/photo_27471@17-03-2026_19-12-42.jpg,,https://c.onlyaff.app/7c5gUc,"CONVERSE —-> 19€ 💎
También Bajas 🎨"
29478,2026-03-17T19:12:42,photos/photo_27472@17-03-2026_19-12-42.jpg,,,
29479,2026-03-17T19:12:42,photos/photo_27473@17-03-2026_19-12-42.jpg,,,
29480,2026-03-17T19:12:42,photos/photo_27474@17-03-2026_19-12-42.jpg,,,
29481,2026-03-17T19:12:42,photos/photo_27475@17-03-2026_19-12-42.jpg,,,
29482,2026-03-17T20:20:59,photos/photo_27476@17-03-2026_20-20-59.jpg,,https://c.onlyaff.app/7cnr9G,CONVERSE (piel) —-> 27€ 💎
29483,2026-03-17T20:20:59,photos/photo_27477@17-03-2026_20-20-59.jpg,,,
29484,2026-03-17T20:20:59,photos/photo_27478@17-03-2026_20-20-59.jpg,,,
29485,2026-03-17T20:23:33,photos/photo_27479@17-03-2026_20-23-33.jpg,,https://c.onlyaff.app/7cnxBH,STONE ISLAND —-> 38€ 💎
29486,2026-03-17T20:25:44,photos/photo_27480@17-03-2026_20-25-44.jpg,,https://c.onlyaff.app/7cnCr9,PATAGONIA —-> 38€ 💎
29487,2026-03-17T20:25:44,photos/photo_27481@17-03-2026_20-25-44.jpg,,,
29488,2026-03-17T20:25:44,photos/photo_27482@17-03-2026_20-25-44.jpg,,,
29489,2026-03-17T20:25:44,photos/photo_27483@17-03-2026_20-25-44.jpg,,,
29490,2026-03-17T20:25:44,photos/photo_27484@17-03-2026_20-25-44.jpg,,,
29491,2026-03-17T20:34:15,photos/photo_27485@17-03-2026_20-34-15.jpg,,https://c.onlyaff.app/7co67D,"THE NORTH FACE Tech (chándal completo) —-> 65€ 💎
Varios Colores 🎨
🚨 Perfecto para aprovechar la promoción del 90% 🎁"
29492,2026-03-17T21:09:58,photos/photo_27486@17-03-2026_21-09-58.jpg,,https://c.onlyaff.app/7cpBog,ADIDAS Campus Winter —-> 30€ 💎
29493,2026-03-17T21:09:58,photos/photo_27487@17-03-2026_21-09-58.jpg,,,
29494,2026-03-17T21:09:58,photos/photo_27488@17-03-2026_21-09-58.jpg,,,
29495,2026-03-17T21:09:58,photos/photo_27489@17-03-2026_21-09-58.jpg,,,
29496,2026-03-17T21:09:58,photos/photo_27490@17-03-2026_21-09-58.jpg,,,
29497,2026-03-17T21:09:58,photos/photo_27491@17-03-2026_21-09-58.jpg,,,
29498,2026-03-17T21:11:39,photos/photo_27492@17-03-2026_21-11-39.jpg,,https://c.onlyaff.app/7cpJD9,ADIDAS Samba x PALACE —-> 32€ 💎
29499,2026-03-17T21:11:39,photos/photo_27493@17-03-2026_21-11-39.jpg,,,
29500,2026-03-17T21:11:39,photos/photo_27494@17-03-2026_21-11-39.jpg,,,
29501,2026-03-17T21:27:39,photos/photo_27495@17-03-2026_21-27-39.jpg,,https://c.onlyaff.app/7cqwgk,CARHARTT —-> 16€ 💎
29502,2026-03-17T21:30:37,photos/photo_27496@17-03-2026_21-30-37.jpg,,https://c.onlyaff.app/7cqDNf,FRED PERRY —-> 15€ 💎
29503,2026-03-17T21:33:45,photos/photo_27497@17-03-2026_21-33-45.jpg,,https://c.onlyaff.app/7cqKmQ,"POLO RALPH LAUREN —-> 11€ 💎
Muchos Colores 🎨"
29504,2026-03-17T21:38:08,photos/photo_27498@17-03-2026_21-38-08.jpg,,https://c.onlyaff.app/7cqUEx,"ADIDAS Superstar —-> 21€ 💎
11 Colores 🎨"
29505,2026-03-17T21:38:08,photos/photo_27499@17-03-2026_21-38-08.jpg,,,
29506,2026-03-17T21:38:08,photos/photo_27500@17-03-2026_21-38-08.jpg,,,
29507,2026-03-17T21:38:08,photos/photo_27501@17-03-2026_21-38-08.jpg,,,
29508,2026-03-17T21:38:08,photos/photo_27502@17-03-2026_21-38-08.jpg,,,
29509,2026-03-17T21:38:08,photos/photo_27503@17-03-2026_21-38-08.jpg,,,
29510,2026-03-17T21:38:08,photos/photo_27504@17-03-2026_21-38-08.jpg,,,
29511,2026-03-17T21:38:09,photos/photo_27505@17-03-2026_21-38-09.jpg,,,
29513,2026-03-17T22:02:11,photos/photo_27506@17-03-2026_22-02-11.jpg,,https://c.onlyaff.app/IE0kh,"NIKE P6000 —-> 35€ 💎
🚨 Se agotan MUY rápido 💨"
29514,2026-03-17T22:02:11,photos/photo_27507@17-03-2026_22-02-11.jpg,,,
29515,2026-03-17T22:02:11,photos/photo_27508@17-03-2026_22-02-11.jpg,,,
29516,2026-03-17T22:02:11,photos/photo_27509@17-03-2026_22-02-11.jpg,,,
29517,2026-03-17T22:02:11,photos/photo_27510@17-03-2026_22-02-11.jpg,,,
29518,2026-03-17T22:02:11,photos/photo_27511@17-03-2026_22-02-11.jpg,,,
29519,2026-03-17T22:02:11,photos/photo_27512@17-03-2026_22-02-11.jpg,,,
29520,2026-03-17T22:02:11,photos/photo_27513@17-03-2026_22-02-11.jpg,,,
29522,2026-03-18T09:03:24,photos/photo_27514@18-03-2026_09-03-24.jpg,,https://c.onlyaff.app/7cDUG4,"ADIDAS Predator Elite —-> 35€ 💎
Muchos Colores 🎨"
29523,2026-03-18T11:23:04,photos/photo_27515@18-03-2026_11-23-04.jpg,,https://c.onlyaff.app/7cZFma,"ADIDAS —-> 16€ 💎
Varios Colores 🎨"
29524,2026-03-18T11:25:38,photos/photo_27516@18-03-2026_11-25-38.jpg,,https://c.onlyaff.app/7cZJGF,"THE NORTH FACE —-> 29€ 💎
Varios Colores 🎨"
29525,2026-03-18T11:29:33,photos/photo_27517@18-03-2026_11-29-33.jpg,,https://c.onlyaff.app/7cZRl7,"NIKE Mind 001 —-> 25€ 💎
🚨 Se agotarán MUY rápido 💨
(YepExpress)"
29526,2026-03-18T11:29:33,photos/photo_27518@18-03-2026_11-29-33.jpg,,,
29527,2026-03-18T11:29:33,photos/photo_27519@18-03-2026_11-29-33.jpg,,,
29528,2026-03-18T11:31:25,photos/photo_27520@18-03-2026_11-31-25.jpg,,https://c.onlyaff.app/7d01Nr,UNDER ARMOUR (pack 5) —-> 10€ 💎
29529,2026-03-18T11:47:45,photos/photo_27521@18-03-2026_11-47-45.jpg,,https://c.onlyaff.app/7d0z9J,"ACNE STUDIOS —-> 22€ 💎
Varios Colores 🎨"
29530,2026-03-18T11:49:08,photos/photo_27522@18-03-2026_11-49-08.jpg,,https://c.onlyaff.app/7d0BLi,"UGG —-> 26€ 💎
También en Negro 🎨
(Fotos realizadas por mi) 📸"
29531,2026-03-18T11:49:08,photos/photo_27523@18-03-2026_11-49-08.jpg,,,
29532,2026-03-18T11:49:08,photos/photo_27524@18-03-2026_11-49-08.jpg,,,
29533,2026-03-18T13:09:28,photos/photo_27525@18-03-2026_13-09-28.jpg,,https://c.onlyaff.app/7d4lC2,"HOKA Stinson 7 —-> 29€ 💎
Muchos Colores 🎨"
29534,2026-03-18T15:23:34,photos/photo_27526@18-03-2026_15-23-34.jpg,,https://c.onlyaff.app/7db6Fz,CAROLINA HERRERA —-> 29€ 💎
29535,2026-03-18T15:23:34,photos/photo_27527@18-03-2026_15-23-34.jpg,,,
29536,2026-03-18T15:23:34,photos/photo_27528@18-03-2026_15-23-34.jpg,,,
29537,2026-03-18T15:43:29,photos/photo_27529@18-03-2026_15-43-29.jpg,,https://c.onlyaff.app/IIyL7,ADIDAS Gazelle x CLOT —-> 33€ 💎
29538,2026-03-18T15:43:29,photos/photo_27530@18-03-2026_15-43-29.jpg,,,
29539,2026-03-18T15:43:29,photos/photo_27531@18-03-2026_15-43-29.jpg,,,
29541,2026-03-18T16:11:30,photos/photo_27532@18-03-2026_16-11-30.jpg,,https://c.onlyaff.app/7dcFGd,"SCUFFERS —-> 15€ 💎
🚨 Se agotan muy rápido 💨"
29542,2026-03-18T16:11:30,photos/photo_27533@18-03-2026_16-11-30.jpg,,,
29543,2026-03-18T16:11:30,photos/photo_27534@18-03-2026_16-11-30.jpg,,,
29544,2026-03-18T16:12:56,photos/photo_27535@18-03-2026_16-12-56.jpg,,https://c.onlyaff.app/7dcJgC,"NAPAPIJRI —-> 11€ 💎
También en Negro 🎨"
29545,2026-03-18T16:57:38,photos/photo_27536@18-03-2026_16-57-38.jpg,,https://c.onlyaff.app/7deev3,NIKE FC Barcelona —-> 13€ 💎
29546,2026-03-18T16:59:10,photos/photo_27537@18-03-2026_16-59-10.jpg,,https://c.onlyaff.app/7degWx,STUSSY —-> 37€ 💎
29547,2026-03-18T17:04:29,photos/photo_27538@18-03-2026_17-04-29.jpg,,https://c.onlyaff.app/7derIn,ADIDAS Superstar II MG —-> 35€ 💎
29548,2026-03-18T17:04:29,photos/photo_27539@18-03-2026_17-04-29.jpg,,,
29549,2026-03-18T17:04:29,photos/photo_27540@18-03-2026_17-04-29.jpg,,,
29550,2026-03-18T18:44:22,photos/photo_27541@18-03-2026_18-44-22.jpg,,https://c.onlyaff.app/7dj1u5,"BIRKENSTOCK —-> 21€ 💎
Muchos Colores 🎨"
29551,2026-03-18T18:44:22,photos/photo_27542@18-03-2026_18-44-22.jpg,,,
29552,2026-03-18T18:44:22,photos/photo_27543@18-03-2026_18-44-22.jpg,,,
29553,2026-03-18T20:23:47,photos/photo_27544@18-03-2026_20-23-47.jpg,,https://c.onlyaff.app/7dFw31,ALO —-> 27€ 💎
29554,2026-03-18T20:23:47,photos/photo_27545@18-03-2026_20-23-47.jpg,,,
29555,2026-03-18T20:23:47,photos/photo_27546@18-03-2026_20-23-47.jpg,,,
29556,2026-03-18T20:23:47,photos/photo_27547@18-03-2026_20-23-47.jpg,,,
29557,2026-03-18T20:23:47,photos/photo_27548@18-03-2026_20-23-47.jpg,,,
29558,2026-03-18T20:23:47,photos/photo_27549@18-03-2026_20-23-47.jpg,,,
29559,2026-03-18T20:58:19,photos/photo_27550@18-03-2026_20-58-19.jpg,,https://c.onlyaff.app/7dHydc,"CARHARTT —-> 15€ 💎
Varios Colores 🎨"
29560,2026-03-18T21:01:00,photos/photo_27551@18-03-2026_21-01-00.jpg,,https://c.onlyaff.app/7dHIn4,ASICS Gel Trabuco Max 4 —-> 40€ 💎
29561,2026-03-18T21:01:01,photos/photo_27552@18-03-2026_21-01-01.jpg,,,
29562,2026-03-18T21:01:01,photos/photo_27553@18-03-2026_21-01-01.jpg,,,
29563,2026-03-18T21:01:01,photos/photo_27554@18-03-2026_21-01-01.jpg,,,
29564,2026-03-18T21:01:01,photos/photo_27555@18-03-2026_21-01-01.jpg,,,
29565,2026-03-18T21:01:01,photos/photo_27556@18-03-2026_21-01-01.jpg,,,
29566,2026-03-18T21:01:01,photos/photo_27557@18-03-2026_21-01-01.jpg,,,
29567,2026-03-18T21:01:01,photos/photo_27558@18-03-2026_21-01-01.jpg,,,
29568,2026-03-18T21:48:41,photos/photo_27559@18-03-2026_21-48-41.jpg,,https://c.onlyaff.app/7dJEx1,"UNDER ARMOUR —-> 15€ 💎
Varios Colores 🎨"
29569,2026-03-18T22:51:03,photos/photo_27560@18-03-2026_22-51-03.jpg,,https://c.onlyaff.app/7dMSZS,"CARHARTT (bordado) —-> 12€ 💎
Stock en todas las tallas ✅"
29571,2026-03-19T08:16:01,photos/photo_27561@19-03-2026_08-16-01.jpg,,https://c.onlyaff.app/7dNj7V,"CARHARTT —-> 11€ 💎
Muchos Colores 🎨"
29572,2026-03-19T08:17:01,photos/photo_27562@19-03-2026_08-17-01.jpg,,https://c.onlyaff.app/7dNl2t,"CARHARTT —-> 9€ 💎
Muchos Colores 🎨"
29573,2026-03-19T08:18:01,photos/photo_27563@19-03-2026_08-18-01.jpg,,https://c.onlyaff.app/7dNpYT,"COLE BUXTON —-> 36€ 💎
Varios Colores 🎨"
29574,2026-03-19T08:22:01,photos/photo_27564@19-03-2026_08-22-01.jpg,,https://c.onlyaff.app/IMlwB,"ADIDAS Spezial ""pana set"" —-> 24€ 💎"
29575,2026-03-19T08:22:01,photos/photo_27565@19-03-2026_08-22-01.jpg,,,
29576,2026-03-19T08:22:01,photos/photo_27566@19-03-2026_08-22-01.jpg,,,
29577,2026-03-19T08:22:01,photos/photo_27567@19-03-2026_08-22-01.jpg,,,
29578,2026-03-19T08:22:01,photos/photo_27568@19-03-2026_08-22-01.jpg,,,
29579,2026-03-19T08:59:01,photos/photo_27569@19-03-2026_08-59-01.jpg,,https://c.onlyaff.app/7dNWXk,UGG —-> 26€ 💎
29580,2026-03-19T08:59:01,photos/photo_27570@19-03-2026_08-59-01.jpg,,,
29581,2026-03-19T08:59:01,photos/photo_27571@19-03-2026_08-59-01.jpg,,,
29582,2026-03-19T09:20:15,photos/photo_27572@19-03-2026_09-20-15.jpg,,https://c.onlyaff.app/7dNufe,"ADIDAS Samba LT ""animal print"" —-> 23€ 💎"
29583,2026-03-19T09:20:15,photos/photo_27573@19-03-2026_09-20-15.jpg,,,
29584,2026-03-19T09:20:15,photos/photo_27574@19-03-2026_09-20-15.jpg,,,
29585,2026-03-19T09:36:01,photos/photo_27575@19-03-2026_09-36-01.jpg,,https://c.onlyaff.app/7dNAG2,"ADIDAS Samba OG ""burgundy"" —-> 22€ 💎"
29586,2026-03-19T09:56:01,photos/photo_27576@19-03-2026_09-56-01.jpg,,https://c.onlyaff.app/7dNFgC,"HOKA Challenger 8 —-> 29€ 💎
15 Colores 🎨"
29587,2026-03-19T10:11:01,photos/photo_27577@19-03-2026_10-11-01.jpg,,https://c.onlyaff.app/7dNJSr,"ALEXANDER MCQUEEN —-> 24€ 💎
12 Colores 🎨"
29588,2026-03-19T10:11:01,photos/photo_27578@19-03-2026_10-11-01.jpg,,,
29589,2026-03-19T10:11:01,photos/photo_27579@19-03-2026_10-11-01.jpg,,,
29590,2026-03-19T10:24:01,photos/photo_27580@19-03-2026_10-24-01.jpg,,https://c.onlyaff.app/7dNMmo,CARHARTT —-> 9€ 💎
29591,2026-03-19T10:44:01,photos/photo_27581@19-03-2026_10-44-01.jpg,,https://c.onlyaff.app/7dNQyn,POLO RALPH LAUREN —-> 16€ 💎
29592,2026-03-19T10:58:01,photos/photo_27582@19-03-2026_10-58-01.jpg,,https://c.onlyaff.app/7dNQpv,ZADIG & VOLTAIRE —-> 30€ 💎
29593,2026-03-19T11:12:01,photos/photo_27583@19-03-2026_11-12-01.jpg,,https://c.onlyaff.app/7dNQTc,POLO RALPH LAUREN —-> 15€ 💎
29594,2026-03-19T11:16:01,photos/photo_27584@19-03-2026_11-16-01.jpg,,https://c.onlyaff.app/7dNRyj,HELLSTAR —-> 25€ 💎
29595,2026-03-19T11:16:01,photos/photo_27585@19-03-2026_11-16-01.jpg,,,
29596,2026-03-19T11:44:01,photos/photo_27586@19-03-2026_11-44-01.jpg,,https://c.onlyaff.app/7dNTUV,"CORTEIZ —-> 17€ 💎
También en Negro 🎨"
29597,2026-03-19T11:55:14,photos/photo_27587@19-03-2026_11-55-14.jpg,,https://c.onlyaff.app/7dNSGq,CARHARTT Detroit —-> 50€ 💎
29598,2026-03-19T11:55:14,photos/photo_27588@19-03-2026_11-55-14.jpg,,,
29599,2026-03-19T11:55:14,photos/photo_27589@19-03-2026_11-55-14.jpg,,,
29600,2026-03-19T12:03:32,photos/photo_27590@19-03-2026_12-03-32.jpg,,https://c.onlyaff.app/7dNTjw,TRAPSTAR —-> 34€ 💎
29601,2026-03-19T12:08:01,photos/photo_27591@19-03-2026_12-08-01.jpg,,https://c.onlyaff.app/7dNV3M,MONCLER —-> 8€ 💎
29602,2026-03-19T12:18:01,photos/photo_27592@19-03-2026_12-18-01.jpg,,https://c.onlyaff.app/7dO6he,"ON CLOUD The Roger —-> 36€ 💎
11 Colores 🎨"
29603,2026-03-19T12:18:01,photos/photo_27593@19-03-2026_12-18-01.jpg,,,
29604,2026-03-19T12:18:01,photos/photo_27594@19-03-2026_12-18-01.jpg,,,
29605,2026-03-19T12:24:01,photos/photo_27595@19-03-2026_12-24-01.jpg,,https://c.onlyaff.app/7dNVK3,ADIDAS —-> 28€ 💎
29606,2026-03-19T12:24:01,photos/photo_27596@19-03-2026_12-24-01.jpg,,,
29607,2026-03-19T12:24:01,photos/photo_27597@19-03-2026_12-24-01.jpg,,,
29608,2026-03-19T12:36:01,photos/photo_27598@19-03-2026_12-36-01.jpg,,https://c.onlyaff.app/7dNWoz,"ADIDAS Supernova —-> 34€ 💎
11 Colores 🎨"
29609,2026-03-19T12:36:01,photos/photo_27599@19-03-2026_12-36-01.jpg,,,
29610,2026-03-19T12:36:01,photos/photo_27600@19-03-2026_12-36-01.jpg,,,
29611,2026-03-19T12:46:01,photos/photo_27601@19-03-2026_12-46-01.jpg,,https://c.onlyaff.app/7dNWzD,STUSSY —-> 22€ 💎
29612,2026-03-19T12:52:55,photos/photo_27602@19-03-2026_12-52-55.jpg,,https://c.onlyaff.app/7ep7Y0,ADIDAS Denim —-> 38€ 💎
29613,2026-03-19T12:52:55,photos/photo_27603@19-03-2026_12-52-55.jpg,,,
29614,2026-03-19T12:52:55,photos/photo_27604@19-03-2026_12-52-55.jpg,,,
29615,2026-03-19T13:04:01,photos/photo_27605@19-03-2026_13-04-01.jpg,,https://c.onlyaff.app/7dNXDS,"ASICS Speed 4 —-> 28€ 💎
11 Colores 🎨"
29616,2026-03-19T13:04:01,photos/photo_27606@19-03-2026_13-04-01.jpg,,,
29617,2026-03-19T13:04:01,photos/photo_27607@19-03-2026_13-04-01.jpg,,,
29618,2026-03-19T13:04:01,photos/photo_27608@19-03-2026_13-04-01.jpg,,,
29619,2026-03-19T13:04:01,photos/photo_27609@19-03-2026_13-04-01.jpg,,,
29620,2026-03-19T13:04:01,photos/photo_27610@19-03-2026_13-04-01.jpg,,,
29621,2026-03-19T13:04:01,photos/photo_27611@19-03-2026_13-04-01.jpg,,,
29622,2026-03-19T13:04:01,photos/photo_27612@19-03-2026_13-04-01.jpg,,,
29623,2026-03-19T13:04:01,photos/photo_27613@19-03-2026_13-04-01.jpg,,,
29624,2026-03-19T13:06:01,photos/photo_27614@19-03-2026_13-06-01.jpg,,https://c.onlyaff.app/7dO7KX,"NIKE FC Barcelona x ECHO 26/27 —-> 12€ 💎
🚨 Se agota muy rápido 💨"
29625,2026-03-19T13:22:01,photos/photo_27615@19-03-2026_13-22-01.jpg,,https://c.onlyaff.app/7dO39F,"POLO RALPH LAUREN —-> 30€ 💎
Varios Colores 🎨"
29626,2026-03-19T13:36:01,photos/photo_27616@19-03-2026_13-36-01.jpg,,https://c.onlyaff.app/7dO4eY,"ADIDAS Campus —-> 21€ 💎
17 Colores 🎨"
29627,2026-03-19T13:36:01,photos/photo_27617@19-03-2026_13-36-01.jpg,,,
29628,2026-03-19T13:36:01,photos/photo_27618@19-03-2026_13-36-01.jpg,,,
29629,2026-03-19T13:36:01,photos/photo_27619@19-03-2026_13-36-01.jpg,,,
29630,2026-03-19T13:36:01,photos/photo_27620@19-03-2026_13-36-01.jpg,,,
29631,2026-03-19T13:36:01,photos/photo_27621@19-03-2026_13-36-01.jpg,,,
29632,2026-03-19T13:36:01,photos/photo_27622@19-03-2026_13-36-01.jpg,,,
29633,2026-03-19T13:36:01,photos/photo_27623@19-03-2026_13-36-01.jpg,,,
29634,2026-03-19T13:36:01,photos/photo_27624@19-03-2026_13-36-01.jpg,,,
29635,2026-03-19T16:18:09,photos/photo_27625@19-03-2026_16-18-09.jpg,,https://c.onlyaff.app/IR2sp,DAYSON —-> 35€ 💎
29636,2026-03-19T19:16:57,photos/photo_27626@19-03-2026_19-16-57.jpg,,https://c.onlyaff.app/ISr30,"ADIDAS ""Sport & Rich"" —-> 23€ 💎
Varios Colores 🎨
(Fotos realizadas por mi) 📸"
29637,2026-03-19T19:16:57,photos/photo_27627@19-03-2026_19-16-57.jpg,,,
29638,2026-03-19T19:16:57,photos/photo_27628@19-03-2026_19-16-57.jpg,,,
29639,2026-03-19T20:04:59,photos/photo_27629@19-03-2026_20-04-59.jpg,,https://c.onlyaff.app/7eZnLe,"SYNA Tech —-> 18€ 💎
Varios Colores 🎨"
29640,2026-03-19T20:06:25,photos/photo_27630@19-03-2026_20-06-25.jpg,,https://c.onlyaff.app/7eZpVu,"BAPE (conjunto) —-> 21€ 💎
Varios Colores 🎨"
29641,2026-03-19T20:12:58,photos/photo_27631@19-03-2026_20-12-58.jpg,,https://c.onlyaff.app/7eZBny,"SCUFFERS —-> 21€ 💎
Varios Colores 🎨
🚨 Se agotan muy rápido 💨"
29642,2026-03-19T20:12:58,photos/photo_27632@19-03-2026_20-12-58.jpg,,,
29643,2026-03-19T21:32:06,photos/photo_27633@19-03-2026_21-32-06.jpg,,https://c.onlyaff.app/7f45eE,JACQUEMUS —-> 24€ 💎
29644,2026-03-19T21:37:07,photos/photo_27634@19-03-2026_21-37-07.jpg,,https://c.onlyaff.app/7f4C1N,"ADIDAS —-> 16€ 💎
Varios Colores 🎨"
29645,2026-03-19T21:40:53,photos/photo_27635@19-03-2026_21-40-53.jpg,,https://c.onlyaff.app/7f4QIE,"NIKE Tech —-> 29€ 💎
🚨 Se agota muy rápido 💨"
29646,2026-03-19T21:42:02,photos/photo_27636@19-03-2026_21-42-02.jpg,,https://c.onlyaff.app/7f59kK,"ALO —-> 17€ 💎
Muchos Colores 🎨"
29647,2026-03-19T21:43:33,photos/photo_27637@19-03-2026_21-43-33.jpg,,https://c.onlyaff.app/7f5fJz,ALO (pack 5) —-> 11€ 💎
29648,2026-03-19T21:43:33,photos/photo_27638@19-03-2026_21-43-33.jpg,,,
29649,2026-03-19T21:43:33,photos/photo_27639@19-03-2026_21-43-33.jpg,,,
29650,2026-03-19T21:46:35,photos/photo_27640@19-03-2026_21-46-35.jpg,,https://c.onlyaff.app/7f5tON,ALO —-> 24€ 💎
29651,2026-03-19T21:46:35,photos/photo_27641@19-03-2026_21-46-35.jpg,,,
29652,2026-03-19T21:46:35,photos/photo_27642@19-03-2026_21-46-35.jpg,,,
29653,2026-03-19T21:46:35,photos/photo_27643@19-03-2026_21-46-35.jpg,,,
29654,2026-03-19T21:46:35,photos/photo_27644@19-03-2026_21-46-35.jpg,,,
29655,2026-03-19T21:46:35,photos/photo_27645@19-03-2026_21-46-35.jpg,,,
29656,2026-03-19T21:48:05,photos/photo_27646@19-03-2026_21-48-05.jpg,,https://c.onlyaff.app/7f5AXc,"POLENE —-> 28€ 💎
12 Colores 🎨"
29657,2026-03-19T21:50:05,photos/photo_27647@19-03-2026_21-50-05.jpg,,https://c.onlyaff.app/7f5GIC,"CROCS Echo Clog —-> 25€ 💎
También en Negro 🎨"
29658,2026-03-19T21:50:05,photos/photo_27648@19-03-2026_21-50-05.jpg,,,
29659,2026-03-19T21:50:06,photos/photo_27649@19-03-2026_21-50-06.jpg,,,
29660,2026-03-19T21:52:14,photos/photo_27650@19-03-2026_21-52-14.jpg,,https://c.onlyaff.app/7f5Snk,"JBL Charge 6 —-> 57€ 💎
Muchos Colores 🎨
Producto MUY recomendado ✅
Perfecto para nuestra promo del 90% 🎁"
29661,2026-03-19T21:52:14,photos/photo_27651@19-03-2026_21-52-14.jpg,,,
29662,2026-03-19T21:52:14,photos/photo_27652@19-03-2026_21-52-14.jpg,,,
29663,2026-03-19T21:55:03,photos/photo_27653@19-03-2026_21-55-03.jpg,,https://c.onlyaff.app/7f621c,"EMPORIO ARMANI 7 —-> 30€ 💎
Muchos Colores 🎨"
29664,2026-03-19T21:57:31,photos/photo_27654@19-03-2026_21-57-31.jpg,,https://c.onlyaff.app/7f6cHJ,"NEW ERA —-> 10€ 💎
Varios Colores 🎨"
29665,2026-03-19T21:58:44,photos/photo_27655@19-03-2026_21-58-44.jpg,,https://c.onlyaff.app/4urrO,"CARHARTT (conjunto) —-> 21€ 💎
Varios Colores 🎨"
29666,2026-03-19T21:59:50,photos/photo_27656@19-03-2026_21-59-50.jpg,,https://c.onlyaff.app/7f6kOv,"CARHARTT —-> 25€ 💎
Varios Colores 🎨"
29667,2026-03-19T22:02:30,photos/photo_27657@19-03-2026_22-02-30.jpg,,https://c.onlyaff.app/7f6vHT,"BIRKENSTOCK —-> 14€ 💎
Muchos Colores 🎨"
29668,2026-03-19T22:09:29,photos/photo_27658@19-03-2026_22-09-29.jpg,,https://c.onlyaff.app/7f6WKk,"ON CLOUD 6 —-> 23€ 💎
Varios Colores 🎨"
29669,2026-03-19T22:09:29,photos/photo_27659@19-03-2026_22-09-29.jpg,,,
29670,2026-03-19T22:09:29,photos/photo_27660@19-03-2026_22-09-29.jpg,,,
29672,2026-03-19T22:13:30,photos/photo_27661@19-03-2026_22-13-30.jpg,,https://c.onlyaff.app/7f75pk,"YEEZY Slide —-> 16€ 💎
11 Colores 🎨"
29673,2026-03-19T22:13:30,photos/photo_27662@19-03-2026_22-13-30.jpg,,,
29674,2026-03-19T22:13:30,photos/photo_27663@19-03-2026_22-13-30.jpg,,,
29675,2026-03-19T23:10:59,photos/photo_27664@19-03-2026_23-10-59.jpg,,,"🚨 PROMO BRUTAL ACTIVA 🚨

Seguimos con el 90% de descuento 🔥

Para los que no sabéis cómo aplicarlo, es muy fácil:
👉 Con una cuenta nueva (sin pedidos previos), en vuestro primer pedido tendréis -90% en el artículo más caro.

Y además… 👇
💥 Podéis sumar un -14% extra en TODO el pedido con nuestro código: SUPER14

Aprovechadlo porque es una locura 💸"
29676,2026-03-19T23:24:48,photos/photo_27665@19-03-2026_23-24-48.jpg,,https://c.onlyaff.app/7f8Vpg,"CAROLINA HERRERA —-> 26€ 💎
Varios Colores 🎨"
29677,2026-03-19T23:24:48,photos/photo_27666@19-03-2026_23-24-48.jpg,,,
29678,2026-03-19T23:24:48,photos/photo_27667@19-03-2026_23-24-48.jpg,,,
29679,2026-03-20T08:16:01,photos/photo_27668@20-03-2026_08-16-01.jpg,,https://c.onlyaff.app/7f9a22,UNDER ARMOUR (pack 6) —-> 19€ 💎
29680,2026-03-20T08:18:01,photos/photo_27669@20-03-2026_08-18-01.jpg,,https://c.onlyaff.app/7f9dKm,"ADIDAS Forum —-> 31€ 💎
19 Colores 🎨"
29681,2026-03-20T08:18:01,photos/photo_27670@20-03-2026_08-18-01.jpg,,,
29682,2026-03-20T08:18:01,photos/photo_27671@20-03-2026_08-18-01.jpg,,,
29683,2026-03-20T08:18:01,photos/photo_27672@20-03-2026_08-18-01.jpg,,,
29684,2026-03-20T08:18:01,photos/photo_27673@20-03-2026_08-18-01.jpg,,,
29685,2026-03-20T08:18:01,photos/photo_27674@20-03-2026_08-18-01.jpg,,,
29686,2026-03-20T08:18:01,photos/photo_27675@20-03-2026_08-18-01.jpg,,,
29687,2026-03-20T08:18:01,photos/photo_27676@20-03-2026_08-18-01.jpg,,,
29688,2026-03-20T08:18:01,photos/photo_27677@20-03-2026_08-18-01.jpg,,,
29689,2026-03-20T09:10:10,photos/photo_27678@20-03-2026_09-10-10.jpg,,https://c.onlyaff.app/7f9m6a,"ADIDAS Bermuda —-> 24€ 💎
18 Colores 🎨"
29690,2026-03-20T09:10:10,photos/photo_27679@20-03-2026_09-10-10.jpg,,,
29691,2026-03-20T09:10:10,photos/photo_27680@20-03-2026_09-10-10.jpg,,,
29692,2026-03-20T09:10:11,photos/photo_27681@20-03-2026_09-10-11.jpg,,,
29693,2026-03-20T09:10:11,photos/photo_27682@20-03-2026_09-10-11.jpg,,,
29694,2026-03-20T09:10:11,photos/photo_27683@20-03-2026_09-10-11.jpg,,,
29695,2026-03-20T09:10:11,photos/photo_27684@20-03-2026_09-10-11.jpg,,,
29696,2026-03-20T09:10:11,photos/photo_27685@20-03-2026_09-10-11.jpg,,,
29697,2026-03-20T09:10:11,photos/photo_27686@20-03-2026_09-10-11.jpg,,,
29698,2026-03-20T09:36:01,photos/photo_27687@20-03-2026_09-36-01.jpg,,https://c.onlyaff.app/7f9p5A,POLO RALPH LAUREN —-> 17€ 💎
29699,2026-03-20T09:37:01,photos/photo_27688@20-03-2026_09-37-01.jpg,,https://c.onlyaff.app/7f9sTu,"POLO RALPH LAUREN —-> 8€ 💎
Muy recomendadas ✅"
29700,2026-03-20T09:38:01,photos/photo_27689@20-03-2026_09-38-01.jpg,,https://c.onlyaff.app/7f9vC3,CARHARTT —-> 15€ 💎
29701,2026-03-20T10:11:01,photos/photo_27690@20-03-2026_10-11-01.jpg,,https://c.onlyaff.app/7f9yqO,BIRKENSTOCK —-> 21€ 💎
29702,2026-03-20T10:11:01,photos/photo_27691@20-03-2026_10-11-01.jpg,,,
29703,2026-03-20T10:11:01,photos/photo_27692@20-03-2026_10-11-01.jpg,,,
29704,2026-03-20T10:11:01,photos/photo_27693@20-03-2026_10-11-01.jpg,,,
29705,2026-03-20T10:11:01,photos/photo_27694@20-03-2026_10-11-01.jpg,,,
29706,2026-03-20T10:11:01,photos/photo_27695@20-03-2026_10-11-01.jpg,,,
29707,2026-03-20T10:11:01,photos/photo_27696@20-03-2026_10-11-01.jpg,,,
29708,2026-03-20T10:57:53,photos/photo_27697@20-03-2026_10-57-53.jpg,,https://c.onlyaff.app/IWJ28,"ADIDAS ""Año Nuevo Chino"" —-> 43€ 💎
Nuevo enlace 🔗 
🚨 Se agotan MUY rápido 💨"
29709,2026-03-20T11:30:02,photos/photo_27698@20-03-2026_11-30-02.jpg,,https://c.onlyaff.app/7fvFAl,"ALO (chándal completo) —-> 22€ 💎
Muchos Colores 🎨
(Fotos realizadas por mi) 📸"
29710,2026-03-20T12:12:07,photos/photo_27699@20-03-2026_12-12-07.jpg,,https://c.onlyaff.app/7fxq0G,"LOEWE x ON CLOUD —-> 33€ 💎
13 Colores 🎨"
29711,2026-03-20T12:12:07,photos/photo_27700@20-03-2026_12-12-07.jpg,,,
29712,2026-03-20T12:12:07,photos/photo_27701@20-03-2026_12-12-07.jpg,,,
29713,2026-03-20T12:12:07,photos/photo_27702@20-03-2026_12-12-07.jpg,,,
29714,2026-03-20T12:12:07,photos/photo_27703@20-03-2026_12-12-07.jpg,,,
29715,2026-03-20T12:12:07,photos/photo_27704@20-03-2026_12-12-07.jpg,,,
29716,2026-03-20T12:12:07,photos/photo_27705@20-03-2026_12-12-07.jpg,,,
29717,2026-03-20T12:12:07,photos/photo_27706@20-03-2026_12-12-07.jpg,,,
29718,2026-03-20T12:13:10,photos/photo_27707@20-03-2026_12-13-10.jpg,,https://c.onlyaff.app/7fxuW5,"GOLDEN GOOSE —-> 34€ 💎
Varios Colores 🎨"
29719,2026-03-20T13:26:36,photos/photo_27708@20-03-2026_13-26-36.jpg,,https://c.onlyaff.app/7fAaJa,"LORO PIANA —-> 64€ 💎
Muchos Colores 🎨
Nuevo Enlace 🔗"
29720,2026-03-20T13:26:36,photos/photo_27709@20-03-2026_13-26-36.jpg,,,
29721,2026-03-20T13:26:36,photos/photo_27710@20-03-2026_13-26-36.jpg,,,
29722,2026-03-20T13:36:58,photos/photo_27711@20-03-2026_13-36-58.jpg,,https://c.onlyaff.app/7fAGsK,"ASICS Gel Kahana 8 —-> 26€ 💎
15 Colores 🎨"
29724,2026-03-20T13:36:58,photos/photo_27712@20-03-2026_13-36-58.jpg,,,
29725,2026-03-20T13:36:58,photos/photo_27713@20-03-2026_13-36-58.jpg,,,
29726,2026-03-20T13:36:58,photos/photo_27714@20-03-2026_13-36-58.jpg,,,
29727,2026-03-20T13:36:58,photos/photo_27715@20-03-2026_13-36-58.jpg,,,
29728,2026-03-20T13:36:58,photos/photo_27716@20-03-2026_13-36-58.jpg,,,
29729,2026-03-20T13:36:58,photos/photo_27717@20-03-2026_13-36-58.jpg,,,
29730,2026-03-20T13:36:58,photos/photo_27718@20-03-2026_13-36-58.jpg,,,
29731,2026-03-20T13:36:58,photos/photo_27719@20-03-2026_13-36-58.jpg,,,
29732,2026-03-20T13:38:37,photos/photo_27720@20-03-2026_13-38-37.jpg,,https://c.onlyaff.app/7fAM6w,"THE NORTH FACE 700 —-> 24€ 💎
Muy recomendada ✅"
29733,2026-03-20T13:38:37,photos/photo_27721@20-03-2026_13-38-37.jpg,,,
29734,2026-03-20T13:38:37,photos/photo_27722@20-03-2026_13-38-37.jpg,,,
29735,2026-03-20T13:38:37,photos/photo_27723@20-03-2026_13-38-37.jpg,,,
29736,2026-03-20T13:38:37,photos/photo_27724@20-03-2026_13-38-37.jpg,,,
29737,2026-03-20T13:38:37,photos/photo_27725@20-03-2026_13-38-37.jpg,,,
29738,2026-03-20T13:38:37,photos/photo_27726@20-03-2026_13-38-37.jpg,,,
29739,2026-03-20T13:39:34,photos/photo_27727@20-03-2026_13-39-34.jpg,,https://c.onlyaff.app/7fAQSo,"CONVERSE —-> 25€ 💎
También en Blanco 🎨"
29740,2026-03-20T15:00:06,photos/photo_27728@20-03-2026_15-00-06.jpg,,https://c.onlyaff.app/7fEqui,"ADIDAS x LNY —-> 34€ 💎
También en Rojo 🎨"
29741,2026-03-20T15:02:48,photos/photo_27729@20-03-2026_15-02-48.jpg,,https://c.onlyaff.app/7fEuPm,ESSENTIALS x FEAR OF GOD (bañador) —-> 21€ 💎
29742,2026-03-20T16:11:33,photos/photo_27730@20-03-2026_16-11-33.jpg,,https://c.onlyaff.app/IY275,"CROCS AllTerrain —-> 33€ 💎
12 Colores 🎨
🚨 Se agotan MUY rápido 💨"
29743,2026-03-20T16:26:44,photos/photo_27731@20-03-2026_16-26-44.jpg,,https://c.onlyaff.app/7fGzhc,"CROCS x CARS —-> 18€ 💎
Varios Modelos 🎨
🚨 Se agotan muy rápido 💨"
29744,2026-03-20T17:24:04,photos/photo_27732@20-03-2026_17-24-04.jpg,,https://c.onlyaff.app/7fIsCZ,"ADIDAS (camiseta) —-> 20€ 💎
Varios Colores 🎨"
29745,2026-03-20T17:25:44,photos/photo_27733@20-03-2026_17-25-44.jpg,,https://c.onlyaff.app/7fIxh6,"APPLE AirPods3 —-> 12€ 💎
Calidad 🔝
Muy recomendados✅
(Fotos realizadas por mi) 📸"
29746,2026-03-20T17:25:44,photos/photo_27734@20-03-2026_17-25-44.jpg,,,
29747,2026-03-20T17:25:44,photos/photo_27735@20-03-2026_17-25-44.jpg,,,
29748,2026-03-20T17:40:11,photos/photo_27736@20-03-2026_17-40-11.jpg,,https://c.onlyaff.app/7fJ7bl,"ADIDAS PureBoost 23 —-> 27€ 💎
11 Colores 🎨"
29749,2026-03-20T17:57:16,photos/photo_27737@20-03-2026_17-57-16.jpg,,https://c.onlyaff.app/IYobA,"MIU MIU —-> 8€ 💎
Varios Colores 🎨"
29750,2026-03-20T17:59:31,photos/photo_27738@20-03-2026_17-59-31.jpg,,https://c.onlyaff.app/7fJZyG,"MIU MIU —-> 8€ 💎
Varios Colores 🎨"
29751,2026-03-20T18:50:35,photos/photo_27739@20-03-2026_18-50-35.jpg,,https://c.onlyaff.app/7fMxey,"THE NORTH FACE —-> 9€ 💎
También en Blanco 🎨"
29752,2026-03-20T20:00:17,photos/photo_27740@20-03-2026_20-00-17.jpg,,https://c.onlyaff.app/7g6Pqa,"VANS Knu Skool —-> 29€ 💎
16 Colores 🎨"
29753,2026-03-20T20:00:17,photos/photo_27741@20-03-2026_20-00-17.jpg,,,
29754,2026-03-20T20:00:17,photos/photo_27742@20-03-2026_20-00-17.jpg,,,
29755,2026-03-20T20:00:17,photos/photo_27743@20-03-2026_20-00-17.jpg,,,
29756,2026-03-20T20:00:17,photos/photo_27744@20-03-2026_20-00-17.jpg,,,
29757,2026-03-20T20:00:17,photos/photo_27745@20-03-2026_20-00-17.jpg,,,
29758,2026-03-20T20:00:17,photos/photo_27746@20-03-2026_20-00-17.jpg,,,
29759,2026-03-20T20:00:17,photos/photo_27747@20-03-2026_20-00-17.jpg,,,
29760,2026-03-20T20:00:17,photos/photo_27748@20-03-2026_20-00-17.jpg,,,
29761,2026-03-20T20:45:08,photos/photo_27749@20-03-2026_20-45-08.jpg,,https://c.onlyaff.app/7g8WSn,"ADIDAS España Segunda Equipación 26/27 —-> 10€ 💎
También la Roja 🎨
🚨 Se agotan MUY rápido 💨"
29762,2026-03-20T21:41:38,photos/photo_27750@20-03-2026_21-41-38.jpg,,https://c.onlyaff.app/J17QX,ADIDAS Samba OG —-> 22€ 💎
29763,2026-03-20T21:43:09,photos/photo_27751@20-03-2026_21-43-09.jpg,,https://c.onlyaff.app/7gbkbr,THE NORTH FACE —-> 9€ 💎
29764,2026-03-20T21:44:31,photos/photo_27752@20-03-2026_21-44-31.jpg,,https://c.onlyaff.app/7gbnr7,"FRED PERRY (bordado) —-> 10€ 💎
También en Blanco 🎨"
29765,2026-03-20T21:57:16,photos/photo_27753@20-03-2026_21-57-16.jpg,,https://c.onlyaff.app/7gbMGy,ADIDAS Samba OG —-> 19€ 💎
29766,2026-03-20T21:57:16,photos/photo_27754@20-03-2026_21-57-16.jpg,,,
29767,2026-03-20T21:57:16,photos/photo_27755@20-03-2026_21-57-16.jpg,,,
29768,2026-03-20T21:58:11,photos/photo_27756@20-03-2026_21-58-11.jpg,,https://c.onlyaff.app/7gbOqk,"YEEZY 500 —-> 31€ 💎
Varios Colores 🎨"
29769,2026-03-20T22:11:18,photos/photo_27757@20-03-2026_22-11-18.jpg,,https://c.onlyaff.app/J1cW3,VANS SK8 —-> 31€ 💎
29770,2026-03-20T22:11:18,photos/photo_27758@20-03-2026_22-11-18.jpg,,,
29771,2026-03-20T22:11:18,photos/photo_27759@20-03-2026_22-11-18.jpg,,,
29772,2026-03-20T22:13:47,photos/photo_27760@20-03-2026_22-13-47.jpg,,https://c.onlyaff.app/7gc7Jz,ADIDAS Gazelle x BAD BUNNY —-> 26€ 💎
29773,2026-03-20T22:13:47,photos/photo_27761@20-03-2026_22-13-47.jpg,,,
29774,2026-03-20T22:13:47,photos/photo_27762@20-03-2026_22-13-47.jpg,,,
29778,2026-03-20T22:53:30,photos/photo_27763@20-03-2026_22-53-30.jpg,,https://c.onlyaff.app/7gdclY,"LOUIS VUITTON Trainer —-> 52€ 💎
Varios Colores 🎨
🚨 Se agotan MUY rápido  💨"
29779,2026-03-20T22:57:41,photos/photo_27764@20-03-2026_22-57-41.jpg,,https://c.onlyaff.app/7gdhDX,THE NORTH FACE —-> 23€ 💎
29781,2026-03-20T23:09:06,photos/photo_27765@20-03-2026_23-09-06.jpg,,https://c.onlyaff.app/7g8WSn,"⚠️ NOVEDAD ⚠️

ADIDAS España Segunda Equipación 26/27 —-> 10€ 💎
También la Roja 🎨
🚨 Se agotan MUY rápido 💨"
29782,2026-03-21T09:35:06,photos/photo_27766@21-03-2026_09-35-06.jpg,,https://c.onlyaff.app/7gwHWC,REEBOK Club C —-> 36€ 💎
29783,2026-03-21T09:35:06,photos/photo_27767@21-03-2026_09-35-06.jpg,,,
29784,2026-03-21T09:35:06,photos/photo_27768@21-03-2026_09-35-06.jpg,,,
29785,2026-03-21T09:35:06,photos/photo_27769@21-03-2026_09-35-06.jpg,,,
29786,2026-03-21T09:35:06,photos/photo_27770@21-03-2026_09-35-06.jpg,,,
29787,2026-03-21T12:14:08,photos/photo_27771@21-03-2026_12-14-08.jpg,,https://c.onlyaff.app/7gGdg0,"AIME LEON DORE —-> 17€ 💎
Varios Colores 🎨"
29788,2026-03-21T13:06:50,photos/photo_27772@21-03-2026_13-06-50.jpg,,https://c.onlyaff.app/7gJE7v,AMIRI —-> 24€ 💎
29789,2026-03-21T13:06:50,photos/photo_27773@21-03-2026_13-06-50.jpg,,,
29790,2026-03-21T13:06:50,photos/photo_27774@21-03-2026_13-06-50.jpg,,,
29791,2026-03-21T13:11:09,photos/photo_27775@21-03-2026_13-11-09.jpg,,https://c.onlyaff.app/7gK0qz,"NIKE Vomero Premium —-> 38€ 💎
18 Colores 🎨
🚨 Se agotan muy rápido 💨"
29792,2026-03-21T14:35:40,photos/photo_27776@21-03-2026_14-35-40.jpg,,https://c.onlyaff.app/7gOzjR,THE NORTH FACE —-> 32€ 💎
29793,2026-03-21T14:39:32,photos/photo_27777@21-03-2026_14-39-32.jpg,,https://c.onlyaff.app/7gOLB8,"HOKA Hopara —-> 43€ 💎
11 Colores 🎨"
29794,2026-03-21T15:37:52,photos/photo_27778@21-03-2026_15-37-52.jpg,,https://c.onlyaff.app/J5heH,"CAROLINA HERRERA —-> 22€ 💎
Muchos Modelos 🎨"
29795,2026-03-21T18:11:02,photos/photo_27779@21-03-2026_18-11-02.jpg,,https://c.onlyaff.app/7gWA8w,ADIDAS España 26/27 —-> 50€ 💎
29796,2026-03-21T18:29:08,photos/photo_27780@21-03-2026_18-29-08.jpg,,https://c.onlyaff.app/7gXvwE,"NEW BALANCE 530 —-> 36€ 💎
15 Colores 🎨
(YepExpress)"
29797,2026-03-21T19:14:21,photos/photo_27781@21-03-2026_19-14-21.jpg,,https://c.onlyaff.app/7h5nOd,POLO RALPH LAUREN —-> 20€ 💎
29798,2026-03-21T19:28:35,photos/photo_27782@21-03-2026_19-28-35.jpg,,https://c.onlyaff.app/7ha2y5,"MONCLER —-> 8€ 💎
Varios Colores 🎨"
29799,2026-03-21T20:40:07,photos/photo_27783@21-03-2026_20-40-07.jpg,,https://c.onlyaff.app/7hnEha,"GUESS —-> 25€ 💎
Varios Colores 🎨"
29800,2026-03-21T20:44:06,photos/photo_27784@21-03-2026_20-44-06.jpg,,https://c.onlyaff.app/7hnPcB,"NIKE Blazer SB Premium —-> 38€ 💎
(YepExpress)"
29801,2026-03-21T20:44:06,photos/photo_27785@21-03-2026_20-44-06.jpg,,,
29802,2026-03-21T20:44:06,photos/photo_27786@21-03-2026_20-44-06.jpg,,,
29803,2026-03-21T20:44:06,photos/photo_27787@21-03-2026_20-44-06.jpg,,,
29804,2026-03-21T21:18:21,photos/photo_27788@21-03-2026_21-18-21.jpg,,https://c.onlyaff.app/7hpdys,"ADIDAS Spezial —-> 20€ 💎
18 Nuevos Colores 🎨"
29805,2026-03-21T21:18:21,photos/photo_27789@21-03-2026_21-18-21.jpg,,,
29806,2026-03-21T21:18:21,photos/photo_27790@21-03-2026_21-18-21.jpg,,,
29807,2026-03-21T21:18:21,photos/photo_27791@21-03-2026_21-18-21.jpg,,,
29808,2026-03-21T21:18:21,photos/photo_27792@21-03-2026_21-18-21.jpg,,,
29809,2026-03-21T21:18:21,photos/photo_27793@21-03-2026_21-18-21.jpg,,,
29810,2026-03-21T21:18:21,photos/photo_27794@21-03-2026_21-18-21.jpg,,,
29811,2026-03-21T21:18:21,photos/photo_27795@21-03-2026_21-18-21.jpg,,,
29812,2026-03-21T21:18:21,photos/photo_27796@21-03-2026_21-18-21.jpg,,,
29813,2026-03-21T22:41:21,photos/photo_27797@21-03-2026_22-41-21.jpg,,https://c.onlyaff.app/7hrAev,ADIDAS Adilette Sandal —-> 29€ 💎
29814,2026-03-21T22:41:21,photos/photo_27798@21-03-2026_22-41-21.jpg,,,
29815,2026-03-21T22:41:21,photos/photo_27799@21-03-2026_22-41-21.jpg,,,
29816,2026-03-21T22:44:56,photos/photo_27800@21-03-2026_22-44-56.jpg,,https://c.onlyaff.app/7hrI2Z,"ASICS Gel Nimbus 10.1 x ATMOS —-> 32€ 💎
Muchos Colores 🎨"
29817,2026-03-21T22:44:56,photos/photo_27801@21-03-2026_22-44-56.jpg,,,
29818,2026-03-21T22:44:56,photos/photo_27802@21-03-2026_22-44-56.jpg,,,
29820,2026-03-22T09:22:29,photos/photo_27803@22-03-2026_09-22-29.jpg,,https://c.onlyaff.app/7hHLQV,ADIDAS —-> 26€ 💎
29821,2026-03-22T09:22:29,photos/photo_27804@22-03-2026_09-22-29.jpg,,,
29822,2026-03-22T09:22:29,photos/photo_27805@22-03-2026_09-22-29.jpg,,,
29823,2026-03-22T12:53:42,photos/photo_27806@22-03-2026_12-53-42.jpg,,https://c.onlyaff.app/JcpHT,"NIKE x STUSSY —-> 8€ 💎
Muchos Colores 🎨"
29824,2026-03-22T13:19:31,photos/photo_27807@22-03-2026_13-19-31.jpg,,https://c.onlyaff.app/JcDvI,"ASICS Gel 1130 —-> 26€ 💎
14 Colores 🎨"
29825,2026-03-22T13:19:31,photos/photo_27808@22-03-2026_13-19-31.jpg,,,
29826,2026-03-22T13:19:31,photos/photo_27809@22-03-2026_13-19-31.jpg,,,
29827,2026-03-22T13:19:31,photos/photo_27810@22-03-2026_13-19-31.jpg,,,
29828,2026-03-22T13:19:31,photos/photo_27811@22-03-2026_13-19-31.jpg,,,
29829,2026-03-22T13:19:31,photos/photo_27812@22-03-2026_13-19-31.jpg,,,
29830,2026-03-22T13:19:31,photos/photo_27813@22-03-2026_13-19-31.jpg,,,
29831,2026-03-22T13:19:31,photos/photo_27814@22-03-2026_13-19-31.jpg,,,
29832,2026-03-22T13:19:31,photos/photo_27815@22-03-2026_13-19-31.jpg,,,
29833,2026-03-22T13:28:31,photos/photo_27816@22-03-2026_13-28-31.jpg,,https://c.onlyaff.app/7i2V2P,VANS OG Style 36 x BLENDS —-> 33€ 💎
29834,2026-03-22T13:28:31,photos/photo_27817@22-03-2026_13-28-31.jpg,,,
29835,2026-03-22T13:28:32,photos/photo_27818@22-03-2026_13-28-32.jpg,,,
29836,2026-03-22T13:32:09,photos/photo_27819@22-03-2026_13-32-09.jpg,,https://c.onlyaff.app/7i3cZE,CAROLINA HERRERA —-> 36€ 💎
29837,2026-03-22T13:32:09,photos/photo_27820@22-03-2026_13-32-09.jpg,,,
29838,2026-03-22T13:32:09,photos/photo_27821@22-03-2026_13-32-09.jpg,,,
29839,2026-03-22T14:48:39,photos/photo_27822@22-03-2026_14-48-39.jpg,,https://c.onlyaff.app/7i75Se,HELLSTAR —-> 9€ 💎
29840,2026-03-22T15:19:47,photos/photo_27823@22-03-2026_15-19-47.jpg,,https://c.onlyaff.app/JdiX1,"STUSSY —-> 20€ 💎
Varios Colores 🎨"
29841,2026-03-22T16:48:56,photos/photo_27824@22-03-2026_16-48-56.jpg,,https://c.onlyaff.app/7icJ0K,"NIKE Dunk SB x TRAVIS SCOTT —-> 28€ 💎
(YepExpress)"
29842,2026-03-22T16:52:59,photos/photo_27825@22-03-2026_16-52-59.jpg,,https://c.onlyaff.app/7id0oN,"ADIDAS ""Año Nuevo Chino"" —-> 43€ 💎
Muchos Colores 🎨
Renovaron Stock 🚨"
29843,2026-03-22T16:56:11,photos/photo_27826@22-03-2026_16-56-11.jpg,,https://c.onlyaff.app/7hqk80,"POLO RALPH LAUREN —-> 40€ 💎
Varios Colores🎨"
29844,2026-03-22T16:56:11,photos/photo_27827@22-03-2026_16-56-11.jpg,,,
29845,2026-03-22T16:56:11,photos/photo_27828@22-03-2026_16-56-11.jpg,,,
29846,2026-03-22T16:58:29,photos/photo_27829@22-03-2026_16-58-29.jpg,,https://c.onlyaff.app/7iddk9,"STUSSY —-> 24€ 💎
Varios Colores 🎨"
29847,2026-03-22T17:01:17,photos/photo_27830@22-03-2026_17-01-17.jpg,,https://c.onlyaff.app/7idhrK,BIRKENSTOCK —-> 24€ 💎
29848,2026-03-22T17:01:17,photos/photo_27831@22-03-2026_17-01-17.jpg,,,
29849,2026-03-22T17:01:17,photos/photo_27832@22-03-2026_17-01-17.jpg,,,
29850,2026-03-22T17:01:17,photos/photo_27833@22-03-2026_17-01-17.jpg,,,
29851,2026-03-22T17:01:17,photos/photo_27834@22-03-2026_17-01-17.jpg,,,
29852,2026-03-22T17:01:17,photos/photo_27835@22-03-2026_17-01-17.jpg,,,
29853,2026-03-22T17:34:16,photos/photo_27836@22-03-2026_17-34-16.jpg,,https://c.onlyaff.app/7ieUNv,ADIDAS Spezial —-> 20€ 💎
29854,2026-03-22T17:48:09,photos/photo_27837@22-03-2026_17-48-09.jpg,,https://c.onlyaff.app/JdZjh,"MIU MIU —-> 40€ 💎
Varios Colores 🎨"
29855,2026-03-22T17:48:09,photos/photo_27838@22-03-2026_17-48-09.jpg,,,
29856,2026-03-22T17:48:09,photos/photo_27839@22-03-2026_17-48-09.jpg,,,
29857,2026-03-22T17:50:11,photos/photo_27840@22-03-2026_17-50-11.jpg,,https://c.onlyaff.app/7ig7l2,"ALO —-> 22€ 💎
Muy recomendadas ✅"
29858,2026-03-22T17:54:08,photos/photo_27841@22-03-2026_17-54-08.jpg,,https://c.onlyaff.app/7igCVX,AMIRI —-> 19€ 💎
29859,2026-03-22T17:54:08,photos/photo_27842@22-03-2026_17-54-08.jpg,,,
29860,2026-03-22T17:54:08,photos/photo_27843@22-03-2026_17-54-08.jpg,,,
29861,2026-03-22T17:56:12,photos/photo_27844@22-03-2026_17-56-12.jpg,,https://c.onlyaff.app/7igLd4,"CORTEIZ —-> 18€ 💎
14 Colores 🎨"
29862,2026-03-22T17:57:39,photos/photo_27845@22-03-2026_17-57-39.jpg,,https://c.onlyaff.app/7igTge,CARHARTT Detroit (primavera) —-> 49€ 💎
29863,2026-03-22T19:08:00,photos/photo_27846@22-03-2026_19-08-00.jpg,,https://c.onlyaff.app/7imBjW,"ADIDAS Adizero EVO SL —-> 24€ 💎
Muchos Colores 🎨"
29864,2026-03-22T19:29:46,photos/photo_27847@22-03-2026_19-29-46.jpg,,https://c.onlyaff.app/7iunCf,GUESS (bolso + neceser) —-> 26€ 💎
29865,2026-03-22T19:29:46,photos/photo_27848@22-03-2026_19-29-46.jpg,,,
29866,2026-03-22T19:29:46,photos/photo_27849@22-03-2026_19-29-46.jpg,,,
29867,2026-03-22T19:29:46,photos/photo_27850@22-03-2026_19-29-46.jpg,,,
29868,2026-03-22T19:29:46,photos/photo_27851@22-03-2026_19-29-46.jpg,,,
29870,2026-03-22T19:34:35,photos/photo_27852@22-03-2026_19-34-35.jpg,,https://c.onlyaff.app/7ivnV8,"ADIDAS Gazelle Indoor —-> 29€ 💎
25 Nuevos Colores 🎨"
29871,2026-03-22T20:49:00,photos/photo_27765@20-03-2026_23-09-06.jpg,,https://c.onlyaff.app/7iG0iA,"ADIDAS España Segunda Equipación 26/27 —-> 16€ 💎
También la Roja y todos los Dorsales 🎨"
29872,2026-03-22T20:49:00,photos/photo_27854@22-03-2026_20-49-00.jpg,,,
29873,2026-03-22T20:49:01,photos/photo_27855@22-03-2026_20-49-01.jpg,,,
29874,2026-03-22T20:52:20,photos/photo_27856@22-03-2026_20-52-20.jpg,,https://c.onlyaff.app/7iG7zu,MIU MIU —-> 31€ 💎
29875,2026-03-22T20:58:19,photos/photo_27857@22-03-2026_20-58-19.jpg,,https://c.onlyaff.app/7iGgYf,"BIRKENSTOCK Tokio —-> 35€ 💎
También en Negro 🎨"
29876,2026-03-22T21:35:01,photos/photo_27858@22-03-2026_21-35-01.jpg,,https://c.onlyaff.app/7iHPfe,"APPLE AirPods Max —-> 39€ 💎
Muchos Colores 🎨"
29877,2026-03-22T21:35:01,photos/photo_27859@22-03-2026_21-35-01.jpg,,,
29878,2026-03-22T21:35:01,photos/photo_27860@22-03-2026_21-35-01.jpg,,,
29879,2026-03-22T22:06:42,photos/photo_27861@22-03-2026_22-06-42.jpg,,https://c.onlyaff.app/7iJg9F,ADIDAS —-> 23€ 💎
29880,2026-03-22T22:06:42,photos/photo_27862@22-03-2026_22-06-42.jpg,,,
29881,2026-03-22T22:06:42,photos/photo_27863@22-03-2026_22-06-42.jpg,,,
29882,2026-03-22T22:09:48,photos/photo_27864@22-03-2026_22-09-48.jpg,,https://c.onlyaff.app/7iJlzM,ADIDAS Samba x WALES BONNER —-> 21€ 💎
29883,2026-03-22T22:09:48,photos/photo_27865@22-03-2026_22-09-48.jpg,,,
29884,2026-03-22T22:09:48,photos/photo_27866@22-03-2026_22-09-48.jpg,,,
29885,2026-03-22T22:09:48,photos/photo_27867@22-03-2026_22-09-48.jpg,,,
29886,2026-03-22T22:09:48,photos/photo_27868@22-03-2026_22-09-48.jpg,,,
29888,2026-03-23T09:04:38,photos/photo_27869@23-03-2026_09-04-38.jpg,,https://c.onlyaff.app/7iVDdg,PATAGONIA —-> 13€ 💎
29889,2026-03-23T09:09:08,photos/photo_27870@23-03-2026_09-09-08.jpg,,https://c.onlyaff.app/7iXJ5g,ADIDAS Samba OG —-> 24€ 💎
29890,2026-03-23T09:09:08,photos/photo_27871@23-03-2026_09-09-08.jpg,,,
29891,2026-03-23T09:09:08,photos/photo_27872@23-03-2026_09-09-08.jpg,,,
29892,2026-03-23T10:20:33,photos/photo_27873@23-03-2026_10-20-33.jpg,,https://c.onlyaff.app/7jaUgI,"TOM FORD —-> 13€ 💎
Muchos Colores 🎨"
29893,2026-03-23T10:20:33,photos/photo_27874@23-03-2026_10-20-33.jpg,,,
29894,2026-03-23T10:20:33,photos/photo_27875@23-03-2026_10-20-33.jpg,,,
29895,2026-03-23T10:52:33,photos/photo_27876@23-03-2026_10-52-33.jpg,,https://c.onlyaff.app/7jdiAY,PALM ANGELS —-> 8€ 💎
29896,2026-03-23T11:24:16,photos/photo_27877@23-03-2026_11-24-16.jpg,,https://c.onlyaff.app/7jeXvO,CROCS —-> 20€ 💎
29897,2026-03-23T11:24:16,photos/photo_27878@23-03-2026_11-24-16.jpg,,,
29898,2026-03-23T11:24:16,photos/photo_27879@23-03-2026_11-24-16.jpg,,,
29899,2026-03-23T12:09:02,photos/photo_27880@23-03-2026_12-09-02.jpg,,https://c.onlyaff.app/7jhxvA,OFF WHITE Vulcanized —-> 28€ 💎
29900,2026-03-23T12:09:02,photos/photo_27881@23-03-2026_12-09-02.jpg,,,
29901,2026-03-23T12:09:02,photos/photo_27882@23-03-2026_12-09-02.jpg,,,
29902,2026-03-23T12:36:13,photos/photo_27883@23-03-2026_12-36-13.jpg,,https://c.onlyaff.app/7jjcHH,"THE NORTH FACE Nuptse Mule —-> 27€ 💎
Varios Colores 🎨"
29903,2026-03-23T12:36:13,photos/photo_27884@23-03-2026_12-36-13.jpg,,,
29904,2026-03-23T12:36:13,photos/photo_27885@23-03-2026_12-36-13.jpg,,,
29905,2026-03-23T14:50:17,photos/photo_27886@23-03-2026_14-50-17.jpg,,https://c.onlyaff.app/7jqh6u,ADIDAS Samba —-> 17€ 💎
29906,2026-03-23T16:09:16,photos/photo_27887@23-03-2026_16-09-16.jpg,,https://c.onlyaff.app/7jtEvZ,"ASICS Gel  1090 —-> 31€ 💎
Muchos Colores 🎨
(Fotos realizadas por mi) 📸"
29907,2026-03-23T16:09:16,photos/photo_27888@23-03-2026_16-09-16.jpg,,,
29908,2026-03-23T16:09:17,photos/photo_27889@23-03-2026_16-09-17.jpg,,,
29909,2026-03-23T16:50:25,photos/photo_27890@23-03-2026_16-50-25.jpg,,https://c.onlyaff.app/7jwtqM,ESSENTIALS x FEAR OF GOD (conjunto) —-> 37€ 💎
29910,2026-03-23T18:18:43,photos/photo_27891@23-03-2026_18-18-43.jpg,,https://c.onlyaff.app/JmFwJ,"ALO (conjunto) —-> 24€ 💎
También en Negro 🎨"
29911,2026-03-23T18:36:55,photos/photo_27892@23-03-2026_18-36-55.jpg,,https://c.onlyaff.app/7jFk4N,CORTEIZ —-> 16€ 💎
29912,2026-03-23T18:36:55,photos/photo_27893@23-03-2026_18-36-55.jpg,,,
29913,2026-03-23T18:36:55,photos/photo_27894@23-03-2026_18-36-55.jpg,,,
29914,2026-03-23T19:25:54,photos/photo_27895@23-03-2026_19-25-54.jpg,,https://c.onlyaff.app/7jPAyF,ADIDAS —-> 23€ 💎
29915,2026-03-23T19:25:54,photos/photo_27896@23-03-2026_19-25-54.jpg,,,
29916,2026-03-23T19:25:54,photos/photo_27897@23-03-2026_19-25-54.jpg,,,
29917,2026-03-23T19:27:40,photos/photo_27898@23-03-2026_19-27-40.jpg,,https://c.onlyaff.app/7jQ6Al,CORTEIZ (chándal completo) —-> 63€ 💎
29918,2026-03-23T19:27:40,photos/photo_27899@23-03-2026_19-27-40.jpg,,,
29919,2026-03-23T19:27:40,photos/photo_27900@23-03-2026_19-27-40.jpg,,,
29920,2026-03-23T19:33:56,photos/photo_27901@23-03-2026_19-33-56.jpg,,https://c.onlyaff.app/Jo2X4,ESSENTIALS x FEAR OF GOD —-> 15€ 💎
29921,2026-03-23T19:33:56,photos/photo_27902@23-03-2026_19-33-56.jpg,,,
29922,2026-03-23T19:33:56,photos/photo_27903@23-03-2026_19-33-56.jpg,,,
29923,2026-03-23T19:34:58,photos/photo_27904@23-03-2026_19-34-58.jpg,,https://c.onlyaff.app/7jTf8a,CARHARTT —-> 30€ 💎
29924,2026-03-23T19:37:02,photos/photo_27905@23-03-2026_19-37-02.jpg,,https://c.onlyaff.app/7jTZZX,"RIMOWA —-> 17€ 💎
Para todos los IPhone desde el 13 al 17 📱"
29925,2026-03-23T19:39:43,photos/photo_27906@23-03-2026_19-39-43.jpg,,https://c.onlyaff.app/7jVk09,ALO —-> 21€ 💎
29926,2026-03-23T19:42:10,photos/photo_27907@23-03-2026_19-42-10.jpg,,https://c.onlyaff.app/7jWfs3,"COACH —-> 14€ 💎
También en Blanco 🎨"
29927,2026-03-23T19:50:19,photos/photo_27908@23-03-2026_19-50-19.jpg,,https://c.onlyaff.app/JoO7b,"CARHARTT —-> 8€ 💎
Varios Colores 🎨"
29928,2026-03-23T19:56:32,photos/photo_27909@23-03-2026_19-56-32.jpg,,https://c.onlyaff.app/7k1fYE,CORTEIZ —-> 17€ 💎
29929,2026-03-23T19:59:22,photos/photo_27910@23-03-2026_19-59-22.jpg,,https://c.onlyaff.app/JoW7f,GODSPEED —-> 43€ 💎
29930,2026-03-23T19:59:22,photos/photo_27911@23-03-2026_19-59-22.jpg,,,
29931,2026-03-23T19:59:22,photos/photo_27912@23-03-2026_19-59-22.jpg,,,
29932,2026-03-23T20:01:33,photos/photo_27913@23-03-2026_20-01-33.jpg,,https://c.onlyaff.app/7k1xZj,ADIDAS Samba OG —-> 21€ 💎
29933,2026-03-23T20:01:33,photos/photo_27914@23-03-2026_20-01-33.jpg,,,
29934,2026-03-23T20:01:33,photos/photo_27915@23-03-2026_20-01-33.jpg,,,
29935,2026-03-23T20:01:33,photos/photo_27916@23-03-2026_20-01-33.jpg,,,
29936,2026-03-23T20:15:28,photos/photo_27917@23-03-2026_20-15-28.jpg,,https://c.onlyaff.app/7k226K,ADIDAS SL72 Leopard —-> 26€ 💎
29937,2026-03-23T20:15:29,photos/photo_27918@23-03-2026_20-15-29.jpg,,,
29938,2026-03-23T20:15:29,photos/photo_27919@23-03-2026_20-15-29.jpg,,,
29939,2026-03-23T20:17:18,photos/photo_27920@23-03-2026_20-17-18.jpg,,https://c.onlyaff.app/7k26SL,"ADIDAS x SNS —-> 23€ 💎
16 Modelos 🎨
(Fotos realizadas por mi) 📸"
29940,2026-03-23T20:17:18,photos/photo_27921@23-03-2026_20-17-18.jpg,,,
29941,2026-03-23T20:17:18,photos/photo_27922@23-03-2026_20-17-18.jpg,,,
29942,2026-03-23T20:18:36,photos/photo_27923@23-03-2026_20-18-36.jpg,,https://c.onlyaff.app/Jp0WZ,ASICS Gel NYC 2055 —-> 30€ 💎
29943,2026-03-23T20:18:36,photos/photo_27924@23-03-2026_20-18-36.jpg,,,
29944,2026-03-23T20:18:36,photos/photo_27925@23-03-2026_20-18-36.jpg,,,
29945,2026-03-23T20:32:14,photos/photo_27926@23-03-2026_20-32-14.jpg,,https://c.onlyaff.app/7k2HWA,HUMMEL Betis —-> 13€ 💎
29946,2026-03-23T20:35:27,photos/photo_27927@23-03-2026_20-35-27.jpg,,https://c.onlyaff.app/4xvvx,STUSSY —-> 8€ 💎
29947,2026-03-23T20:58:00,photos/photo_27928@23-03-2026_20-58-00.jpg,,https://c.onlyaff.app/7k476q,ADIDAS Samba x WALES BONNER —-> 24€ 💎
29948,2026-03-23T20:58:00,photos/photo_27929@23-03-2026_20-58-00.jpg,,,
29949,2026-03-23T20:58:01,photos/photo_27930@23-03-2026_20-58-01.jpg,,,
29950,2026-03-23T21:00:08,photos/photo_27931@23-03-2026_21-00-08.jpg,,https://c.onlyaff.app/7k4bn3,"ADIDAS Spezial ""Core Black"" —-> 28€ 💎"
29951,2026-03-23T21:01:47,photos/photo_27932@23-03-2026_21-01-47.jpg,,https://c.onlyaff.app/7k4frR,ASICS Gel Cumulus 16 —-> 28€ 💎
29952,2026-03-23T21:01:47,photos/photo_27933@23-03-2026_21-01-47.jpg,,,
29953,2026-03-23T21:01:47,photos/photo_27934@23-03-2026_21-01-47.jpg,,,
29954,2026-03-23T21:01:47,photos/photo_27935@23-03-2026_21-01-47.jpg,,,
29955,2026-03-23T21:01:47,photos/photo_27936@23-03-2026_21-01-47.jpg,,,
29956,2026-03-23T21:01:47,photos/photo_27937@23-03-2026_21-01-47.jpg,,,
29957,2026-03-23T21:01:47,photos/photo_27938@23-03-2026_21-01-47.jpg,,,
29958,2026-03-23T21:01:47,photos/photo_27939@23-03-2026_21-01-47.jpg,,,
29959,2026-03-23T21:58:46,photos/photo_27940@23-03-2026_21-58-46.jpg,,https://c.onlyaff.app/Jpzu2,"ADIDAS —-> 10€ 💎
Muchos Colores 🎨"
29960,2026-03-23T22:31:28,photos/photo_27941@23-03-2026_22-31-28.jpg,,https://c.onlyaff.app/7k8KIf,"SCUFFERS —-> 35€ 💎
También en Gris 🎨"
29961,2026-03-23T22:37:39,photos/photo_27942@23-03-2026_22-37-39.jpg,,https://c.onlyaff.app/7k8Shp,"VANS Upland —-> 32€ 💎
Muchos Colores 🎨"
29963,2026-03-24T08:26:01,photos/photo_27943@24-03-2026_08-26-01.jpg,,https://c.onlyaff.app/7k6AwN,ON CLOUD Tilt —-> 30€ 💎
29964,2026-03-24T08:26:01,photos/photo_27944@24-03-2026_08-26-01.jpg,,,
29965,2026-03-24T08:26:01,photos/photo_27945@24-03-2026_08-26-01.jpg,,,
29966,2026-03-24T08:26:01,photos/photo_27946@24-03-2026_08-26-01.jpg,,,
29967,2026-03-24T08:26:01,photos/photo_27947@24-03-2026_08-26-01.jpg,,,
29968,2026-03-24T08:26:01,photos/photo_27948@24-03-2026_08-26-01.jpg,,,
29969,2026-03-24T08:26:01,photos/photo_27949@24-03-2026_08-26-01.jpg,,,
29970,2026-03-24T08:26:01,photos/photo_27950@24-03-2026_08-26-01.jpg,,,
29971,2026-03-24T08:35:00,photos/photo_27951@24-03-2026_08-35-00.jpg,,https://c.onlyaff.app/7k9YE5,FRED PERRY —-> 25€ 💎
29972,2026-03-24T09:10:13,photos/photo_27952@24-03-2026_09-10-13.jpg,,https://c.onlyaff.app/7k6HoH,"ASICS Gel Kayano 14 —-> 29€ 💎
12 Nuevos Colores 🎨"
29973,2026-03-24T09:36:01,photos/photo_27953@24-03-2026_09-36-01.jpg,,https://c.onlyaff.app/7ka7k6,"Cafetera Portátil (con molinillo) —-> 85€ 💎
Acepta 2 tipos de cápsulas y café en grano ✅
🚨 Ideal para usar nuestra promoción del 90% ☺️
(Os queda en menos de 10€) 🤯"
29974,2026-03-24T09:38:01,photos/photo_27954@24-03-2026_09-38-01.jpg,,https://c.onlyaff.app/7kabAW,"KANKEN —-> 11€ 💎
24 Colores 🎨"
29975,2026-03-24T09:40:15,photos/photo_27955@24-03-2026_09-40-15.jpg,,https://c.onlyaff.app/7kaf0v,ADIDAS —-> 17€ 💎
29976,2026-03-24T09:40:15,photos/photo_27956@24-03-2026_09-40-15.jpg,,,
29977,2026-03-24T09:40:15,photos/photo_27957@24-03-2026_09-40-15.jpg,,,
29978,2026-03-24T10:11:01,photos/photo_27958@24-03-2026_10-11-01.jpg,,https://c.onlyaff.app/7kahBR,"POLO RALPH LAUREN (5 pares) —-> 9€ 💎
Varios Colores 🎨
(Fotos realizadas por mi) 📸"
29979,2026-03-24T10:11:01,photos/photo_27959@24-03-2026_10-11-01.jpg,,,
29980,2026-03-24T10:11:01,photos/photo_27960@24-03-2026_10-11-01.jpg,,,
29981,2026-03-24T11:36:02,photos/photo_27961@24-03-2026_11-36-02.jpg,,https://c.onlyaff.app/7kENC0,"ADIDAS Adizero Evo SL ""Leopard"" —-> 47€ 💎"
29982,2026-03-24T11:36:02,photos/photo_27962@24-03-2026_11-36-02.jpg,,,
29983,2026-03-24T11:36:02,photos/photo_27963@24-03-2026_11-36-02.jpg,,,
29984,2026-03-24T11:57:53,photos/photo_27964@24-03-2026_11-57-53.jpg,,https://c.onlyaff.app/7kFT3X,CORTEIZ (chándal completo) —-> 37€ 💎
29985,2026-03-24T12:49:57,photos/photo_27965@24-03-2026_12-49-57.jpg,,https://c.onlyaff.app/7kJ4fP,"SCUFFERS —-> 22€ 💎
Varios Colores 🎨"
29986,2026-03-24T12:49:57,photos/photo_27966@24-03-2026_12-49-57.jpg,,,
29987,2026-03-24T12:49:57,photos/photo_27967@24-03-2026_12-49-57.jpg,,,
29988,2026-03-24T12:51:21,photos/photo_27968@24-03-2026_12-51-21.jpg,,https://c.onlyaff.app/7kJ8oF,"APPLE AirPods Pro2 —-> 12€ 💎
Artículo muy recomendado ✅
(Fotos realizadas por mi) 📸"
29989,2026-03-24T12:51:21,photos/photo_27969@24-03-2026_12-51-21.jpg,,,
29990,2026-03-24T12:51:21,photos/photo_27970@24-03-2026_12-51-21.jpg,,,
29991,2026-03-24T14:59:55,photos/photo_27971@24-03-2026_14-59-55.jpg,,https://c.onlyaff.app/7kRxS5,CORTEIZ (conjunto) —-> 26€ 💎
29992,2026-03-24T16:45:56,photos/photo_27972@24-03-2026_16-45-56.jpg,,https://c.onlyaff.app/7kWxXM,"CORTEIZ —-> 15€ 💎
Muchos Colores 🎨"
29993,2026-03-24T16:47:27,photos/photo_27973@24-03-2026_16-47-27.jpg,,https://c.onlyaff.app/7kWBHk,CAROLINA HERRERA —-> 35€ 💎
29994,2026-03-24T16:47:27,photos/photo_27974@24-03-2026_16-47-27.jpg,,,
29995,2026-03-24T16:47:27,photos/photo_27975@24-03-2026_16-47-27.jpg,,,
29996,2026-03-24T16:48:35,photos/photo_27976@24-03-2026_16-48-35.jpg,,https://c.onlyaff.app/7kWDUc,CAROLINA HERRERA —-> 37€ 💎
29997,2026-03-24T18:46:28,photos/photo_27977@24-03-2026_18-46-28.jpg,,https://c.onlyaff.app/7l2BYw,"STANLEY —-> 27€ 💎
11 Colores 🎨
Muy recomendada ✅
(Fotos realizadas por mi) 📸"
29998,2026-03-24T18:46:28,photos/photo_27978@24-03-2026_18-46-28.jpg,,,
29999,2026-03-24T18:46:28,photos/photo_27979@24-03-2026_18-46-28.jpg,,,
30000,2026-03-24T18:46:28,photos/photo_27980@24-03-2026_18-46-28.jpg,,,
30001,2026-03-24T18:48:35,photos/photo_27981@24-03-2026_18-48-35.jpg,,https://c.onlyaff.app/7l2IIi,ADIDAS Sambae —-> 25€ 💎
30002,2026-03-24T18:48:35,photos/photo_27982@24-03-2026_18-48-35.jpg,,,
30003,2026-03-24T18:48:35,photos/photo_27983@24-03-2026_18-48-35.jpg,,,
30004,2026-03-24T18:50:23,photos/photo_27984@24-03-2026_18-50-23.jpg,,https://c.onlyaff.app/7l2Q11,ASICS Gel Kayano 12.1 —-> 30€ 💎
30005,2026-03-24T18:50:23,photos/photo_27985@24-03-2026_18-50-23.jpg,,,
30006,2026-03-24T18:50:23,photos/photo_27986@24-03-2026_18-50-23.jpg,,,
30007,2026-03-24T18:50:23,photos/photo_27987@24-03-2026_18-50-23.jpg,,,
30008,2026-03-24T18:50:23,photos/photo_27988@24-03-2026_18-50-23.jpg,,,
30009,2026-03-24T18:50:23,photos/photo_27989@24-03-2026_18-50-23.jpg,,,
30010,2026-03-24T18:50:23,photos/photo_27990@24-03-2026_18-50-23.jpg,,,
30011,2026-03-24T18:50:23,photos/photo_27991@24-03-2026_18-50-23.jpg,,,
30012,2026-03-24T18:51:29,photos/photo_27992@24-03-2026_18-51-29.jpg,,https://c.onlyaff.app/JvhVa,CARHARTT —-> 27€ 💎
30013,2026-03-24T18:52:53,photos/photo_27993@24-03-2026_18-52-53.jpg,,https://c.onlyaff.app/Jvi8T,"POLO RALPH LAUREN —-> 7€ 💎
Muy Recomendadas ✅"
30014,2026-03-24T18:55:07,photos/photo_27994@24-03-2026_18-55-07.jpg,,https://c.onlyaff.app/7l2YUd,CONVERSE —-> 27€ 💎
30015,2026-03-24T18:55:07,photos/photo_27995@24-03-2026_18-55-07.jpg,,,
30016,2026-03-24T18:55:07,photos/photo_27996@24-03-2026_18-55-07.jpg,,,
30017,2026-03-24T20:30:46,photos/photo_27997@24-03-2026_20-30-46.jpg,,https://c.onlyaff.app/7lpMMv,"ADIDAS Supernova Rise 3 —-> 35€ 💎
Muchos Colores 🎨"
30018,2026-03-24T20:33:16,photos/photo_27998@24-03-2026_20-33-16.jpg,,https://c.onlyaff.app/7lpTgV,CONVERSE One Star —-> 29€ 💎
30019,2026-03-24T20:35:36,photos/photo_27999@24-03-2026_20-35-36.jpg,,https://c.onlyaff.app/7lpZYb,AMI PARIS —-> 9€ 💎
30020,2026-03-24T20:42:28,photos/photo_28000@24-03-2026_20-42-28.jpg,,https://c.onlyaff.app/7lqngj,"ADIDAS SL72 —-> 27€ 💎
Muchos Colores 🎨
(Fotos realizadas por mi) 📸"
30021,2026-03-24T20:42:28,photos/photo_28001@24-03-2026_20-42-28.jpg,,,
30022,2026-03-24T20:42:28,photos/photo_28002@24-03-2026_20-42-28.jpg,,,
30023,2026-03-24T20:44:35,photos/photo_28003@24-03-2026_20-44-35.jpg,,https://c.onlyaff.app/4ymF4,"FRED PERRY (conjunto) —-> 12€ 12€ 💎
También con camiseta en Negro 🎨"
30024,2026-03-24T20:46:00,photos/photo_28004@24-03-2026_20-46-00.jpg,,https://c.onlyaff.app/7lqGnM,CARHARTT (cartera) —-> 6€ 💎
30025,2026-03-24T20:47:20,photos/photo_28005@24-03-2026_20-47-20.jpg,,https://c.onlyaff.app/7lqNKH,"GOYARD —-> 24€ 💎
Muchos Colores 🎨"
30026,2026-03-24T20:48:09,photos/photo_28006@24-03-2026_20-48-09.jpg,,https://c.onlyaff.app/7lqQws,DIESEL —-> 31€ 💎
30027,2026-03-24T20:55:59,photos/photo_28007@24-03-2026_20-55-59.jpg,,https://c.onlyaff.app/7lreIo,"CROCS —-> 19€ 💎
14 Nuevos Colores 🎨"
30028,2026-03-24T20:55:59,photos/photo_28008@24-03-2026_20-55-59.jpg,,,
30029,2026-03-24T20:55:59,photos/photo_28009@24-03-2026_20-55-59.jpg,,,
30030,2026-03-24T20:55:59,photos/photo_28010@24-03-2026_20-55-59.jpg,,,
30031,2026-03-24T20:55:59,photos/photo_28011@24-03-2026_20-55-59.jpg,,,
30032,2026-03-24T20:55:59,photos/photo_28012@24-03-2026_20-55-59.jpg,,,
30033,2026-03-24T20:55:59,photos/photo_28013@24-03-2026_20-55-59.jpg,,,
30034,2026-03-24T20:55:59,photos/photo_28014@24-03-2026_20-55-59.jpg,,,
30035,2026-03-24T21:39:40,photos/photo_28015@24-03-2026_21-39-40.jpg,,https://c.onlyaff.app/7ltLTU,"ADIDAS Samba x BAPE —-> 25€ 💎
También en Negro 🎨"
30036,2026-03-24T22:13:48,photos/photo_28016@24-03-2026_22-13-48.jpg,,https://c.onlyaff.app/7lvFnv,"Proyector 4K Wifi —-> 81€ 💎

🚨 Producto perfecto para que aprovechéis la promo del 90%, os queda en menos de 10€ ! ✅

Calidad 🔝"
30038,2026-03-25T08:56:27,photos/photo_28017@25-03-2026_08-56-27.jpg,,https://c.onlyaff.app/7lHi77,"ADIDAS Stan Smith —-> 19€ 💎
Muchos Colores 🎨"
30039,2026-03-25T09:05:00,photos/photo_28018@25-03-2026_09-05-00.jpg,,https://c.onlyaff.app/7lJ2W0,POLO RALPH LAUREN —-> 39€ 💎
30040,2026-03-25T09:12:17,photos/photo_28019@25-03-2026_09-12-17.jpg,,https://c.onlyaff.app/7lLuha,"POLO RALPH LAUREN —-> 19€ 💎
Varios Colores 🎨"
30041,2026-03-25T10:31:23,photos/photo_28020@25-03-2026_10-31-23.jpg,,https://c.onlyaff.app/7lZejM,"POLO RALPH LAUREN —-> 18€ 💎
Varios Colores 🎨"
30042,2026-03-25T10:50:40,photos/photo_28021@25-03-2026_10-50-40.jpg,,https://c.onlyaff.app/7m0C0B,CHROME HEARTS (conjunto) —-> 23€ 💎
30043,2026-03-25T12:10:45,photos/photo_28022@25-03-2026_12-10-45.jpg,,https://c.onlyaff.app/7m5ucN,CONVERSE —-> 29€ 💎
30044,2026-03-25T12:10:45,photos/photo_28023@25-03-2026_12-10-45.jpg,,,
30045,2026-03-25T12:10:45,photos/photo_28024@25-03-2026_12-10-45.jpg,,,
30046,2026-03-25T12:42:04,photos/photo_28025@25-03-2026_12-42-04.jpg,,https://c.onlyaff.app/7m722e,CORTEIZ —-> 13€ 💎
30047,2026-03-25T12:49:49,photos/photo_28026@25-03-2026_12-49-49.jpg,,https://c.onlyaff.app/7m7ghM,"ESSENTIALS (conjunto) —-> 36€ 💎
Varios Colores 🎨"
30048,2026-03-25T14:49:39,photos/photo_28027@25-03-2026_14-49-39.jpg,,https://c.onlyaff.app/JCwPy,"NIKE Jordan Brasil 26/27 —-> 15€ 💎
Muchos Dorsales 🎨"
30049,2026-03-25T14:49:39,photos/photo_28028@25-03-2026_14-49-39.jpg,,,
30050,2026-03-25T14:49:39,photos/photo_28029@25-03-2026_14-49-39.jpg,,,
30051,2026-03-25T15:16:42,photos/photo_28030@25-03-2026_15-16-42.jpg,,https://c.onlyaff.app/7meBiy,"ADIDAS (chándal completo) —-> 42€ 💎
Varios Colores 🎨
Es Unisex 👥"
30052,2026-03-25T16:38:41,photos/photo_28031@25-03-2026_16-38-41.jpg,,https://c.onlyaff.app/7mjbeB,MIU MIU —-> 18€ 💎
30053,2026-03-25T16:40:35,photos/photo_28032@25-03-2026_16-40-35.jpg,,https://c.onlyaff.app/7mje9X,HOKA Speed 4 —-> 35€ 💎
30054,2026-03-25T16:40:35,photos/photo_28033@25-03-2026_16-40-35.jpg,,,
30055,2026-03-25T16:40:35,photos/photo_28034@25-03-2026_16-40-35.jpg,,,
30056,2026-03-25T16:40:35,photos/photo_28035@25-03-2026_16-40-35.jpg,,,
30057,2026-03-25T16:40:36,photos/photo_28036@25-03-2026_16-40-36.jpg,,,
30058,2026-03-25T16:40:36,photos/photo_28037@25-03-2026_16-40-36.jpg,,,
30059,2026-03-25T16:40:36,photos/photo_28038@25-03-2026_16-40-36.jpg,,,
30060,2026-03-25T16:40:36,photos/photo_28039@25-03-2026_16-40-36.jpg,,,
30061,2026-03-25T17:05:00,photos/photo_28040@25-03-2026_17-05-00.jpg,,https://c.onlyaff.app/7mkM0r,ADIDAS —-> 11€ 💎
30062,2026-03-25T17:05:31,photos/photo_28041@25-03-2026_17-05-31.jpg,,https://c.onlyaff.app/7mkPxK,ADIDAS —-> 21€ 💎
30063,2026-03-25T17:44:47,photos/photo_28042@25-03-2026_17-44-47.jpg,,https://c.onlyaff.app/7mmRoZ,"COLD CULTURE (bordada) —-> 22€ 💎
Varios Colores 🎨"
30064,2026-03-25T18:51:54,photos/photo_28043@25-03-2026_18-51-54.jpg,,https://c.onlyaff.app/7mqqMQ,"ALO (chándal completo) —-> 35€ 💎
Varios Colores 🎨"
30065,2026-03-25T18:53:14,photos/photo_28044@25-03-2026_18-53-14.jpg,,https://c.onlyaff.app/7mqtb6,"MOSCHINO —-> 7€ 💎
Varios Colores 🎨"
30066,2026-03-25T18:55:51,photos/photo_28045@25-03-2026_18-55-51.jpg,,https://c.onlyaff.app/7mqxzJ,"ADIDAS (chándal completo) —-> 43€ 💎
Varios Colores 🎨"
30067,2026-03-25T19:07:40,photos/photo_28046@25-03-2026_19-07-40.jpg,,https://c.onlyaff.app/7mtoce,"ADIDAS Stadt —-> 36€ 💎
14 Colores 🎨"
30068,2026-03-25T19:07:40,photos/photo_28047@25-03-2026_19-07-40.jpg,,,
30069,2026-03-25T19:07:40,photos/photo_28048@25-03-2026_19-07-40.jpg,,,
30070,2026-03-25T19:07:40,photos/photo_28049@25-03-2026_19-07-40.jpg,,,
30071,2026-03-25T19:07:40,photos/photo_28050@25-03-2026_19-07-40.jpg,,,
30072,2026-03-25T19:07:40,photos/photo_28051@25-03-2026_19-07-40.jpg,,,
30073,2026-03-25T19:07:41,photos/photo_28052@25-03-2026_19-07-41.jpg,,,
30074,2026-03-25T19:07:41,photos/photo_28053@25-03-2026_19-07-41.jpg,,,
30075,2026-03-25T19:40:44,photos/photo_28054@25-03-2026_19-40-44.jpg,,https://c.onlyaff.app/7mGkad,FRED PERRY —-> 14€ 💎
30076,2026-03-25T19:45:20,photos/photo_28055@25-03-2026_19-45-20.jpg,,https://c.onlyaff.app/7mI2Au,PALM ANGELS (conjunto) —-> 23€ 💎
30077,2026-03-25T19:47:44,photos/photo_28056@25-03-2026_19-47-44.jpg,,https://c.onlyaff.app/7mJyXI,"BAPE —-> 10€ 💎
También en Blanco 🎨"
30078,2026-03-25T19:49:17,photos/photo_28057@25-03-2026_19-49-17.jpg,,https://c.onlyaff.app/7mKkiU,POLO RALPH LAUREN —-> 16€ 💎
30079,2026-03-25T19:52:53,photos/photo_28058@25-03-2026_19-52-53.jpg,,https://c.onlyaff.app/7mLiwl,"ADIDAS x OASIS —-> 13€ 💎
Varios Colores 🎨"
30080,2026-03-25T19:52:53,photos/photo_28059@25-03-2026_19-52-53.jpg,,,
30081,2026-03-25T19:52:53,photos/photo_28060@25-03-2026_19-52-53.jpg,,,
30082,2026-03-25T20:09:47,photos/photo_28061@25-03-2026_20-09-47.jpg,,https://c.onlyaff.app/7mNoud,CARHARTT —-> 26€ 💎
30083,2026-03-25T20:11:03,photos/photo_28062@25-03-2026_20-11-03.jpg,,https://c.onlyaff.app/7mNyaL,CARHARTT (chándal completo) —-> 17€ 19€ 💎
30084,2026-03-25T20:12:03,photos/photo_28063@25-03-2026_20-12-03.jpg,,https://c.onlyaff.app/7mNE8s,CARHARTT —-> 8€ 💎
30085,2026-03-25T20:18:21,photos/photo_28064@25-03-2026_20-18-21.jpg,,https://c.onlyaff.app/7mOcFX,AMIRI —-> 9€ 💎
30086,2026-03-25T20:20:15,photos/photo_28065@25-03-2026_20-20-15.jpg,,https://c.onlyaff.app/7mOkjh,"GOLDEN GOOSE —-> 29€ 💎
14 Colores 🎨"
30087,2026-03-25T20:24:44,photos/photo_28066@25-03-2026_20-24-44.jpg,,https://c.onlyaff.app/7mOv30,ADIDAS BRMD —-> 24€ 💎
30088,2026-03-25T20:24:44,photos/photo_28067@25-03-2026_20-24-44.jpg,,,
30089,2026-03-25T20:24:44,photos/photo_28068@25-03-2026_20-24-44.jpg,,,
30090,2026-03-25T20:24:44,photos/photo_28069@25-03-2026_20-24-44.jpg,,,
30091,2026-03-25T20:24:44,photos/photo_28070@25-03-2026_20-24-44.jpg,,,
30092,2026-03-25T20:24:44,photos/photo_28071@25-03-2026_20-24-44.jpg,,,
30093,2026-03-25T20:24:44,photos/photo_28072@25-03-2026_20-24-44.jpg,,,
30094,2026-03-25T20:24:44,photos/photo_28073@25-03-2026_20-24-44.jpg,,,
30095,2026-03-25T20:24:44,photos/photo_28074@25-03-2026_20-24-44.jpg,,,
30096,2026-03-25T20:29:33,photos/photo_28075@25-03-2026_20-29-33.jpg,,https://c.onlyaff.app/7mOQhB,ASICS Gel Kayano 20 —-> 34€ 💎
30097,2026-03-25T20:29:33,photos/photo_28076@25-03-2026_20-29-33.jpg,,,
30098,2026-03-25T20:29:33,photos/photo_28077@25-03-2026_20-29-33.jpg,,,
30099,2026-03-25T20:29:33,photos/photo_28078@25-03-2026_20-29-33.jpg,,,
30100,2026-03-25T20:29:33,photos/photo_28079@25-03-2026_20-29-33.jpg,,,
30101,2026-03-25T20:29:33,photos/photo_28080@25-03-2026_20-29-33.jpg,,,
30102,2026-03-25T20:29:33,photos/photo_28081@25-03-2026_20-29-33.jpg,,,
30103,2026-03-25T20:29:33,photos/photo_28082@25-03-2026_20-29-33.jpg,,,
30104,2026-03-25T20:29:33,photos/photo_28083@25-03-2026_20-29-33.jpg,,,
30105,2026-03-25T21:45:49,photos/photo_28084@25-03-2026_21-45-49.jpg,,https://c.onlyaff.app/7mTHBs,"ADIDAS España 26/27 (chándal completo) —-> 34€ 💎
También en Blanco 🎨"
30106,2026-03-25T21:48:49,photos/photo_28085@25-03-2026_21-48-49.jpg,,https://c.onlyaff.app/JGMEw,"ADIDAS Adilette  —-> 16€ 💎
Muchos Colores 🎨"
30107,2026-03-25T21:51:33,photos/photo_28086@25-03-2026_21-51-33.jpg,,https://c.onlyaff.app/7mTZG9,"BIRKENSTOCK —-> 21€ 💎
Muchos Colores 🎨
(Fotos realizadas por mi) 📸"
30108,2026-03-25T21:51:33,photos/photo_28087@25-03-2026_21-51-33.jpg,,,
30109,2026-03-25T21:51:33,photos/photo_28088@25-03-2026_21-51-33.jpg,,,
30110,2026-03-25T22:14:31,photos/photo_28089@25-03-2026_22-14-31.jpg,,https://c.onlyaff.app/7mV5hH,JACQUEMUS —-> 45€ 💎
30120,2026-03-25T22:24:11,photos/photo_28090@25-03-2026_22-24-11.jpg,,https://c.onlyaff.app/JGX5C,CAROLINA HERRERA (cartera) —-> 20€ 💎
30121,2026-03-25T22:28:17,photos/photo_28091@25-03-2026_22-28-17.jpg,,https://c.onlyaff.app/7mVFrU,STUSSY —-> 24€ 💎
30122,2026-03-25T22:28:17,photos/photo_28092@25-03-2026_22-28-17.jpg,,,
30123,2026-03-25T22:28:17,photos/photo_28093@25-03-2026_22-28-17.jpg,,,
30124,2026-03-25T22:35:36,photos/photo_28094@25-03-2026_22-35-36.jpg,,https://c.onlyaff.app/JH1X9,JACQUEMUS —-> 21€ 💎
30125,2026-03-25T22:35:36,photos/photo_28095@25-03-2026_22-35-36.jpg,,,
30126,2026-03-25T22:35:36,photos/photo_28096@25-03-2026_22-35-36.jpg,,,
30128,2026-03-26T09:01:01,photos/photo_28097@26-03-2026_09-01-01.jpg,,https://c.onlyaff.app/7mVHnh,STUSSY —-> 32€ 💎
30129,2026-03-26T09:02:01,photos/photo_28098@26-03-2026_09-02-01.jpg,,https://c.onlyaff.app/7mVI39,PATAGONIA —-> 31€ 💎
30130,2026-03-26T09:03:01,photos/photo_28099@26-03-2026_09-03-01.jpg,,https://c.onlyaff.app/7mVMIb,CARHARTT —-> 29€ 💎
30131,2026-03-26T09:10:09,photos/photo_28100@26-03-2026_09-10-09.jpg,,https://c.onlyaff.app/7mYeH7,"HOKA Bondi 9 —-> 28€ 💎
24 Colores 🎨
Tallas hasta la 47 🚨"
30132,2026-03-26T09:10:09,photos/photo_28101@26-03-2026_09-10-09.jpg,,,
30133,2026-03-26T09:10:09,photos/photo_28102@26-03-2026_09-10-09.jpg,,,
30134,2026-03-26T09:10:09,photos/photo_28103@26-03-2026_09-10-09.jpg,,,
30135,2026-03-26T09:10:09,photos/photo_28104@26-03-2026_09-10-09.jpg,,,
30136,2026-03-26T09:10:09,photos/photo_28105@26-03-2026_09-10-09.jpg,,,
30137,2026-03-26T09:10:09,photos/photo_28106@26-03-2026_09-10-09.jpg,,,
30138,2026-03-26T09:10:09,photos/photo_28107@26-03-2026_09-10-09.jpg,,,
30139,2026-03-26T09:10:09,photos/photo_28108@26-03-2026_09-10-09.jpg,,,
30140,2026-03-26T09:10:09,photos/photo_28109@26-03-2026_09-10-09.jpg,,,
30141,2026-03-26T12:10:38,photos/photo_28110@26-03-2026_12-10-38.jpg,,https://c.onlyaff.app/7nygxH,NIKE x STUSSY —-> 12€ 💎
30142,2026-03-26T12:10:39,photos/photo_28111@26-03-2026_12-10-39.jpg,,,
30143,2026-03-26T12:10:39,photos/photo_28112@26-03-2026_12-10-39.jpg,,,
30144,2026-03-26T12:52:08,photos/photo_28113@26-03-2026_12-52-08.jpg,,https://c.onlyaff.app/7nA3ty,"THE NORTH FACE (cortavientos) —-> 46€ 💎
Varios Colores 🎨"
30145,2026-03-26T12:54:09,photos/photo_28114@26-03-2026_12-54-09.jpg,,https://c.onlyaff.app/JL1lW,POLO RALPH LAUREN —-> 16€ 💎
30146,2026-03-26T12:55:32,photos/photo_28115@26-03-2026_12-55-32.jpg,,https://c.onlyaff.app/7nAiQr,CARHARTT —-> 31€ 💎
30147,2026-03-26T12:56:52,photos/photo_28116@26-03-2026_12-56-52.jpg,,https://c.onlyaff.app/7nAqfn,CORTEIZ —-> 36€ 💎
30148,2026-03-26T12:59:48,photos/photo_28117@26-03-2026_12-59-48.jpg,,https://c.onlyaff.app/7nAC7t,CAROLINA HERRERA —-> 39€ 💎
30149,2026-03-26T12:59:48,photos/photo_28118@26-03-2026_12-59-48.jpg,,,
30150,2026-03-26T12:59:48,photos/photo_28119@26-03-2026_12-59-48.jpg,,,
30151,2026-03-26T12:59:48,photos/photo_28120@26-03-2026_12-59-48.jpg,,,
30152,2026-03-26T12:59:48,photos/photo_28121@26-03-2026_12-59-48.jpg,,,
30153,2026-03-26T13:04:18,photos/photo_28122@26-03-2026_13-04-18.jpg,,https://c.onlyaff.app/7nANex,"NIKE Air Max TailWind 4 —-> 29€ 💎
12 Colores 🎨
(YepExpress)"
30154,2026-03-26T15:18:13,photos/photo_28123@26-03-2026_15-18-13.jpg,,https://c.onlyaff.app/JM3za,ADIDAS —-> 16€ 💎
30155,2026-03-26T17:00:46,photos/photo_28124@26-03-2026_17-00-46.jpg,,https://c.onlyaff.app/JMvF5,LEVIS x DENIM TEARS —-> 33€ 💎
30156,2026-03-26T17:00:46,photos/photo_28125@26-03-2026_17-00-46.jpg,,,
30157,2026-03-26T17:00:46,photos/photo_28126@26-03-2026_17-00-46.jpg,,,
30158,2026-03-26T18:37:26,photos/photo_28127@26-03-2026_18-37-26.jpg,,https://c.onlyaff.app/7nWcWi,ADIDAS SL72 x BOB MARLEY —-> 27€ 💎
30159,2026-03-26T18:46:41,photos/photo_28128@26-03-2026_18-46-41.jpg,,https://c.onlyaff.app/7nWuk4,"ADIDAS Campus —-> 18€ 💎
16 Colores 🎨"
30160,2026-03-26T18:46:41,photos/photo_28129@26-03-2026_18-46-41.jpg,,,
30161,2026-03-26T18:46:41,photos/photo_28130@26-03-2026_18-46-41.jpg,,,
30162,2026-03-26T18:46:41,photos/photo_28131@26-03-2026_18-46-41.jpg,,,
30163,2026-03-26T18:46:41,photos/photo_28132@26-03-2026_18-46-41.jpg,,,
30164,2026-03-26T18:46:41,photos/photo_28133@26-03-2026_18-46-41.jpg,,,
30165,2026-03-26T18:46:41,photos/photo_28134@26-03-2026_18-46-41.jpg,,,
30166,2026-03-26T18:46:41,photos/photo_28135@26-03-2026_18-46-41.jpg,,,
30167,2026-03-26T18:46:41,photos/photo_28136@26-03-2026_18-46-41.jpg,,,
30168,2026-03-26T19:20:48,photos/photo_28137@26-03-2026_19-20-48.jpg,,https://c.onlyaff.app/7o5TAi,"JACQUEMUS —-> 7€ 💎
Varios Colores 🎨"
30169,2026-03-26T19:21:54,photos/photo_28138@26-03-2026_19-21-54.jpg,,https://c.onlyaff.app/7o61hI,ALO (pack 5) —-> 11€ 💎
30170,2026-03-26T19:34:42,photos/photo_28139@26-03-2026_19-34-42.jpg,,https://c.onlyaff.app/7oa8H8,"NIKE Air Force 1 —-> 29€ 💎
26 Modelos 🎨
(YepExpress)"
30171,2026-03-26T19:34:42,photos/photo_28140@26-03-2026_19-34-42.jpg,,,
30172,2026-03-26T19:34:42,photos/photo_28141@26-03-2026_19-34-42.jpg,,,
30173,2026-03-26T19:34:42,photos/photo_28142@26-03-2026_19-34-42.jpg,,,
30174,2026-03-26T19:34:42,photos/photo_28143@26-03-2026_19-34-42.jpg,,,
30175,2026-03-26T19:34:42,photos/photo_28144@26-03-2026_19-34-42.jpg,,,
30176,2026-03-26T19:34:43,photos/photo_28145@26-03-2026_19-34-43.jpg,,,
30177,2026-03-26T19:34:43,photos/photo_28146@26-03-2026_19-34-43.jpg,,,
30178,2026-03-26T19:34:43,photos/photo_28147@26-03-2026_19-34-43.jpg,,,
30179,2026-03-26T19:38:40,photos/photo_28148@26-03-2026_19-38-40.jpg,,https://c.onlyaff.app/7ocLet,"ON CLOUD X3 —-> 34€ 💎
Muchos Colores 🎨"
30180,2026-03-26T19:38:40,photos/photo_28149@26-03-2026_19-38-40.jpg,,,
30181,2026-03-26T19:38:40,photos/photo_28150@26-03-2026_19-38-40.jpg,,,
30182,2026-03-26T19:53:12,photos/photo_28151@26-03-2026_19-53-12.jpg,,https://c.onlyaff.app/7oixjD,"ADIDAS Argentina 26/27 —-> 16€ 💎
También la 1' Equipación y muchos Dorsales 🎨"
30183,2026-03-26T19:55:39,photos/photo_28152@26-03-2026_19-55-39.jpg,,https://c.onlyaff.app/7okhsF,"NEW BALANCE x MIU MIU —-> 48€ 💎
Varios Colores 🎨"
30184,2026-03-26T19:58:58,photos/photo_28153@26-03-2026_19-58-58.jpg,,https://c.onlyaff.app/7okzAm,"RAY BAN —-> 8€ 💎
Muchos Colores 🎨
(Fotos realizadas por mi) 📸"
30185,2026-03-26T19:58:58,photos/photo_28154@26-03-2026_19-58-58.jpg,,,
30186,2026-03-26T19:58:58,photos/photo_28155@26-03-2026_19-58-58.jpg,,,
30187,2026-03-26T20:50:59,photos/photo_28156@26-03-2026_20-50-59.jpg,,https://c.onlyaff.app/7onlxj,"POLO RALPH LAUREN —-> 8€ 💎
Varios Colores 🎨"
30188,2026-03-26T20:53:23,photos/photo_28157@26-03-2026_20-53-23.jpg,,https://c.onlyaff.app/7onrED,CARHARTT —-> 20€ 💎
30189,2026-03-26T20:54:51,photos/photo_28158@26-03-2026_20-54-51.jpg,,https://c.onlyaff.app/7onv6s,POLO RALPH LAUREN —-> 9€ 💎
30190,2026-03-26T21:31:59,photos/photo_28159@26-03-2026_21-31-59.jpg,,https://c.onlyaff.app/7opKNk,"UNDER ARMOUR —-> 18€ 💎
Varios Colores 🎨"
30191,2026-03-26T22:36:14,photos/photo_28160@26-03-2026_22-36-14.jpg,,https://c.onlyaff.app/7ot4cg,"CONVERSE x COMME DES GARCONS —-> 28€ 💎
También en Bajo 🎨"
30192,2026-03-26T22:36:14,photos/photo_28161@26-03-2026_22-36-14.jpg,,,
30193,2026-03-26T22:36:14,photos/photo_28162@26-03-2026_22-36-14.jpg,,,
30194,2026-03-26T22:36:14,photos/photo_28163@26-03-2026_22-36-14.jpg,,,
30195,2026-03-26T22:36:14,photos/photo_28164@26-03-2026_22-36-14.jpg,,,
30197,2026-03-27T08:36:01,photos/photo_28165@27-03-2026_08-36-01.jpg,,https://c.onlyaff.app/7ouMbA,ADIDAS BadBo x BAD BUNNY —-> 39€ 💎
30198,2026-03-27T08:36:01,photos/photo_28166@27-03-2026_08-36-01.jpg,,,
30199,2026-03-27T08:36:01,photos/photo_28167@27-03-2026_08-36-01.jpg,,,
30200,2026-03-27T08:36:01,photos/photo_28168@27-03-2026_08-36-01.jpg,,,
30201,2026-03-27T08:37:01,photos/photo_28169@27-03-2026_08-37-01.jpg,,https://c.onlyaff.app/7ouZiM,"CORTEIZ —-> 18€ 💎
Varios Colores 🎨"
30202,2026-03-27T09:10:14,photos/photo_28170@27-03-2026_09-10-14.jpg,,https://c.onlyaff.app/7ov2aP,"HELLSTAR x LEBRON —-> 18€ 💎
También en Blanco 🎨"
30203,2026-03-27T09:11:01,photos/photo_28171@27-03-2026_09-11-01.jpg,,https://c.onlyaff.app/7ov3Sb,GALLERY DEPT —-> 20€ 💎
30204,2026-03-27T09:11:01,photos/photo_28172@27-03-2026_09-11-01.jpg,,,
30205,2026-03-27T09:11:01,photos/photo_28173@27-03-2026_09-11-01.jpg,,,
30206,2026-03-27T09:16:01,photos/photo_28174@27-03-2026_09-16-01.jpg,,https://c.onlyaff.app/7ov5ZR,AMI PARIS —-> 23€ 💎
30207,2026-03-27T09:50:08,photos/photo_28175@27-03-2026_09-50-08.jpg,,https://c.onlyaff.app/7ov7vo,CORTEIZ —-> 8€ 💎
30208,2026-03-27T10:02:01,photos/photo_28176@27-03-2026_10-02-01.jpg,,https://c.onlyaff.app/7ov9Lr,"LORO PIANA —-> 36€ 💎
2 Tamaños 🆙"
30209,2026-03-27T10:03:01,photos/photo_28177@27-03-2026_10-03-01.jpg,,https://c.onlyaff.app/7ovafl,CAROLINA HERRERA —-> 25€ 💎
30210,2026-03-27T10:03:01,photos/photo_28178@27-03-2026_10-03-01.jpg,,,
30211,2026-03-27T10:03:01,photos/photo_28179@27-03-2026_10-03-01.jpg,,,
30212,2026-03-27T10:06:01,photos/photo_28180@27-03-2026_10-06-01.jpg,,https://c.onlyaff.app/7ovb4M,"POLO RALPH LAUREN —-> 19€ 💎
Varios Colores 🎨"
30213,2026-03-27T10:08:01,photos/photo_28181@27-03-2026_10-08-01.jpg,,https://c.onlyaff.app/7ovcAz,"POLO RALPH LAUREN —-> 21€ 💎
13 Colores 🎨"
30214,2026-03-27T10:11:01,photos/photo_28182@27-03-2026_10-11-01.jpg,,https://c.onlyaff.app/JQIu1,"HOKA Bondi 8 —-> 28€ 💎
17 Colores 🎨"
30215,2026-03-27T10:37:22,photos/photo_28183@27-03-2026_10-37-22.jpg,,https://c.onlyaff.app/7oXFUG,"NIKE Tech (chándal completo) —-> 63€ 💎
🚨 Se agota MUY rápido 💨 
⚠️ Con nuestra promo del 90% os queda en menos de 7€ 🤯"
30216,2026-03-27T10:50:15,photos/photo_28184@27-03-2026_10-50-15.jpg,,https://c.onlyaff.app/7ovduD,"THE NORTH FACE —-> 28€ 💎
Varios Colores 🎨"
30217,2026-03-27T13:00:46,photos/photo_28185@27-03-2026_13-00-46.jpg,,https://c.onlyaff.app/JUmYW,"ZADIG & VOLTAIRE —-> 18€ 💎
Varios Colores 🎨"
30218,2026-03-27T14:04:15,photos/photo_28186@27-03-2026_14-04-15.jpg,,https://c.onlyaff.app/7p9DOa,"POLENE —-> 31€ 💎
Muchos Colores 🎨"
30219,2026-03-27T14:05:35,photos/photo_28187@27-03-2026_14-05-35.jpg,,https://c.onlyaff.app/7p9JUF,"MAISON MIHARA YASUHIRO —-> 34€ 💎
Varios Colores 🎨"
30220,2026-03-27T14:06:48,photos/photo_28188@27-03-2026_14-06-48.jpg,,https://c.onlyaff.app/7p9LR5,"POLO RALPH LAUREN —-> 36€ 💎
También en Gris 🎨"
30221,2026-03-27T14:08:36,photos/photo_28189@27-03-2026_14-08-36.jpg,,https://c.onlyaff.app/7p9Rc6,"ON CLOUD Eclipse —-> 40€ 💎
11 Colores 🎨"
30222,2026-03-27T14:22:34,photos/photo_28190@27-03-2026_14-22-34.jpg,,https://c.onlyaff.app/7patFO,"ADIDAS España 26/27 —-> 16€ 💎
También la Roja y todos los Dorsales 🎨
🚨 Se agota MUY rápido 💨"
30223,2026-03-27T14:22:34,photos/photo_28191@27-03-2026_14-22-34.jpg,,,
30224,2026-03-27T14:22:35,photos/photo_28192@27-03-2026_14-22-35.jpg,,,
30225,2026-03-27T17:13:55,photos/photo_28193@27-03-2026_17-13-55.jpg,,https://c.onlyaff.app/7pjasx,"YEEZY Slide —-> 18€ 💎
Muchos Colores 🎨
Hasta la talla 48 🆙"
30226,2026-03-27T17:13:55,photos/photo_28194@27-03-2026_17-13-55.jpg,,,
30227,2026-03-27T17:13:55,photos/photo_28195@27-03-2026_17-13-55.jpg,,,
30228,2026-03-27T18:38:54,photos/photo_28196@27-03-2026_18-38-54.jpg,,https://c.onlyaff.app/7pmx1k,FRED PERRY —-> 22€ 💎
30229,2026-03-27T19:45:59,photos/photo_28197@27-03-2026_19-45-59.jpg,,https://c.onlyaff.app/7pGU8K,"ADIDAS Samba ""Animal Print"" —-> 23€ 💎"
30230,2026-03-27T20:16:26,photos/photo_28198@27-03-2026_20-16-26.jpg,,https://c.onlyaff.app/7pLhLK,ADIDAS Samba Reflective Pack —-> 23€ 💎
30231,2026-03-27T20:18:05,photos/photo_28199@27-03-2026_20-18-05.jpg,,https://c.onlyaff.app/7pLnpb,"NIKE Jordan 1 x TRAVIS SCOTT —-> 25€ 💎
(YepExpress)"
30232,2026-03-27T20:18:05,photos/photo_28200@27-03-2026_20-18-05.jpg,,,
30233,2026-03-27T20:18:05,photos/photo_28201@27-03-2026_20-18-05.jpg,,,
30234,2026-03-27T20:18:05,photos/photo_28202@27-03-2026_20-18-05.jpg,,,
30235,2026-03-27T20:18:05,photos/photo_28203@27-03-2026_20-18-05.jpg,,,
30236,2026-03-27T20:18:05,photos/photo_28204@27-03-2026_20-18-05.jpg,,,
30237,2026-03-27T20:18:05,photos/photo_28205@27-03-2026_20-18-05.jpg,,,
30238,2026-03-27T20:18:05,photos/photo_28206@27-03-2026_20-18-05.jpg,,,
30239,2026-03-27T21:42:38,photos/photo_28207@27-03-2026_21-42-38.jpg,,https://c.onlyaff.app/7pOPdM,ADIDAS —-> 27€ 💎
30240,2026-03-27T21:44:08,photos/photo_28208@27-03-2026_21-44-08.jpg,,https://c.onlyaff.app/7pOT1B,"PALM ANGELS —-> 8€ 💎
Muchos Colores 🎨"
30241,2026-03-27T21:46:50,photos/photo_28209@27-03-2026_21-46-50.jpg,,https://c.onlyaff.app/7pP0CM,"CROCS —-> 21€ 💎
Muchos Colores 🎨"
30242,2026-03-27T21:49:02,photos/photo_28210@27-03-2026_21-49-02.jpg,,https://c.onlyaff.app/7pP9uF,ESSENTIALS (conjunto) —-> 36€ 💎
30243,2026-03-27T22:31:24,photos/photo_28211@27-03-2026_22-31-24.jpg,,https://c.onlyaff.app/7pRm6E,ADIDAS Samba XLG —-> 24€ 💎
30244,2026-03-27T22:31:24,photos/photo_28212@27-03-2026_22-31-24.jpg,,,
30245,2026-03-27T22:31:24,photos/photo_28213@27-03-2026_22-31-24.jpg,,,
30247,2026-03-28T08:36:01,photos/photo_28214@28-03-2026_08-36-01.jpg,,https://c.onlyaff.app/7pV1CX,CROCS x BAPE —-> 22€ 💎
30248,2026-03-28T08:36:01,photos/photo_28215@28-03-2026_08-36-01.jpg,,,
30249,2026-03-28T08:36:01,photos/photo_28216@28-03-2026_08-36-01.jpg,,,
30250,2026-03-28T08:36:01,photos/photo_28217@28-03-2026_08-36-01.jpg,,,
30251,2026-03-28T08:36:01,photos/photo_28218@28-03-2026_08-36-01.jpg,,,
30252,2026-03-28T09:10:13,photos/photo_28219@28-03-2026_09-10-13.jpg,,https://c.onlyaff.app/7pV1U3,VALE DREAMS —-> 52€ 💎
30253,2026-03-28T09:12:01,photos/photo_28220@28-03-2026_09-12-01.jpg,,https://c.onlyaff.app/JZvhb,"BEATS Studio Pro —-> 24€ 💎
Varios Colores 🎨"
30254,2026-03-28T09:56:01,photos/photo_28221@28-03-2026_09-56-01.jpg,,https://c.onlyaff.app/7pV3c5,STONE ISLAND —-> 18€ 💎
30255,2026-03-28T10:00:55,photos/photo_28222@28-03-2026_10-00-55.jpg,,https://c.onlyaff.app/7pV3vp,ALO —-> 8€ 💎
30256,2026-03-28T10:11:01,photos/photo_28223@28-03-2026_10-11-01.jpg,,https://c.onlyaff.app/7pV3HQ,STUSSY —-> 17€ 💎
30257,2026-03-28T10:16:01,photos/photo_28224@28-03-2026_10-16-01.jpg,,https://c.onlyaff.app/7pV48C,CARHARTT —-> 8€ 💎
30258,2026-03-28T10:16:01,photos/photo_28225@28-03-2026_10-16-01.jpg,,,
30259,2026-03-28T10:16:01,photos/photo_28226@28-03-2026_10-16-01.jpg,,,
30260,2026-03-28T10:18:01,photos/photo_28227@28-03-2026_10-18-01.jpg,,https://c.onlyaff.app/7pV4fr,PATAGONIA —-> 10€ 💎
30261,2026-03-28T10:36:01,photos/photo_28228@28-03-2026_10-36-01.jpg,,https://c.onlyaff.app/7pV4A8,STUSSY —-> 8€ 💎
30262,2026-03-28T10:46:01,photos/photo_28229@28-03-2026_10-46-01.jpg,,https://c.onlyaff.app/7pV4Kq,"ESSENTIALS x FEAR OF GOD —-> 3€ 💎
12 Modelos 🎨"
30263,2026-03-28T10:47:01,photos/photo_28230@28-03-2026_10-47-01.jpg,,https://c.onlyaff.app/7pV5wI,THE NORTH FACE (pack 3) —-> 5€ 💎
30264,2026-03-28T11:04:35,photos/photo_28231@28-03-2026_11-04-35.jpg,,https://c.onlyaff.app/7pV5UY,"MIU MIU —-> 8€ 💎
Muchos Colores 🎨"
30265,2026-03-28T11:06:01,photos/photo_28232@28-03-2026_11-06-01.jpg,,https://c.onlyaff.app/7pV6ak,VANS Knu Skool —-> 26€ 💎
30266,2026-03-28T11:08:01,photos/photo_28233@28-03-2026_11-08-01.jpg,,https://c.onlyaff.app/7pV6Gl,ASICS Gel Kahana TR v2 —-> 45€ 💎
30267,2026-03-28T11:08:01,photos/photo_28234@28-03-2026_11-08-01.jpg,,,
30268,2026-03-28T11:08:01,photos/photo_28235@28-03-2026_11-08-01.jpg,,,
30269,2026-03-28T11:08:01,photos/photo_28236@28-03-2026_11-08-01.jpg,,,
30270,2026-03-28T11:08:01,photos/photo_28237@28-03-2026_11-08-01.jpg,,,
30271,2026-03-28T11:08:01,photos/photo_28238@28-03-2026_11-08-01.jpg,,,
30272,2026-03-28T11:08:01,photos/photo_28239@28-03-2026_11-08-01.jpg,,,
30273,2026-03-28T11:08:01,photos/photo_28240@28-03-2026_11-08-01.jpg,,,
30274,2026-03-28T11:14:01,photos/photo_28241@28-03-2026_11-14-01.jpg,,https://c.onlyaff.app/7pV75y,"ADIDAS Futbol Retro —-> 14€ 💎
20 Modelos 🎨"
30275,2026-03-28T11:14:01,photos/photo_28242@28-03-2026_11-14-01.jpg,,,
30276,2026-03-28T11:14:01,photos/photo_28243@28-03-2026_11-14-01.jpg,,,
30277,2026-03-28T11:14:01,photos/photo_28244@28-03-2026_11-14-01.jpg,,,
30278,2026-03-28T11:14:01,photos/photo_28245@28-03-2026_11-14-01.jpg,,,
30279,2026-03-28T11:14:01,photos/photo_28246@28-03-2026_11-14-01.jpg,,,
30280,2026-03-28T11:14:01,photos/photo_28247@28-03-2026_11-14-01.jpg,,,
30281,2026-03-28T11:14:01,photos/photo_28248@28-03-2026_11-14-01.jpg,,,
30282,2026-03-28T11:14:01,photos/photo_28249@28-03-2026_11-14-01.jpg,,,
30283,2026-03-28T11:14:01,photos/photo_28250@28-03-2026_11-14-01.jpg,,,
30284,2026-03-28T11:24:01,photos/photo_28251@28-03-2026_11-24-01.jpg,,https://c.onlyaff.app/7pV6W6,ADIDAS Spezial —-> 20€ 💎
30285,2026-03-28T11:24:01,photos/photo_28252@28-03-2026_11-24-01.jpg,,,
30286,2026-03-28T11:24:01,photos/photo_28253@28-03-2026_11-24-01.jpg,,,
30287,2026-03-28T11:24:01,photos/photo_28254@28-03-2026_11-24-01.jpg,,,
30288,2026-03-28T11:24:01,photos/photo_28255@28-03-2026_11-24-01.jpg,,,
30289,2026-03-28T11:24:01,photos/photo_28256@28-03-2026_11-24-01.jpg,,,
30290,2026-03-28T11:24:01,photos/photo_28257@28-03-2026_11-24-01.jpg,,,
30291,2026-03-28T11:24:01,photos/photo_28258@28-03-2026_11-24-01.jpg,,,
30292,2026-03-28T11:24:01,photos/photo_28259@28-03-2026_11-24-01.jpg,,,
30293,2026-03-28T11:46:01,photos/photo_28260@28-03-2026_11-46-01.jpg,,https://c.onlyaff.app/7pV7kR,"ALO (chándal completo) —-> 31€ 💎
Varios Colores 🎨"
30294,2026-03-28T11:58:01,photos/photo_28261@28-03-2026_11-58-01.jpg,,https://c.onlyaff.app/7pV7JQ,CARHARTT —-> 6€ 💎
30295,2026-03-28T11:58:01,photos/photo_28262@28-03-2026_11-58-01.jpg,,,
30296,2026-03-28T11:58:01,photos/photo_28263@28-03-2026_11-58-01.jpg,,,
30297,2026-03-28T12:04:01,photos/photo_28264@28-03-2026_12-04-01.jpg,,https://c.onlyaff.app/7pVoWD,"STONE ISLAND —-> 19€ 💎
Muchos Colores 🎨"
30298,2026-03-28T12:06:01,photos/photo_28265@28-03-2026_12-06-01.jpg,,https://c.onlyaff.app/JZzcs,"NEW BALANCE 9060 —-> 24€ 💎
Muchos Colores 🎨
(YepExpress)"
30299,2026-03-28T12:18:01,photos/photo_28266@28-03-2026_12-18-01.jpg,,https://c.onlyaff.app/7pVV6s,ADIDAS —-> 25€ 💎
30300,2026-03-28T12:24:01,photos/photo_28267@28-03-2026_12-24-01.jpg,,https://c.onlyaff.app/7pVVnf,POLO RALPH LAUREN —-> 11€ 💎
30301,2026-03-28T12:36:01,photos/photo_28268@28-03-2026_12-36-01.jpg,,https://c.onlyaff.app/7pVVDK,"THE NORTH FACE (chándal completo) —-> 18€ 18€ 💎
Varios Colores 🎨"
30302,2026-03-28T12:38:01,photos/photo_28269@28-03-2026_12-38-01.jpg,,https://c.onlyaff.app/7pVVUC,"ADIDAS Superstar —-> 22€ 💎
11 Colores 🎨"
30303,2026-03-28T15:38:53,photos/photo_28270@28-03-2026_15-38-53.jpg,,https://c.onlyaff.app/7qFS6h,"GUESS —-> 20€ 💎
Varios Colores 🎨"
30304,2026-03-28T17:18:10,photos/photo_28271@28-03-2026_17-18-10.jpg,,https://c.onlyaff.app/7qIVOu,THE NORTH FACE —-> 40€ 💎
30305,2026-03-28T17:18:10,photos/photo_28272@28-03-2026_17-18-10.jpg,,,
30306,2026-03-28T17:18:10,photos/photo_28273@28-03-2026_17-18-10.jpg,,,
30307,2026-03-28T17:18:10,photos/photo_28274@28-03-2026_17-18-10.jpg,,,
30308,2026-03-28T17:18:10,photos/photo_28275@28-03-2026_17-18-10.jpg,,,
30309,2026-03-28T17:18:10,photos/photo_28276@28-03-2026_17-18-10.jpg,,,
30310,2026-03-28T18:43:39,photos/photo_28277@28-03-2026_18-43-39.jpg,,https://c.onlyaff.app/K4NT6,STUSSY —-> 20€ 💎
30311,2026-03-28T18:43:39,photos/photo_28278@28-03-2026_18-43-39.jpg,,,
30312,2026-03-28T18:43:39,photos/photo_28279@28-03-2026_18-43-39.jpg,,,
30313,2026-03-28T18:44:25,photos/photo_28280@28-03-2026_18-44-25.jpg,,https://c.onlyaff.app/7qM4Gf,ADIDAS Campus 00’s —-> 30€ 💎
30314,2026-03-28T18:44:25,photos/photo_28281@28-03-2026_18-44-25.jpg,,,
30315,2026-03-28T18:44:25,photos/photo_28282@28-03-2026_18-44-25.jpg,,,
30316,2026-03-28T20:55:00,photos/photo_28283@28-03-2026_20-55-00.jpg,,https://c.onlyaff.app/K7l4V,THE NORTH FACE —-> 29€ 💎
30317,2026-03-28T20:55:00,photos/photo_28284@28-03-2026_20-55-00.jpg,,,
30318,2026-03-28T20:55:00,photos/photo_28285@28-03-2026_20-55-00.jpg,,,
30319,2026-03-28T20:55:00,photos/photo_28286@28-03-2026_20-55-00.jpg,,,
30320,2026-03-28T20:55:00,photos/photo_28287@28-03-2026_20-55-00.jpg,,,
30321,2026-03-28T20:55:00,photos/photo_28288@28-03-2026_20-55-00.jpg,,,
30322,2026-03-28T20:55:00,photos/photo_28289@28-03-2026_20-55-00.jpg,,,
30323,2026-03-28T20:55:00,photos/photo_28290@28-03-2026_20-55-00.jpg,,,
30324,2026-03-28T20:56:53,photos/photo_28291@28-03-2026_20-56-53.jpg,,https://c.onlyaff.app/7rbuqK,ASICS Gel Sonoma —-> 32€ 💎
30325,2026-03-28T20:56:54,photos/photo_28292@28-03-2026_20-56-54.jpg,,,
30326,2026-03-28T20:56:54,photos/photo_28293@28-03-2026_20-56-54.jpg,,,
30327,2026-03-28T20:56:54,photos/photo_28294@28-03-2026_20-56-54.jpg,,,
30328,2026-03-28T20:56:54,photos/photo_28295@28-03-2026_20-56-54.jpg,,,
30329,2026-03-28T20:56:54,photos/photo_28296@28-03-2026_20-56-54.jpg,,,
30330,2026-03-28T20:56:54,photos/photo_28297@28-03-2026_20-56-54.jpg,,,
30331,2026-03-28T20:56:54,photos/photo_28298@28-03-2026_20-56-54.jpg,,,
30332,2026-03-28T20:56:54,photos/photo_28299@28-03-2026_20-56-54.jpg,,,
30333,2026-03-28T22:13:58,photos/photo_28300@28-03-2026_22-13-58.jpg,,https://c.onlyaff.app/7rfU1w,ON CLOUD Monster 2 —-> 30€ 💎
30334,2026-03-28T22:13:58,photos/photo_28301@28-03-2026_22-13-58.jpg,,,
30335,2026-03-28T22:13:58,photos/photo_28302@28-03-2026_22-13-58.jpg,,,
30336,2026-03-28T22:13:59,photos/photo_28303@28-03-2026_22-13-59.jpg,,,
30337,2026-03-28T22:13:59,photos/photo_28304@28-03-2026_22-13-59.jpg,,,
30339,2026-03-29T09:10:05,photos/photo_28305@29-03-2026_09-10-05.jpg,,https://c.onlyaff.app/7rkowb,"CARHARTT —-> 11€ 💎
Varios Colores 🎨"
30340,2026-03-29T09:11:01,photos/photo_28306@29-03-2026_09-11-01.jpg,,https://c.onlyaff.app/7rkoOD,CARHARTT —-> 9€ 💎
30341,2026-03-29T09:12:01,photos/photo_28307@29-03-2026_09-12-01.jpg,,https://c.onlyaff.app/7rkoYm,STUSSY —-> 25€ 💎
30342,2026-03-29T09:13:01,photos/photo_28308@29-03-2026_09-13-01.jpg,,https://c.onlyaff.app/7rkpdl,"CARHARTT —-> 11€ 💎
Varios Colores 🎨"
30343,2026-03-29T09:14:01,photos/photo_28309@29-03-2026_09-14-01.jpg,,https://c.onlyaff.app/7rkpAM,PATAGONIA —-> 8€ 💎
30344,2026-03-29T09:15:08,photos/photo_28310@29-03-2026_09-15-08.jpg,,https://c.onlyaff.app/7rkpLS,"BIRKENSTOCK —-> 22€ 💎
16 Colores 🎨"
30345,2026-03-29T09:36:01,photos/photo_28311@29-03-2026_09-36-01.jpg,,https://c.onlyaff.app/7rl0fy,"UNDER ARMOUR —-> 15€ 💎
Varios Colores 🎨"
30346,2026-03-29T09:37:01,photos/photo_28312@29-03-2026_09-37-01.jpg,,https://c.onlyaff.app/7rl0qP,"STONE ISLAND —-> 15€ 💎
Muchos Modelos 🎨"
30347,2026-03-29T09:38:01,photos/photo_28313@29-03-2026_09-38-01.jpg,,https://c.onlyaff.app/7rl0C5,POLO RALPH LAUREN —-> 13 💎
30348,2026-03-29T09:40:15,photos/photo_28314@29-03-2026_09-40-15.jpg,,https://c.onlyaff.app/K8iGL,"POLO RALPH LAUREN —-> 15€ 💎
Varios Colores 🎨"
30349,2026-03-29T09:41:01,photos/photo_28315@29-03-2026_09-41-01.jpg,,https://c.onlyaff.app/7rl1fy,ADIDAS Samba OG —-> 22€ 💎
30350,2026-03-29T09:41:01,photos/photo_28316@29-03-2026_09-41-01.jpg,,,
30351,2026-03-29T09:41:01,photos/photo_28317@29-03-2026_09-41-01.jpg,,,
30352,2026-03-29T09:41:01,photos/photo_28318@29-03-2026_09-41-01.jpg,,,
30353,2026-03-29T09:41:01,photos/photo_28319@29-03-2026_09-41-01.jpg,,,
30354,2026-03-29T09:41:01,photos/photo_28320@29-03-2026_09-41-01.jpg,,,
30355,2026-03-29T10:11:01,photos/photo_28321@29-03-2026_10-11-01.jpg,,https://c.onlyaff.app/7rl1w2,"NIKE x STUSSY —-> 18€ 💎
Varios Colores 🎨"
30356,2026-03-29T10:20:12,photos/photo_28322@29-03-2026_10-20-12.jpg,,https://c.onlyaff.app/7rl1Ql,CARHARTT —-> 25€ 💎
30357,2026-03-29T10:24:01,photos/photo_28323@29-03-2026_10-24-01.jpg,,https://c.onlyaff.app/7rl1Uj,ADIDAS x STONE ISLAND Ajax—-> 11€ 💎
30358,2026-03-29T10:42:01,photos/photo_28324@29-03-2026_10-42-01.jpg,,https://c.onlyaff.app/7rl2dw,"MIU MIU —-> 30€ 💎
También en Marrón 🎨"
30359,2026-03-29T11:04:01,photos/photo_28325@29-03-2026_11-04-01.jpg,,https://c.onlyaff.app/7rl2Up,AMI PARIS —-> 15€ 💎
30360,2026-03-29T11:04:01,photos/photo_28326@29-03-2026_11-04-01.jpg,,,
30361,2026-03-29T11:04:01,photos/photo_28327@29-03-2026_11-04-01.jpg,,,
30362,2026-03-29T11:06:01,photos/photo_28328@29-03-2026_11-06-01.jpg,,https://c.onlyaff.app/7rl31u,ADIDAS Gazelle Indoor —-> 38€ 💎
30363,2026-03-29T11:36:01,photos/photo_28329@29-03-2026_11-36-01.jpg,,https://c.onlyaff.app/K8iVP,"THE NORTH FACE —-> 28€ 💎
Varios Colores 🎨"
30364,2026-03-29T11:56:01,photos/photo_28330@29-03-2026_11-56-01.jpg,,https://c.onlyaff.app/7rl3tt,"POLO RALPH LAUREN —-> 6€ 💎
Varios Colores 🎨"
30365,2026-03-29T12:13:01,photos/photo_28331@29-03-2026_12-13-01.jpg,,https://c.onlyaff.app/7rl3UP,"CONVERSE —-> 25€ 💎
También en Blanco 🎨"
30366,2026-03-29T12:16:01,photos/photo_28332@29-03-2026_12-16-01.jpg,,https://c.onlyaff.app/7rl41D,"VEJA —-> 25€ 💎
Muchos Colores 🎨"
30367,2026-03-29T13:12:12,photos/photo_28333@29-03-2026_13-12-12.jpg,,https://c.onlyaff.app/KbVeW,POLO RALPH LAUREN —-> 14€ 💎
30368,2026-03-29T14:17:31,photos/photo_28334@29-03-2026_14-17-31.jpg,,https://c.onlyaff.app/7s0ezM,"NIKE Air Max 95 —-> 28€ 💎
Muchos Colores y Colaboraicones 🎨
(YepExpress)"
30369,2026-03-29T16:43:21,photos/photo_28335@29-03-2026_16-43-21.jpg,,https://c.onlyaff.app/7s853b,DR MARTENS —-> 35€ 💎
30370,2026-03-29T16:45:58,photos/photo_28336@29-03-2026_16-45-58.jpg,,https://c.onlyaff.app/7s8jos,"ESSENTIALS (conjunto) —-> 35€ 💎
Muchos Colores 🎨"
30371,2026-03-29T16:59:26,photos/photo_28337@29-03-2026_16-59-26.jpg,,https://c.onlyaff.app/7s8RCC,"GOLDEN GOOSE —-> 32€ 💎
24 Colores 🎨"
30372,2026-03-29T17:01:41,photos/photo_28338@29-03-2026_17-01-41.jpg,,https://c.onlyaff.app/7s8Wwg,"VANS UltraRange Neo VR3 —-> 32€ 💎
Muchos Colores 🎨"
30373,2026-03-29T17:44:22,photos/photo_28339@29-03-2026_17-44-22.jpg,,https://c.onlyaff.app/7sbeWb,"AMI PARIS —-> 20€ 💎
Varios Colores 🎨"
30374,2026-03-29T18:03:45,photos/photo_28340@29-03-2026_18-03-45.jpg,,https://c.onlyaff.app/7sc9x0,VIBRAM Kso Evo —-> 45€ 💎
30375,2026-03-29T18:03:45,photos/photo_28341@29-03-2026_18-03-45.jpg,,,
30376,2026-03-29T18:03:45,photos/photo_28342@29-03-2026_18-03-45.jpg,,,
30377,2026-03-29T18:05:15,photos/photo_28343@29-03-2026_18-05-15.jpg,,https://c.onlyaff.app/7sccJZ,AIMANA —-> 5€ 💎
30378,2026-03-29T18:05:15,photos/photo_28344@29-03-2026_18-05-15.jpg,,,
30379,2026-03-29T18:05:15,photos/photo_28345@29-03-2026_18-05-15.jpg,,,
30380,2026-03-29T18:07:25,photos/photo_28346@29-03-2026_18-07-25.jpg,,https://c.onlyaff.app/7schj3,"JBL Charge 6 —-> 52€ 💎
Muchos Colores 🎨
Producto MUY recomendado ✅
Perfecto para nuestra promo del 90% 🎁"
30381,2026-03-29T18:07:25,photos/photo_28347@29-03-2026_18-07-25.jpg,,,
30382,2026-03-29T18:07:25,photos/photo_28348@29-03-2026_18-07-25.jpg,,,
30383,2026-03-29T18:25:11,photos/photo_28349@29-03-2026_18-25-11.jpg,,https://c.onlyaff.app/7sddGE,GUESS —-> 19€ 💎
30384,2026-03-29T18:25:12,photos/photo_28350@29-03-2026_18-25-12.jpg,,,
30385,2026-03-29T18:25:12,photos/photo_28351@29-03-2026_18-25-12.jpg,,,
30386,2026-03-29T18:25:12,photos/photo_28352@29-03-2026_18-25-12.jpg,,,
30387,2026-03-29T18:26:28,photos/photo_28353@29-03-2026_18-26-28.jpg,,https://c.onlyaff.app/7sdfRR,"CORTEIZ —-> 27€ 💎
Muchos Colores 🎨"
30388,2026-03-29T18:28:16,photos/photo_28354@29-03-2026_18-28-16.jpg,,https://c.onlyaff.app/7sdhZ4,DR MARTENS —-> 27€ 💎
30389,2026-03-29T18:30:58,photos/photo_28355@29-03-2026_18-30-58.jpg,,https://c.onlyaff.app/7sdlMG,"POLO RALPH LAUREN —-> 44€ 💎
También en Azul 🎨"
30390,2026-03-29T18:40:12,photos/photo_28356@29-03-2026_18-40-12.jpg,,https://c.onlyaff.app/4CzJI,"NIKE Moon x JACQUEMUS —-> 42€ 💎
🚨 Se agotan muy rápido 💨"
30391,2026-03-29T18:40:12,photos/photo_28357@29-03-2026_18-40-12.jpg,,,
30392,2026-03-29T18:40:12,photos/photo_28358@29-03-2026_18-40-12.jpg,,,
30393,2026-03-29T18:40:12,photos/photo_28359@29-03-2026_18-40-12.jpg,,,
30394,2026-03-29T18:40:12,photos/photo_28360@29-03-2026_18-40-12.jpg,,,
30395,2026-03-29T18:42:07,photos/photo_28361@29-03-2026_18-42-07.jpg,,https://c.onlyaff.app/7sdK1s,"NIKE P6000 —-> 36€ 💎
🚨 Se agotan MUY rápido 💨"
30396,2026-03-29T18:42:07,photos/photo_28362@29-03-2026_18-42-07.jpg,,,
30397,2026-03-29T18:42:07,photos/photo_28363@29-03-2026_18-42-07.jpg,,,
30398,2026-03-29T18:42:07,photos/photo_28364@29-03-2026_18-42-07.jpg,,,
30399,2026-03-29T18:42:07,photos/photo_28365@29-03-2026_18-42-07.jpg,,,
30400,2026-03-29T18:42:07,photos/photo_28366@29-03-2026_18-42-07.jpg,,,
30401,2026-03-29T18:42:07,photos/photo_28367@29-03-2026_18-42-07.jpg,,,
30402,2026-03-29T18:42:07,photos/photo_28368@29-03-2026_18-42-07.jpg,,,
30403,2026-03-29T18:46:49,photos/photo_28369@29-03-2026_18-46-49.jpg,,https://c.onlyaff.app/7se3RH,ADIDAS —-> 25€ 29€ 💎
30405,2026-03-29T18:49:26,photos/photo_28370@29-03-2026_18-49-26.jpg,,https://c.onlyaff.app/7sedZX,"ON CLOUD —-> 25€ 25€ 💎
También en Verde 🎨"
30406,2026-03-29T18:50:43,photos/photo_28371@29-03-2026_18-50-43.jpg,,https://c.onlyaff.app/7sekJk,FRED PERRY —-> 12€ 💎
30407,2026-03-29T18:52:11,photos/photo_28372@29-03-2026_18-52-11.jpg,,https://c.onlyaff.app/7serXp,ESSENTIALS x FEAR OF GOD —-> 21€ 💎
30408,2026-03-29T18:52:11,photos/photo_28373@29-03-2026_18-52-11.jpg,,,
30409,2026-03-29T18:52:11,photos/photo_28374@29-03-2026_18-52-11.jpg,,,
30410,2026-03-29T18:53:19,photos/photo_28375@29-03-2026_18-53-19.jpg,,https://c.onlyaff.app/7sevSl,FRED PERRY —-> 10€ 💎
30413,2026-03-29T18:55:57,photos/photo_28376@29-03-2026_18-55-57.jpg,,https://c.onlyaff.app/7seDaz,PALM ANGELS —-> 16€ 💎
30414,2026-03-29T18:55:57,photos/photo_28377@29-03-2026_18-55-57.jpg,,,
30415,2026-03-29T18:55:57,photos/photo_28378@29-03-2026_18-55-57.jpg,,,
30416,2026-03-29T19:48:55,photos/photo_28379@29-03-2026_19-48-55.jpg,,https://c.onlyaff.app/7shVlF,"ADIDAS Tokyo —-> 21€ 💎
Muchos Colores 🎨"
30417,2026-03-29T20:13:42,photos/photo_28380@29-03-2026_20-13-42.jpg,,https://c.onlyaff.app/7snVnj,"MIU MIU —-> 34€ 💎
Muchos Colores 🎨"
30418,2026-03-29T20:17:19,photos/photo_28381@29-03-2026_20-17-19.jpg,,https://c.onlyaff.app/7soPIe,"BIODANCE (pack 4) —-> 5€ 💎
Varios tipos de máscara 🎨"
30419,2026-03-29T20:26:07,photos/photo_28382@29-03-2026_20-26-07.jpg,,https://c.onlyaff.app/KfcMV,"ADIDAS Gazelle Indoor —-> 20€ 💎
13 Nuevos Colores 🎨"
30420,2026-03-29T20:26:07,photos/photo_28383@29-03-2026_20-26-07.jpg,,,
30421,2026-03-29T20:26:07,photos/photo_28384@29-03-2026_20-26-07.jpg,,,
30422,2026-03-29T20:26:07,photos/photo_28385@29-03-2026_20-26-07.jpg,,,
30423,2026-03-29T20:26:08,photos/photo_28386@29-03-2026_20-26-08.jpg,,,
30424,2026-03-29T20:26:08,photos/photo_28387@29-03-2026_20-26-08.jpg,,,
30425,2026-03-29T20:26:08,photos/photo_28388@29-03-2026_20-26-08.jpg,,,
30426,2026-03-29T20:26:08,photos/photo_28389@29-03-2026_20-26-08.jpg,,,
30428,2026-03-29T20:26:08,photos/photo_28390@29-03-2026_20-26-08.jpg,,,
30429,2026-03-29T21:03:48,photos/photo_28391@29-03-2026_21-03-48.jpg,,https://c.onlyaff.app/7sGBMU,ADIDAS PureChill —-> 23€ 💎
30430,2026-03-29T21:03:48,photos/photo_28392@29-03-2026_21-03-48.jpg,,,
30431,2026-03-29T21:03:48,photos/photo_28393@29-03-2026_21-03-48.jpg,,,
30432,2026-03-29T21:03:48,photos/photo_28394@29-03-2026_21-03-48.jpg,,,
30433,2026-03-29T21:03:48,photos/photo_28395@29-03-2026_21-03-48.jpg,,,
30434,2026-03-29T21:03:48,photos/photo_28396@29-03-2026_21-03-48.jpg,,,
30435,2026-03-29T21:03:48,photos/photo_28397@29-03-2026_21-03-48.jpg,,,
30436,2026-03-29T21:06:26,photos/photo_28398@29-03-2026_21-06-26.jpg,,https://c.onlyaff.app/7sGJpT,"ASICS SuperBlast 3 —-> 33€ 💎
Muchos Colores 🎨"
30437,2026-03-29T21:28:26,photos/photo_28399@29-03-2026_21-28-26.jpg,,https://c.onlyaff.app/7sHQrm,"ADIDAS —-> 10€ 💎
Varios Colores 🎨"
30438,2026-03-29T21:40:49,photos/photo_28400@29-03-2026_21-40-49.jpg,,https://c.onlyaff.app/KgPNZ,"THE NORTH FACE —-> 14€ 💎
Varios Colores 🎨"
30439,2026-03-29T21:43:17,photos/photo_28401@29-03-2026_21-43-17.jpg,,https://c.onlyaff.app/KgQk7,"MARC JACOBS —-> 23€ 💎
Varios Colores 🎨"
30440,2026-03-29T21:45:44,photos/photo_28402@29-03-2026_21-45-44.jpg,,https://c.onlyaff.app/7sIyQb,"ADIDAS VL Court —-> 24€ 💎
Muchos Colores 🎨"
30441,2026-03-29T22:28:01,photos/photo_28403@29-03-2026_22-28-01.jpg,,https://c.onlyaff.app/7sL7tj,"BAPE —-> 30€ 💎
25 Modelos 🎨"
30442,2026-03-29T22:31:12,photos/photo_28404@29-03-2026_22-31-12.jpg,,https://c.onlyaff.app/7sLfcN,"THE NORTH FACE Altamesa 300 —-> 35€ 💎
Varios Colores 🎨"
30443,2026-03-29T22:42:53,photos/photo_28405@29-03-2026_22-42-53.jpg,,https://c.onlyaff.app/7sLH64,"ADIDAS Gazelle Sala —-> 33€ 💎
(Futbol Sala ⚽️)"
30444,2026-03-29T22:42:53,photos/photo_28406@29-03-2026_22-42-53.jpg,,,
30445,2026-03-29T22:42:53,photos/photo_28407@29-03-2026_22-42-53.jpg,,,
30446,2026-03-29T22:42:53,photos/photo_28408@29-03-2026_22-42-53.jpg,,,
30447,2026-03-29T22:42:53,photos/photo_28409@29-03-2026_22-42-53.jpg,,,
30448,2026-03-29T22:42:53,photos/photo_28410@29-03-2026_22-42-53.jpg,,,
30455,2026-03-29T23:01:38,photos/photo_28411@29-03-2026_23-01-38.jpg,,https://c.onlyaff.app/7sMQ1A,"ADIDAS SuperNova Rise 3 —-> 34€ 💎
22 Colores 🎨"
30456,2026-03-29T23:01:38,photos/photo_28412@29-03-2026_23-01-38.jpg,,,
30457,2026-03-29T23:01:38,photos/photo_28413@29-03-2026_23-01-38.jpg,,,
30458,2026-03-29T23:01:38,photos/photo_28414@29-03-2026_23-01-38.jpg,,,
30459,2026-03-29T23:01:38,photos/photo_28415@29-03-2026_23-01-38.jpg,,,
30460,2026-03-29T23:01:38,photos/photo_28416@29-03-2026_23-01-38.jpg,,,
30462,2026-03-30T08:37:01,photos/photo_28417@30-03-2026_08-37-01.jpg,,https://c.onlyaff.app/7sPw7O,"NIKE Air Force 1 —-> 22€ 💎
También en Negro 🎨
(YepExpress)"
30463,2026-03-30T09:10:11,photos/photo_28418@30-03-2026_09-10-11.jpg,,https://c.onlyaff.app/7sPxpc,ADIDAS Spezial —-> 23€ 💎
30464,2026-03-30T09:22:01,photos/photo_28419@30-03-2026_09-22-01.jpg,,https://c.onlyaff.app/7sPyBF,"STUSSY —-> 6€ 💎
Varios Colores 🎨"
30465,2026-03-30T09:24:01,photos/photo_28420@30-03-2026_09-24-01.jpg,,https://c.onlyaff.app/KhynY,"NIKE V2K —-> 37€ 💎
🚨 Se agotan MUY rápido 💨"
30466,2026-03-30T09:24:01,photos/photo_28421@30-03-2026_09-24-01.jpg,,,
30467,2026-03-30T09:24:01,photos/photo_28422@30-03-2026_09-24-01.jpg,,,
30468,2026-03-30T09:24:01,photos/photo_28423@30-03-2026_09-24-01.jpg,,,
30469,2026-03-30T09:24:01,photos/photo_28424@30-03-2026_09-24-01.jpg,,,
30470,2026-03-30T09:24:01,photos/photo_28425@30-03-2026_09-24-01.jpg,,,
30471,2026-03-30T09:24:01,photos/photo_28426@30-03-2026_09-24-01.jpg,,,
30472,2026-03-30T09:24:01,photos/photo_28427@30-03-2026_09-24-01.jpg,,,
30473,2026-03-30T09:57:27,photos/photo_28428@30-03-2026_09-57-27.jpg,,https://c.onlyaff.app/7sPzg3,"MIU MIU —-> 8€ 💎
Muchos Colores 🎨"
30474,2026-03-30T10:11:01,photos/photo_28429@30-03-2026_10-11-01.jpg,,https://c.onlyaff.app/7sPAof,"GUESS —-> 28€ 💎
Muchos Colores 🎨"
30475,2026-03-30T10:11:01,photos/photo_28430@30-03-2026_10-11-01.jpg,,,
30476,2026-03-30T10:11:01,photos/photo_28431@30-03-2026_10-11-01.jpg,,,
30477,2026-03-30T10:11:01,photos/photo_28432@30-03-2026_10-11-01.jpg,,,
30478,2026-03-30T10:32:01,photos/photo_28433@30-03-2026_10-32-01.jpg,,https://c.onlyaff.app/4CXgy,"ADIDAS Samba ""San Valentín"" —-> 21€ 💎"
30479,2026-03-30T10:32:01,photos/photo_28434@30-03-2026_10-32-01.jpg,,,
30480,2026-03-30T10:32:01,photos/photo_28435@30-03-2026_10-32-01.jpg,,,
30481,2026-03-30T10:45:14,photos/photo_28436@30-03-2026_10-45-14.jpg,,https://c.onlyaff.app/7sPBA3,"POLO RALPH LAUREN —-> 19€ 💎
Varios Colores 🎨"
30482,2026-03-30T11:02:01,photos/photo_28437@30-03-2026_11-02-01.jpg,,https://c.onlyaff.app/7sPBZ3,"OFF WHITE Kick Off —-> 41€ 💎
11 Colores 🎨"
30483,2026-03-30T11:02:01,photos/photo_28438@30-03-2026_11-02-01.jpg,,,
30484,2026-03-30T11:02:01,photos/photo_28439@30-03-2026_11-02-01.jpg,,,
30485,2026-03-30T11:02:01,photos/photo_28440@30-03-2026_11-02-01.jpg,,,
30486,2026-03-30T11:02:01,photos/photo_28441@30-03-2026_11-02-01.jpg,,,
30487,2026-03-30T11:02:01,photos/photo_28442@30-03-2026_11-02-01.jpg,,,
30488,2026-03-30T12:18:41,photos/photo_28443@30-03-2026_12-18-41.jpg,,https://c.onlyaff.app/7tmyAO,"POLO RALPH LAUREN (bañador) —-> 15€ 💎
Muchos Colores 🎨"
30489,2026-03-30T13:00:10,photos/photo_28444@30-03-2026_13-00-10.jpg,,https://c.onlyaff.app/7toDna,"EMESTUDIOS —-> 20€ 💎
También en Blanco 🎨
🚨 Se agotan MUY rápido 💨"
30490,2026-03-30T13:09:14,photos/photo_28445@30-03-2026_13-09-14.jpg,,https://c.onlyaff.app/7tpfCR,"SCUFFERS —-> 16€ 💎
También en Blanco 🎨
🚨 Se agota MUY rápido 💨"
30491,2026-03-30T14:19:05,photos/photo_28446@30-03-2026_14-19-05.jpg,,https://c.onlyaff.app/7tsvNb,"MIU MIU —-> 52€ 💎
Varios Colores 🎨"
30492,2026-03-30T14:19:05,photos/photo_28447@30-03-2026_14-19-05.jpg,,,
30493,2026-03-30T14:19:05,photos/photo_28448@30-03-2026_14-19-05.jpg,,,
30494,2026-03-30T14:21:32,photos/photo_28449@30-03-2026_14-21-32.jpg,,https://c.onlyaff.app/7tsMWD,THE NORTH FACE —-> 15€ 💎
30495,2026-03-30T14:36:25,photos/photo_28450@30-03-2026_14-36-25.jpg,,https://c.onlyaff.app/4DlZn,STUSSY —-> 43€ 💎
30496,2026-03-30T14:39:43,photos/photo_28451@30-03-2026_14-39-43.jpg,,https://c.onlyaff.app/7ttxu1,PATAGONIA —-> 26€ 💎
30497,2026-03-30T14:39:43,photos/photo_28452@30-03-2026_14-39-43.jpg,,,
30498,2026-03-30T14:39:44,photos/photo_28453@30-03-2026_14-39-44.jpg,,,
30499,2026-03-30T14:39:44,photos/photo_28454@30-03-2026_14-39-44.jpg,,,
30500,2026-03-30T14:39:44,photos/photo_28455@30-03-2026_14-39-44.jpg,,,
30501,2026-03-30T14:43:50,photos/photo_28456@30-03-2026_14-43-50.jpg,,https://c.onlyaff.app/7ttH9b,"ADIDAS Spezial ""Preloved"" —-> 23€ 💎"
30502,2026-03-30T14:43:50,photos/photo_28457@30-03-2026_14-43-50.jpg,,,
30503,2026-03-30T14:43:50,photos/photo_28458@30-03-2026_14-43-50.jpg,,,
30504,2026-03-30T15:02:44,photos/photo_28459@30-03-2026_15-02-44.jpg,,https://c.onlyaff.app/7tv2by,"ADIDAS Wensley SPZL —-> 27€ 💎
También en Beige 🎨"
30505,2026-03-30T15:02:44,photos/photo_28460@30-03-2026_15-02-44.jpg,,,
30506,2026-03-30T15:02:44,photos/photo_28461@30-03-2026_15-02-44.jpg,,,
30507,2026-03-30T15:45:10,photos/photo_28462@30-03-2026_15-45-10.jpg,,https://c.onlyaff.app/7txkhB,CARHARTT —-> 25€ 💎
30508,2026-03-30T15:46:37,photos/photo_28463@30-03-2026_15-46-37.jpg,,https://c.onlyaff.app/7txnXS,CARHARTT —-> 20€ 💎
30509,2026-03-30T16:57:47,photos/photo_28464@30-03-2026_16-57-47.jpg,,https://c.onlyaff.app/Kmc48,REEBOK Club C —-> 35€ 💎
30510,2026-03-30T16:57:47,photos/photo_28465@30-03-2026_16-57-47.jpg,,,
30511,2026-03-30T16:57:47,photos/photo_28466@30-03-2026_16-57-47.jpg,,,
30512,2026-03-30T16:57:47,photos/photo_28467@30-03-2026_16-57-47.jpg,,,
30513,2026-03-30T16:57:47,photos/photo_28468@30-03-2026_16-57-47.jpg,,,
30514,2026-03-30T17:45:20,photos/photo_28469@30-03-2026_17-45-20.jpg,,https://c.onlyaff.app/KmvGv,"CONVERSE —-> 20€ 💎
También Bajas 🎨"
30515,2026-03-30T17:45:20,photos/photo_28470@30-03-2026_17-45-20.jpg,,,
30516,2026-03-30T17:45:21,photos/photo_28471@30-03-2026_17-45-21.jpg,,,
30517,2026-03-30T17:45:21,photos/photo_28472@30-03-2026_17-45-21.jpg,,,
30518,2026-03-30T17:45:21,photos/photo_28473@30-03-2026_17-45-21.jpg,,,
30519,2026-03-30T18:49:47,photos/photo_28474@30-03-2026_18-49-47.jpg,,https://c.onlyaff.app/7tGC0N,"CROCS Bayaband —-> 20€ 💎
15 Colores 🎨"
30520,2026-03-30T19:31:15,photos/photo_28475@30-03-2026_19-31-15.jpg,,https://c.onlyaff.app/7tIRmL,POLO RALPH LAUREN —-> 8€ 💎
30521,2026-03-30T19:32:49,photos/photo_28476@30-03-2026_19-32-49.jpg,,https://c.onlyaff.app/7tIY3L,ALO —-> 19€ 💎
30522,2026-03-30T19:32:49,photos/photo_28477@30-03-2026_19-32-49.jpg,,,
30523,2026-03-30T19:32:49,photos/photo_28478@30-03-2026_19-32-49.jpg,,,
30524,2026-03-30T19:32:49,photos/photo_28479@30-03-2026_19-32-49.jpg,,,
30525,2026-03-30T19:32:49,photos/photo_28480@30-03-2026_19-32-49.jpg,,,
30526,2026-03-30T19:32:49,photos/photo_28481@30-03-2026_19-32-49.jpg,,,
30527,2026-03-30T20:02:45,photos/photo_28482@30-03-2026_20-02-45.jpg,,https://c.onlyaff.app/7tMdq3,"EMESTUDIOS —-> 18€ 💎
También en Negro 🎨
🚨 Se agota muy rápido 💨"
30528,2026-03-30T20:58:38,photos/photo_28483@30-03-2026_20-58-38.jpg,,https://c.onlyaff.app/KpBXK,ADIDAS España 26/27 —-> 10€ 💎
30529,2026-03-30T21:01:06,photos/photo_28484@30-03-2026_21-01-06.jpg,,https://c.onlyaff.app/KpCW7,"ADIDAS JellyFish x PHARREL WILLIAMS —-> 31€ 💎
Nuevos Colores 🎨"
30530,2026-03-30T21:01:06,photos/photo_28485@30-03-2026_21-01-06.jpg,,,
30531,2026-03-30T21:01:06,photos/photo_28486@30-03-2026_21-01-06.jpg,,,
30532,2026-03-30T21:01:06,photos/photo_28487@30-03-2026_21-01-06.jpg,,,
30533,2026-03-30T21:01:06,photos/photo_28488@30-03-2026_21-01-06.jpg,,,
30534,2026-03-30T21:40:06,photos/photo_28489@30-03-2026_21-40-06.jpg,,https://c.onlyaff.app/7uaEcw,THE NORTH FACE —-> 23€ 💎
30535,2026-03-30T22:31:45,photos/photo_28490@30-03-2026_22-31-45.jpg,,https://c.onlyaff.app/7udd9a,ONITSUKA TIGER Chunk —-> 33€ 💎
30536,2026-03-30T22:31:45,photos/photo_28491@30-03-2026_22-31-45.jpg,,,
30537,2026-03-30T22:31:45,photos/photo_28492@30-03-2026_22-31-45.jpg,,,
30538,2026-03-30T22:31:45,photos/photo_28493@30-03-2026_22-31-45.jpg,,,
30539,2026-03-30T22:31:45,photos/photo_28494@30-03-2026_22-31-45.jpg,,,
30540,2026-03-30T22:43:16,photos/photo_28495@30-03-2026_22-43-16.jpg,,https://c.onlyaff.app/7udIaj,HUNTER —-> 13€ 💎
30541,2026-03-30T22:43:16,photos/photo_28496@30-03-2026_22-43-16.jpg,,,
30542,2026-03-30T22:43:16,photos/photo_28497@30-03-2026_22-43-16.jpg,,,
30543,2026-03-30T22:45:55,photos/photo_28498@30-03-2026_22-45-55.jpg,,https://c.onlyaff.app/7udUrq,GOYARD (mochila) —-> 31€ 💎
30544,2026-03-30T22:45:55,photos/photo_28499@30-03-2026_22-45-55.jpg,,,
30545,2026-03-30T22:45:55,photos/photo_28500@30-03-2026_22-45-55.jpg,,,
30546,2026-03-30T22:45:55,photos/photo_28501@30-03-2026_22-45-55.jpg,,,
30547,2026-03-30T22:45:55,photos/photo_28502@30-03-2026_22-45-55.jpg,,,
30548,2026-03-30T22:51:36,photos/photo_28503@30-03-2026_22-51-36.jpg,,https://c.onlyaff.app/7ue5tC,ADIDAS Y3 Ubersonic —-> 38€ 💎
30549,2026-03-30T22:51:36,photos/photo_28504@30-03-2026_22-51-36.jpg,,,
30550,2026-03-30T22:51:36,photos/photo_28505@30-03-2026_22-51-36.jpg,,,
30554,2026-03-30T22:55:49,photos/photo_28506@30-03-2026_22-55-49.jpg,,https://c.onlyaff.app/7uegq9,CONVERSE Star Player —-> 29€ 💎
30555,2026-03-30T22:55:49,photos/photo_28507@30-03-2026_22-55-49.jpg,,,
30556,2026-03-30T22:55:49,photos/photo_28508@30-03-2026_22-55-49.jpg,,,
30558,2026-03-31T08:47:01,photos/photo_28509@31-03-2026_08-47-01.jpg,,https://c.onlyaff.app/Kr1Qu,ASICS MetaSpeed Sky —-> 39€ 💎
30559,2026-03-31T08:47:01,photos/photo_28510@31-03-2026_08-47-01.jpg,,,
30560,2026-03-31T08:47:01,photos/photo_28511@31-03-2026_08-47-01.jpg,,,
30561,2026-03-31T08:47:01,photos/photo_28512@31-03-2026_08-47-01.jpg,,,
30562,2026-03-31T08:47:01,photos/photo_28513@31-03-2026_08-47-01.jpg,,,
30563,2026-03-31T08:47:01,photos/photo_28514@31-03-2026_08-47-01.jpg,,,
30564,2026-03-31T10:10:57,photos/photo_28515@31-03-2026_10-10-57.jpg,,https://c.onlyaff.app/7use0f,ADIDAS Bermuda x CORDURA —-> 25€ 💎
30565,2026-03-31T10:10:57,photos/photo_28516@31-03-2026_10-10-57.jpg,,,
30566,2026-03-31T10:10:57,photos/photo_28517@31-03-2026_10-10-57.jpg,,,
30567,2026-03-31T11:59:19,photos/photo_28518@31-03-2026_11-59-19.jpg,,https://c.onlyaff.app/7uOWzl,VANS —-> 6€ 💎
30568,2026-03-31T12:05:58,photos/photo_28519@31-03-2026_12-05-58.jpg,,https://c.onlyaff.app/7uPb6E,"ADIDAS PureBoost —-> 29€ 💎
11 Colores 🎨"
30569,2026-03-31T12:54:52,photos/photo_28520@31-03-2026_12-54-52.jpg,,https://c.onlyaff.app/7uSloz,"ADIDAS —-> 10€ 💎
Muchos Colores 🎨"
30570,2026-03-31T12:56:30,photos/photo_28521@31-03-2026_12-56-30.jpg,,,"🚨 IMPORTANTE – CAMBIO EN LA PROMO DEL 90% 🚨

Desde ahora, el 90% de descuento en el artículo más caro SOLO dura 72 HORAS desde que te registras ⏳

👉 Si eres nuevo y acabas de entrar en Hacoo:
TIENES SOLO 3 DÍAS para hacer tu primer pedido
❌ Después → pierdes el 90%

💥 Recuerda:
 • Solo válido para usuarios nuevos
 • Con datos nuevos (dirección y teléfono)

🔥 Nuestra recomendación:
Si acabas de registrarte → NO LO DEJES PARA LUEGO
Haz tu pedido cuanto antes y aprovecha el descuento al máximo

🎁 Además, puedes añadir nuestro código:
""SUPER14"" → y tendréis un 14% extra en todo el pedido 🤯"
30571,2026-03-31T13:57:12,photos/photo_28522@31-03-2026_13-57-12.jpg,,https://c.onlyaff.app/7uVfyW,"EMESTUDIOS —-> 37€ 💎
🚨 Se agota muy rápido 💨"
30572,2026-03-31T13:57:12,photos/photo_28523@31-03-2026_13-57-12.jpg,,,
30573,2026-03-31T13:57:12,photos/photo_28524@31-03-2026_13-57-12.jpg,,,
30574,2026-03-31T14:00:04,photos/photo_28525@31-03-2026_14-00-04.jpg,,https://c.onlyaff.app/Kuxk3,"THE NORTH FACE —-> 8€ 💎
También en Negro 🎨"
30575,2026-03-31T14:03:46,photos/photo_28526@31-03-2026_14-03-46.jpg,,https://c.onlyaff.app/7uVwrX,ADIDAS Gazelle —-> 26€ 💎
30576,2026-03-31T14:03:46,photos/photo_28527@31-03-2026_14-03-46.jpg,,,
30577,2026-03-31T14:03:46,photos/photo_28528@31-03-2026_14-03-46.jpg,,,
30578,2026-03-31T14:03:46,photos/photo_28529@31-03-2026_14-03-46.jpg,,,
30579,2026-03-31T14:23:19,photos/photo_28530@31-03-2026_14-23-19.jpg,,https://c.onlyaff.app/7uWnBE,"ALO Runner —-> 32€ 💎
12 Colores 🎨"
30580,2026-03-31T14:23:19,photos/photo_28531@31-03-2026_14-23-19.jpg,,,
30581,2026-03-31T14:23:19,photos/photo_28532@31-03-2026_14-23-19.jpg,,,
30582,2026-03-31T14:23:19,photos/photo_28533@31-03-2026_14-23-19.jpg,,,
30583,2026-03-31T14:23:19,photos/photo_28534@31-03-2026_14-23-19.jpg,,,
30584,2026-03-31T14:23:19,photos/photo_28535@31-03-2026_14-23-19.jpg,,,
30585,2026-03-31T14:23:19,photos/photo_28536@31-03-2026_14-23-19.jpg,,,
30586,2026-03-31T14:53:18,photos/photo_28537@31-03-2026_14-53-18.jpg,,https://c.onlyaff.app/7uXlYm,"POLO RALPH LAUREN —-> 16€ 💎
Muchos Colores 🎨"
30587,2026-03-31T14:53:18,photos/photo_28538@31-03-2026_14-53-18.jpg,,,
30588,2026-03-31T14:53:18,photos/photo_28539@31-03-2026_14-53-18.jpg,,,
30589,2026-03-31T14:53:18,photos/photo_28540@31-03-2026_14-53-18.jpg,,,
30590,2026-03-31T15:44:12,photos/photo_28541@31-03-2026_15-44-12.jpg,,https://c.onlyaff.app/7uZ5MJ,"ADIDAS Superstar II ""Animal Print"" —-> 33€ 💎"
30591,2026-03-31T15:44:12,photos/photo_28542@31-03-2026_15-44-12.jpg,,,
30592,2026-03-31T15:44:12,photos/photo_28543@31-03-2026_15-44-12.jpg,,,
30593,2026-03-31T16:25:12,photos/photo_28544@31-03-2026_16-25-12.jpg,,https://c.onlyaff.app/7v10yg,"MOSCHINO —-> 9€ 💎
12 Modelos 🎨"
30594,2026-03-31T16:26:56,photos/photo_28545@31-03-2026_16-26-56.jpg,,https://c.onlyaff.app/Kv6Ls,AMI PARIS —-> 29€ 💎
30595,2026-03-31T16:26:56,photos/photo_28546@31-03-2026_16-26-56.jpg,,,
30596,2026-03-31T16:26:56,photos/photo_28547@31-03-2026_16-26-56.jpg,,,
30597,2026-03-31T16:26:56,photos/photo_28548@31-03-2026_16-26-56.jpg,,,
30598,2026-03-31T16:26:56,photos/photo_28549@31-03-2026_16-26-56.jpg,,,
30600,2026-03-31T16:28:51,photos/photo_28550@31-03-2026_16-28-51.jpg,,https://c.onlyaff.app/7v1bFB,AMI PARIS —-> 29€ 💎
30601,2026-03-31T16:28:51,photos/photo_28551@31-03-2026_16-28-51.jpg,,,
30602,2026-03-31T16:28:51,photos/photo_28552@31-03-2026_16-28-51.jpg,,,
30603,2026-03-31T16:31:40,photos/photo_28553@31-03-2026_16-31-40.jpg,,https://c.onlyaff.app/7v1p28,"NIKE x STUSSY —-> 8€ 💎
Varios Colores 🎨"
30604,2026-03-31T16:39:12,photos/photo_28554@31-03-2026_16-39-12.jpg,,https://c.onlyaff.app/7v1QiQ,EMESTUDIOS —-> 21€ 💎
30605,2026-03-31T17:15:47,photos/photo_28555@31-03-2026_17-15-47.jpg,,https://c.onlyaff.app/7v31Id,ADIDAS Samba —-> 16€ 💎
30606,2026-03-31T17:15:47,photos/photo_28556@31-03-2026_17-15-47.jpg,,,
30607,2026-03-31T17:15:47,photos/photo_28557@31-03-2026_17-15-47.jpg,,,
30608,2026-03-31T17:15:47,photos/photo_28558@31-03-2026_17-15-47.jpg,,,
30609,2026-03-31T17:15:47,photos/photo_28559@31-03-2026_17-15-47.jpg,,,
30610,2026-03-31T17:40:46,photos/photo_28560@31-03-2026_17-40-46.jpg,,https://c.onlyaff.app/7v3Sw6,"NIKE Mind 001 —-> 24€ 💎
Muchos Colores 🎨
(YepExpress)"
30611,2026-03-31T17:40:46,photos/photo_28561@31-03-2026_17-40-46.jpg,,,
30612,2026-03-31T17:40:46,photos/photo_28562@31-03-2026_17-40-46.jpg,,,
30613,2026-03-31T19:19:01,photos/photo_28563@31-03-2026_19-19-01.jpg,,https://c.onlyaff.app/7va1t3,"BEATS Studio Buds+ —-> 16€ 💎
Varios Colores 🎨"
30614,2026-03-31T19:19:02,photos/photo_28564@31-03-2026_19-19-02.jpg,,,
30615,2026-03-31T19:19:02,photos/photo_28565@31-03-2026_19-19-02.jpg,,,
30616,2026-03-31T19:21:56,photos/photo_28566@31-03-2026_19-21-56.jpg,,https://c.onlyaff.app/7vadrU,"ADIDAS España 26/27 (conjunto) —-> 14€ 20€ 💎
Muchos Dorsales 🎨"
30617,2026-03-31T19:53:05,photos/photo_28567@31-03-2026_19-53-05.jpg,,https://c.onlyaff.app/7vbVef,CARHARTT —-> 16€ 💎
30618,2026-03-31T19:54:54,photos/photo_28568@31-03-2026_19-54-54.jpg,,https://c.onlyaff.app/7vc3by,PATAGONIA (fina) —-> 32€ 💎
30619,2026-03-31T19:56:08,photos/photo_28569@31-03-2026_19-56-08.jpg,,https://c.onlyaff.app/7vcd9u,CARHARTT —-> 32€ 💎
30620,2026-03-31T19:56:09,photos/photo_28570@31-03-2026_19-56-09.jpg,,,
30621,2026-03-31T19:56:09,photos/photo_28571@31-03-2026_19-56-09.jpg,,,
30622,2026-03-31T20:18:47,photos/photo_28572@31-03-2026_20-18-47.jpg,,https://c.onlyaff.app/Kx2ej,"ONITSUKA TIGER Tokuten —-> 23€ 💎
19 Colores 🎨"
30623,2026-03-31T20:18:47,photos/photo_28573@31-03-2026_20-18-47.jpg,,,
30624,2026-03-31T20:18:47,photos/photo_28574@31-03-2026_20-18-47.jpg,,,
30625,2026-03-31T20:18:47,photos/photo_28575@31-03-2026_20-18-47.jpg,,,
30626,2026-03-31T20:18:47,photos/photo_28576@31-03-2026_20-18-47.jpg,,,
30627,2026-03-31T20:18:47,photos/photo_28577@31-03-2026_20-18-47.jpg,,,
30628,2026-03-31T20:18:47,photos/photo_28578@31-03-2026_20-18-47.jpg,,,
30629,2026-03-31T20:18:47,photos/photo_28579@31-03-2026_20-18-47.jpg,,,
30630,2026-03-31T20:18:47,photos/photo_28580@31-03-2026_20-18-47.jpg,,,
30631,2026-03-31T20:44:46,photos/photo_28581@31-03-2026_20-44-46.jpg,,https://c.onlyaff.app/7vurIE,"POLO RALPH LAUREN (pack 3) —-> 13€ 💎
Varios Colores 🎨"
30632,2026-03-31T21:06:58,photos/photo_28582@31-03-2026_21-06-58.jpg,,https://c.onlyaff.app/KyyQO,"YEEZY Slide —-> 18€ 💎
Muchos Colores 🎨
Hasta la talla 48 🆙"
30633,2026-03-31T21:06:58,photos/photo_28583@31-03-2026_21-06-58.jpg,,,
30634,2026-03-31T21:06:58,photos/photo_28584@31-03-2026_21-06-58.jpg,,,
30635,2026-03-31T21:06:58,photos/photo_28585@31-03-2026_21-06-58.jpg,,,
30636,2026-03-31T21:06:58,photos/photo_28586@31-03-2026_21-06-58.jpg,,,
30637,2026-03-31T22:07:45,photos/photo_28587@31-03-2026_22-07-45.jpg,,https://c.onlyaff.app/7vCB8d,AMIRI —-> 18€ 💎
30638,2026-03-31T22:07:45,photos/photo_28588@31-03-2026_22-07-45.jpg,,,
30639,2026-03-31T22:07:46,photos/photo_28589@31-03-2026_22-07-46.jpg,,,
30640,2026-03-31T22:43:43,photos/photo_28590@31-03-2026_22-43-43.jpg,,https://c.onlyaff.app/7vEaFv,ESSENTIALS x FEAR OF GOD —-> 18€ 💎
30641,2026-03-31T22:47:06,photos/photo_28591@31-03-2026_22-47-06.jpg,,https://c.onlyaff.app/7vEfkH,CORTEIZ —-> 23€ 💎
30642,2026-03-31T22:47:06,photos/photo_28592@31-03-2026_22-47-06.jpg,,,
30643,2026-03-31T22:47:06,photos/photo_28593@31-03-2026_22-47-06.jpg,,,
30644,2026-03-31T22:48:59,photos/photo_28594@31-03-2026_22-48-59.jpg,,https://c.onlyaff.app/7vEiX5,AMI PARIS —-> 37€ 💎
30645,2026-03-31T22:54:22,photos/photo_28595@31-03-2026_22-54-22.jpg,,https://c.onlyaff.app/7vEqVa,"UGG Tazz II —-> 20€ 💎
Varios Colores 🎨"
30646,2026-03-31T22:57:25,photos/photo_28596@31-03-2026_22-57-25.jpg,,https://c.onlyaff.app/7vEwF3,"ADIDAS Campus —-> 21€ 💎
17 Colores 🎨"
30647,2026-03-31T22:57:25,photos/photo_28597@31-03-2026_22-57-25.jpg,,,
30648,2026-03-31T22:57:25,photos/photo_28598@31-03-2026_22-57-25.jpg,,,
30649,2026-03-31T22:57:25,photos/photo_28599@31-03-2026_22-57-25.jpg,,,
30650,2026-03-31T22:57:25,photos/photo_28600@31-03-2026_22-57-25.jpg,,,
30651,2026-03-31T22:57:25,photos/photo_28601@31-03-2026_22-57-25.jpg,,,
30652,2026-03-31T22:57:25,photos/photo_28602@31-03-2026_22-57-25.jpg,,,
30653,2026-03-31T22:57:25,photos/photo_28603@31-03-2026_22-57-25.jpg,,,
30654,2026-03-31T22:57:25,photos/photo_28604@31-03-2026_22-57-25.jpg,,,
30656,2026-04-01T09:43:20,photos/photo_28605@01-04-2026_09-43-20.jpg,,https://c.onlyaff.app/7vOEsY,ADIDAS SL72 RS —-> 34€ 💎
30657,2026-04-01T09:43:20,photos/photo_28606@01-04-2026_09-43-20.jpg,,,
30658,2026-04-01T09:43:20,photos/photo_28607@01-04-2026_09-43-20.jpg,,,
30659,2026-04-01T09:43:20,photos/photo_28608@01-04-2026_09-43-20.jpg,,,
30660,2026-04-01T09:43:20,photos/photo_28609@01-04-2026_09-43-20.jpg,,,
30661,2026-04-01T09:43:20,photos/photo_28610@01-04-2026_09-43-20.jpg,,,
30662,2026-04-01T09:43:20,photos/photo_28611@01-04-2026_09-43-20.jpg,,,
30663,2026-04-01T09:43:20,photos/photo_28612@01-04-2026_09-43-20.jpg,,,
30664,2026-04-01T12:19:12,photos/photo_28613@01-04-2026_12-19-12.jpg,,https://c.onlyaff.app/7wf1eS,"ADIDAS Sambae —-> 27€ 💎
18 Colores 🎨"
30665,2026-04-01T12:19:12,photos/photo_28614@01-04-2026_12-19-12.jpg,,,
30666,2026-04-01T12:19:12,photos/photo_28615@01-04-2026_12-19-12.jpg,,,
30667,2026-04-01T12:19:12,photos/photo_28616@01-04-2026_12-19-12.jpg,,,
30668,2026-04-01T12:19:13,photos/photo_28617@01-04-2026_12-19-13.jpg,,,
30669,2026-04-01T12:19:13,photos/photo_28618@01-04-2026_12-19-13.jpg,,,
30670,2026-04-01T12:19:13,photos/photo_28619@01-04-2026_12-19-13.jpg,,,
30671,2026-04-01T12:19:13,photos/photo_28620@01-04-2026_12-19-13.jpg,,,
30672,2026-04-01T12:46:35,photos/photo_28621@01-04-2026_12-46-35.jpg,,https://c.onlyaff.app/KCO4Q,"NUEDE PROJECT —-> 11€ 💎
Varios Colores 🎨"
30673,2026-04-01T13:49:08,photos/photo_28622@01-04-2026_13-49-08.jpg,,https://c.onlyaff.app/7wj0xR,CARHARTT —-> 7€ 💎
30674,2026-04-01T13:59:02,photos/photo_28623@01-04-2026_13-59-02.jpg,,https://c.onlyaff.app/7wjqI3,"UNDER ARMOUR —-> 10€ 💎
Muchos Colores 🎨"
30675,2026-04-01T14:54:23,photos/photo_28624@01-04-2026_14-54-23.jpg,,https://c.onlyaff.app/KDssu,AUTRY Reelwind —-> 45€ 💎
30676,2026-04-01T14:54:23,photos/photo_28625@01-04-2026_14-54-23.jpg,,,
30677,2026-04-01T14:54:24,photos/photo_28626@01-04-2026_14-54-24.jpg,,,
30678,2026-04-01T14:54:24,photos/photo_28627@01-04-2026_14-54-24.jpg,,,
30679,2026-04-01T14:54:24,photos/photo_28628@01-04-2026_14-54-24.jpg,,,
30680,2026-04-01T14:59:41,photos/photo_28629@01-04-2026_14-59-41.jpg,,https://c.onlyaff.app/7wmQQ6,ADIDAS BadBo x BAD BUNNY —-> 31€ 💎
30681,2026-04-01T14:59:41,photos/photo_28630@01-04-2026_14-59-41.jpg,,,
30682,2026-04-01T14:59:41,photos/photo_28631@01-04-2026_14-59-41.jpg,,,
30684,2026-04-01T14:59:41,photos/photo_28632@01-04-2026_14-59-41.jpg,,,
30685,2026-04-01T15:06:31,photos/photo_28633@01-04-2026_15-06-31.jpg,,https://c.onlyaff.app/7wn5xF,NEW ERA —-> 6€ 💎
30686,2026-04-01T15:06:31,photos/photo_28634@01-04-2026_15-06-31.jpg,,,
30687,2026-04-01T15:06:31,photos/photo_28635@01-04-2026_15-06-31.jpg,,,
30688,2026-04-01T15:09:24,photos/photo_28636@01-04-2026_15-09-24.jpg,,https://c.onlyaff.app/7wndbo,"POLO RALPH LAUREN —-> 10€ 💎
También Camisetas 🎨"
30689,2026-04-01T16:21:03,photos/photo_28637@01-04-2026_16-21-03.jpg,,https://c.onlyaff.app/KDQJl,ADIDAS Adimule —-> 30€ 💎
30690,2026-04-01T16:32:45,photos/photo_28638@01-04-2026_16-32-45.jpg,,https://c.onlyaff.app/7wr2wB,"ADIDAS Samba ""Pingskin"" —-> 23€ 💎"
30691,2026-04-01T17:46:39,photos/photo_28639@01-04-2026_17-46-39.jpg,,https://c.onlyaff.app/7wujmX,"ASICS Gel Quantum 360 —-> 38€ 💎
11 Colores 🎨"
30692,2026-04-01T17:46:39,photos/photo_28640@01-04-2026_17-46-39.jpg,,,
30693,2026-04-01T17:46:39,photos/photo_28641@01-04-2026_17-46-39.jpg,,,
30694,2026-04-01T17:46:39,photos/photo_28642@01-04-2026_17-46-39.jpg,,,
30695,2026-04-01T17:46:39,photos/photo_28643@01-04-2026_17-46-39.jpg,,,
30696,2026-04-01T17:46:39,photos/photo_28644@01-04-2026_17-46-39.jpg,,,
30697,2026-04-01T17:46:39,photos/photo_28645@01-04-2026_17-46-39.jpg,,,
30698,2026-04-01T17:46:39,photos/photo_28646@01-04-2026_17-46-39.jpg,,,
30699,2026-04-01T17:46:39,photos/photo_28647@01-04-2026_17-46-39.jpg,,,
30700,2026-04-01T19:30:55,photos/photo_28648@01-04-2026_19-30-55.jpg,,https://c.onlyaff.app/7wz0Nu,GALLERY DEPT —-> 21€ 💎
30701,2026-04-01T19:30:55,photos/photo_28649@01-04-2026_19-30-55.jpg,,,
30702,2026-04-01T19:30:55,photos/photo_28650@01-04-2026_19-30-55.jpg,,,
30703,2026-04-01T20:37:31,photos/photo_28651@01-04-2026_20-37-31.jpg,,https://c.onlyaff.app/7wPgoo,"ADIDAS Samba OG ""Snake Print"" —-> 25€ 💎"
30704,2026-04-01T20:37:31,photos/photo_28652@01-04-2026_20-37-31.jpg,,,
30705,2026-04-01T20:37:31,photos/photo_28653@01-04-2026_20-37-31.jpg,,,
30706,2026-04-01T20:37:31,photos/photo_28654@01-04-2026_20-37-31.jpg,,,
30707,2026-04-01T21:11:43,photos/photo_28655@01-04-2026_21-11-43.jpg,,https://c.onlyaff.app/7wXsFs,CORTEIZ —-> 24€ 💎
30708,2026-04-01T21:11:43,photos/photo_28656@01-04-2026_21-11-43.jpg,,,
30709,2026-04-01T21:11:43,photos/photo_28657@01-04-2026_21-11-43.jpg,,,
30710,2026-04-01T21:11:43,photos/photo_28658@01-04-2026_21-11-43.jpg,,,
30711,2026-04-01T21:25:40,photos/photo_28659@01-04-2026_21-25-40.jpg,,https://c.onlyaff.app/7wZ5Ke,"POLO RALPH LAUREN —-> 15€ 💎
Muchos Colores 🎨"
30712,2026-04-01T21:29:33,photos/photo_28660@01-04-2026_21-29-33.jpg,,https://c.onlyaff.app/7wZhf7,"NIKE Tech (chándal completo) —-> 62€ 💎
🚨 Se agota MUY rápido 💨 
⚠️ Con nuestra promo del 90% os queda en menos de 7€ 🎁"
30713,2026-04-01T21:32:08,photos/photo_28661@01-04-2026_21-32-08.jpg,,https://c.onlyaff.app/7wZo0d,"ON CLOUD Monster 2 —-> 45€ 💎
11 Colores 🎨"
30714,2026-04-01T22:30:32,photos/photo_28662@01-04-2026_22-30-32.jpg,,https://c.onlyaff.app/7x2Au5,"ADIDAS Terrex Daroga —-> 24€ 💎
Varios Colores 🎨"
30715,2026-04-01T22:30:32,photos/photo_28663@01-04-2026_22-30-32.jpg,,,
30716,2026-04-01T22:30:32,photos/photo_28664@01-04-2026_22-30-32.jpg,,,
30717,2026-04-01T22:30:32,photos/photo_28665@01-04-2026_22-30-32.jpg,,,
30718,2026-04-01T22:30:32,photos/photo_28666@01-04-2026_22-30-32.jpg,,,
30719,2026-04-01T22:32:16,photos/photo_28667@01-04-2026_22-32-16.jpg,,https://c.onlyaff.app/6GuB4C,POLO RALPH LAUREN —-> 15€ 💎
30720,2026-04-01T22:35:12,photos/photo_28668@01-04-2026_22-35-12.jpg,,https://c.onlyaff.app/7x2JFr,"ADIDAS Spezial ""Wonder White Black"" —-> 24€ 💎"
30721,2026-04-01T22:35:12,photos/photo_28669@01-04-2026_22-35-12.jpg,,,
30722,2026-04-01T22:35:12,photos/photo_28670@01-04-2026_22-35-12.jpg,,,
30724,2026-04-02T08:36:01,photos/photo_28671@02-04-2026_08-36-01.jpg,,https://c.onlyaff.app/KHWbM,BLUE BANANA —-> 10€ 💎
30725,2026-04-02T08:37:01,photos/photo_28672@02-04-2026_08-37-01.jpg,,https://c.onlyaff.app/7x5pIa,HOODRICH (chándal completo) —-> 39€ 💎
30726,2026-04-02T08:38:01,photos/photo_28673@02-04-2026_08-38-01.jpg,,https://c.onlyaff.app/7x5uCu,GANT —-> 20€ 💎
30727,2026-04-02T08:40:12,photos/photo_28674@02-04-2026_08-40-12.jpg,,https://c.onlyaff.app/7x5xAZ,BAPE —-> 10€ 💎
30728,2026-04-02T08:41:57,photos/photo_28675@02-04-2026_08-41-57.jpg,,https://c.onlyaff.app/7x5yCs,"ADIDAS Supernova —-> 34€ 💎
11 Colores 🎨"
30729,2026-04-02T08:41:57,photos/photo_28676@02-04-2026_08-41-57.jpg,,,
30730,2026-04-02T08:41:57,photos/photo_28677@02-04-2026_08-41-57.jpg,,,
30731,2026-04-02T08:41:57,photos/photo_28678@02-04-2026_08-41-57.jpg,,,
30732,2026-04-02T09:36:01,photos/photo_28679@02-04-2026_09-36-01.jpg,,https://c.onlyaff.app/7x5zA2,"Gafas con IA, Audio y Cámara (estilo RayBan Meta) —-> 60€ 💎
Varias Lentes 🎨"
30733,2026-04-02T09:37:01,photos/photo_28680@02-04-2026_09-37-01.jpg,,https://c.onlyaff.app/7x5IJt,CARHARTT —-> 31€ 💎
30734,2026-04-02T09:52:01,photos/photo_28681@02-04-2026_09-52-01.jpg,,https://c.onlyaff.app/4FB2L,POLO RALPH LAUREN —-> 15€ 💎
30735,2026-04-02T09:54:01,photos/photo_28682@02-04-2026_09-54-01.jpg,,https://c.onlyaff.app/7x5N1e,CARHARTT —-> 24€ 💎
30736,2026-04-02T09:56:01,photos/photo_28683@02-04-2026_09-56-01.jpg,,https://c.onlyaff.app/7x5OLM,CARHARTT —-> 25€ 💎
30737,2026-04-02T09:56:01,photos/photo_28684@02-04-2026_09-56-01.jpg,,,
30738,2026-04-02T09:56:01,photos/photo_28685@02-04-2026_09-56-01.jpg,,,
30739,2026-04-02T09:58:01,photos/photo_28686@02-04-2026_09-58-01.jpg,,https://c.onlyaff.app/4FB6I,ADIDAS Forum x El Grinch —-> 27€ 💎
30740,2026-04-02T09:58:01,photos/photo_28687@02-04-2026_09-58-01.jpg,,,
30741,2026-04-02T09:58:01,photos/photo_28688@02-04-2026_09-58-01.jpg,,,
30742,2026-04-02T09:58:01,photos/photo_28689@02-04-2026_09-58-01.jpg,,,
30743,2026-04-02T09:58:01,photos/photo_28690@02-04-2026_09-58-01.jpg,,,
30744,2026-04-02T10:01:01,photos/photo_28691@02-04-2026_10-01-01.jpg,,https://c.onlyaff.app/7x5Ted,"NIKE Initiator —-> 28€ 💎
18 Colores 🎨
(YepExpress)"
30745,2026-04-02T10:01:01,photos/photo_28692@02-04-2026_10-01-01.jpg,,,
30746,2026-04-02T10:01:01,photos/photo_28693@02-04-2026_10-01-01.jpg,,,
30747,2026-04-02T10:01:01,photos/photo_28694@02-04-2026_10-01-01.jpg,,,
30748,2026-04-02T10:01:01,photos/photo_28695@02-04-2026_10-01-01.jpg,,,
30749,2026-04-02T10:01:01,photos/photo_28696@02-04-2026_10-01-01.jpg,,,
30750,2026-04-02T10:01:01,photos/photo_28697@02-04-2026_10-01-01.jpg,,,
30751,2026-04-02T10:01:01,photos/photo_28698@02-04-2026_10-01-01.jpg,,,
30752,2026-04-02T10:01:01,photos/photo_28699@02-04-2026_10-01-01.jpg,,,
30753,2026-04-02T10:01:01,photos/photo_28700@02-04-2026_10-01-01.jpg,,,
30754,2026-04-02T10:24:01,photos/photo_28701@02-04-2026_10-24-01.jpg,,https://c.onlyaff.app/7x5Vuk,"BAPE Sta —-> 30€ 💎
13 Colores 🎨"
30755,2026-04-02T10:40:13,photos/photo_28702@02-04-2026_10-40-13.jpg,,https://c.onlyaff.app/7x5WRy,"Cafetera Portátil (con molinillo) —-> 84€ 💎
Acepta 2 tipos de cápsulas y café en grano ✅
🚨 Ideal para usar nuestra promoción del 90% ☺️"
30756,2026-04-02T10:44:01,photos/photo_28703@02-04-2026_10-44-01.jpg,,https://c.onlyaff.app/7x5Yqh,"ADIDAS —-> 11€ 💎
Varios Colores 🎨"
30757,2026-04-02T10:56:01,photos/photo_28704@02-04-2026_10-56-01.jpg,,https://c.onlyaff.app/7x61Nh,"APPLE Funda MagSafe —-> 7€ 💎
Para todos los IPhone 17 📱
Muy recomendadas ✅
(Fotos realizadas por mi) 📸"
30758,2026-04-02T10:56:01,photos/photo_28705@02-04-2026_10-56-01.jpg,,,
30759,2026-04-02T10:56:01,photos/photo_28706@02-04-2026_10-56-01.jpg,,,
30760,2026-04-02T11:02:01,photos/photo_28707@02-04-2026_11-02-01.jpg,,https://c.onlyaff.app/KI0rp,ADIDAS Adizero Adios PRO3 —-> 32€ 💎
30761,2026-04-02T11:02:01,photos/photo_28708@02-04-2026_11-02-01.jpg,,,
30762,2026-04-02T11:02:01,photos/photo_28709@02-04-2026_11-02-01.jpg,,,
30763,2026-04-02T11:36:01,photos/photo_28710@02-04-2026_11-36-01.jpg,,https://c.onlyaff.app/7x66zP,"ADIDAS Samba y Spezial —-> 22€ 💎
Nuevos Colores 🎨"
30764,2026-04-02T11:36:01,photos/photo_28711@02-04-2026_11-36-01.jpg,,,
30765,2026-04-02T11:36:01,photos/photo_28712@02-04-2026_11-36-01.jpg,,,
30766,2026-04-02T11:36:01,photos/photo_28713@02-04-2026_11-36-01.jpg,,,
30767,2026-04-02T11:36:01,photos/photo_28714@02-04-2026_11-36-01.jpg,,,
30768,2026-04-02T11:36:01,photos/photo_28715@02-04-2026_11-36-01.jpg,,,
30769,2026-04-02T11:36:01,photos/photo_28716@02-04-2026_11-36-01.jpg,,,
30770,2026-04-02T11:36:01,photos/photo_28717@02-04-2026_11-36-01.jpg,,,
30771,2026-04-02T11:38:01,photos/photo_28718@02-04-2026_11-38-01.jpg,,https://c.onlyaff.app/7x6k0e,"PAD 7 (tablet) —-> 124€ 💎
🚨 Perfecta para que aprovechéis nuestra promo del 90% 🎁"
30772,2026-04-02T11:40:14,photos/photo_28719@02-04-2026_11-40-14.jpg,,https://c.onlyaff.app/7x6jHv,"ADIDAS —-> 25€ 💎
Varios Colores 🎨"
30773,2026-04-02T11:50:16,photos/photo_28720@02-04-2026_11-50-16.jpg,,https://c.onlyaff.app/7x6kcl,"ADIDAS Samba ""Animal Pack"" —-> 21€ 💎"
30774,2026-04-02T11:50:16,photos/photo_28721@02-04-2026_11-50-16.jpg,,,
30775,2026-04-02T11:50:16,photos/photo_28722@02-04-2026_11-50-16.jpg,,,
30776,2026-04-02T11:52:01,photos/photo_28723@02-04-2026_11-52-01.jpg,,https://c.onlyaff.app/KI22f,"POLO RALPH LAUREN —-> 20€ 💎
También en Gris 🎨"
30777,2026-04-02T12:03:01,photos/photo_28724@02-04-2026_12-03-01.jpg,,https://c.onlyaff.app/7x6kMR,"ADIDAS Gazelle Bold —-> 22€ 💎
12 Colores 🎨"
30778,2026-04-02T13:08:10,photos/photo_28725@02-04-2026_13-08-10.jpg,,https://c.onlyaff.app/7xG2VX,"HELLSTAR —-> 25€ 💎
21 Modelos Diferentes 🎨"
30779,2026-04-02T13:09:45,photos/photo_28726@02-04-2026_13-09-45.jpg,,https://c.onlyaff.app/7xG8hA,CORTEIZ —-> 34€ 💎
30780,2026-04-02T13:11:18,photos/photo_28727@02-04-2026_13-11-18.jpg,,https://c.onlyaff.app/7xGcC4,"CORTEIZ —-> 27€ 💎
30 Modelos Diferentes 🎨"
30784,2026-04-02T13:13:01,photos/photo_28728@02-04-2026_13-13-01.jpg,,https://c.onlyaff.app/7xGhOd,"APPLE AirPods Pro2 —-> 14€ 💎
Artículo muy recomendado ✅
(Fotos realizadas por mi) 📸"
30785,2026-04-02T13:13:01,photos/photo_28729@02-04-2026_13-13-01.jpg,,,
30786,2026-04-02T13:13:01,photos/photo_28730@02-04-2026_13-13-01.jpg,,,
30787,2026-04-02T13:31:11,photos/photo_28731@02-04-2026_13-31-11.jpg,,https://c.onlyaff.app/7xH6TQ,"ASICS Gel NYC —-> 25€ 💎
15 Colores 🎨"
30788,2026-04-02T13:31:11,photos/photo_28732@02-04-2026_13-31-11.jpg,,,
30789,2026-04-02T13:31:11,photos/photo_28733@02-04-2026_13-31-11.jpg,,,
30790,2026-04-02T13:31:11,photos/photo_28734@02-04-2026_13-31-11.jpg,,,
30791,2026-04-02T13:31:11,photos/photo_28735@02-04-2026_13-31-11.jpg,,,
30792,2026-04-02T13:31:11,photos/photo_28736@02-04-2026_13-31-11.jpg,,,
30793,2026-04-02T13:31:11,photos/photo_28737@02-04-2026_13-31-11.jpg,,,
30794,2026-04-02T13:31:11,photos/photo_28738@02-04-2026_13-31-11.jpg,,,
30795,2026-04-02T15:12:40,photos/photo_28739@02-04-2026_15-12-40.jpg,,https://c.onlyaff.app/7xLUK6,POLO RALPH LAUREN —-> 23€ 💎
30796,2026-04-02T16:44:23,photos/photo_28740@02-04-2026_16-44-23.jpg,,https://c.onlyaff.app/7xPIZG,ALEXANDER MCQUEEN —-> 26€ 💎
30797,2026-04-02T16:44:23,photos/photo_28741@02-04-2026_16-44-23.jpg,,,
30798,2026-04-02T16:44:23,photos/photo_28742@02-04-2026_16-44-23.jpg,,,
30799,2026-04-02T18:22:54,photos/photo_28743@02-04-2026_18-22-54.jpg,,https://c.onlyaff.app/7xVdZp,PALM ANGELS (conjunto) —-> 9€ 13€ 💎
30800,2026-04-02T18:25:43,photos/photo_28744@02-04-2026_18-25-43.jpg,,https://c.onlyaff.app/7xVmmC,"CROCS x CARS —-> 18€ 💎
Varios Colores 🎨
🚨 Se agotan muy rápido 💨"
30801,2026-04-02T18:28:27,photos/photo_28745@02-04-2026_18-28-27.jpg,,https://c.onlyaff.app/7xVqpk,VEJA Volley —-> 27€ 💎
30802,2026-04-02T18:28:27,photos/photo_28746@02-04-2026_18-28-27.jpg,,,
30803,2026-04-02T18:28:27,photos/photo_28747@02-04-2026_18-28-27.jpg,,,
30804,2026-04-02T18:28:27,photos/photo_28748@02-04-2026_18-28-27.jpg,,,
30805,2026-04-02T18:28:27,photos/photo_28749@02-04-2026_18-28-27.jpg,,,
30806,2026-04-02T18:28:27,photos/photo_28750@02-04-2026_18-28-27.jpg,,,
30807,2026-04-02T18:28:27,photos/photo_28751@02-04-2026_18-28-27.jpg,,,
30808,2026-04-02T18:28:27,photos/photo_28752@02-04-2026_18-28-27.jpg,,,
30809,2026-04-02T18:28:27,photos/photo_28753@02-04-2026_18-28-27.jpg,,,
30810,2026-04-02T19:25:03,photos/photo_28754@02-04-2026_19-25-03.jpg,,https://c.onlyaff.app/7xXKP6,GUESS —-> 22€ 💎
30811,2026-04-02T19:47:46,photos/photo_28755@02-04-2026_19-47-46.jpg,,https://c.onlyaff.app/7xYKL1,MARSHALL —-> 67€ 💎
30812,2026-04-02T19:49:14,photos/photo_28756@02-04-2026_19-49-14.jpg,,https://c.onlyaff.app/7xYNbk,"SYNA —-> 29€ 💎
También en Negro 🎨"
30813,2026-04-02T19:49:14,photos/photo_28757@02-04-2026_19-49-14.jpg,,,
30814,2026-04-02T19:49:15,photos/photo_28758@02-04-2026_19-49-15.jpg,,,
30815,2026-04-02T20:05:57,photos/photo_28759@02-04-2026_20-05-57.jpg,,https://c.onlyaff.app/7y0T83,"NIKE Air Max TN Plus —-> 33€ 💎
10 Colores 🎨
(YepExpress)"
30816,2026-04-02T20:05:57,photos/photo_28760@02-04-2026_20-05-57.jpg,,,
30817,2026-04-02T20:05:57,photos/photo_28761@02-04-2026_20-05-57.jpg,,,
30818,2026-04-02T20:05:57,photos/photo_28762@02-04-2026_20-05-57.jpg,,,
30819,2026-04-02T20:05:57,photos/photo_28763@02-04-2026_20-05-57.jpg,,,
30820,2026-04-02T20:05:57,photos/photo_28764@02-04-2026_20-05-57.jpg,,,
30821,2026-04-02T20:05:57,photos/photo_28765@02-04-2026_20-05-57.jpg,,,
30822,2026-04-02T20:05:57,photos/photo_28766@02-04-2026_20-05-57.jpg,,,
30823,2026-04-02T20:05:57,photos/photo_28767@02-04-2026_20-05-57.jpg,,,
30824,2026-04-02T20:48:08,photos/photo_28768@02-04-2026_20-48-08.jpg,,https://c.onlyaff.app/7yhXhk,STUSSY —-> 25€ 💎
30825,2026-04-02T21:13:06,photos/photo_28769@02-04-2026_21-13-06.jpg,,https://c.onlyaff.app/7ylPqi,"POLO RALPH LAUREN —-> 25€ 💎
Muchos Colores 🎨"
30826,2026-04-02T21:14:29,photos/photo_28770@02-04-2026_21-14-29.jpg,,https://c.onlyaff.app/7ylXna,ADIDAS —-> 28€ 💎
30827,2026-04-02T21:41:56,photos/photo_28771@02-04-2026_21-41-56.jpg,,https://c.onlyaff.app/7ynMXz,"MONCLER —-> 34€ 💎
Varios Colores 🎨"
30828,2026-04-02T22:15:34,photos/photo_28772@02-04-2026_22-15-34.jpg,,https://c.onlyaff.app/7yqjO8,"ASICS NovaBlast 5 —-> 27€ 💎
Muchos Colores 🎨"
30830,2026-04-03T08:36:01,photos/photo_28773@03-04-2026_08-36-01.jpg,,https://c.onlyaff.app/7yr99W,CP COMPANY —-> 18€ 💎
30831,2026-04-03T08:38:01,photos/photo_28774@03-04-2026_08-38-01.jpg,,https://c.onlyaff.app/7yrak4,CARHARTT (conjunto) —-> 18€ 💎
30832,2026-04-03T09:10:15,photos/photo_28775@03-04-2026_09-10-15.jpg,,https://c.onlyaff.app/7yrcmO,ADIDAS —-> 14€ 💎
30833,2026-04-03T09:11:01,photos/photo_28776@03-04-2026_09-11-01.jpg,,https://c.onlyaff.app/7yrf8u,ADIDAS Samba LT —-> 23€ 💎
30834,2026-04-03T09:11:01,photos/photo_28777@03-04-2026_09-11-01.jpg,,,
30835,2026-04-03T09:11:01,photos/photo_28778@03-04-2026_09-11-01.jpg,,,
30836,2026-04-03T09:38:01,photos/photo_28779@03-04-2026_09-38-01.jpg,,https://c.onlyaff.app/7yrhTO,"THE NORTH FACE —-> 48€ 💎
Varios Colores 🎨"
30837,2026-04-03T09:56:01,photos/photo_28780@03-04-2026_09-56-01.jpg,,https://c.onlyaff.app/7yronG,"NIKE Cortez —-> 22€ 💎
Muchos Colores 🎨
(YepExpress)"
30838,2026-04-03T09:56:01,photos/photo_28781@03-04-2026_09-56-01.jpg,,,
30839,2026-04-03T09:56:01,photos/photo_28782@03-04-2026_09-56-01.jpg,,,
30840,2026-04-03T09:56:01,photos/photo_28783@03-04-2026_09-56-01.jpg,,,
30841,2026-04-03T09:56:01,photos/photo_28784@03-04-2026_09-56-01.jpg,,,
30842,2026-04-03T09:56:01,photos/photo_28785@03-04-2026_09-56-01.jpg,,,
30843,2026-04-03T09:56:01,photos/photo_28786@03-04-2026_09-56-01.jpg,,,
30844,2026-04-03T10:11:01,photos/photo_28787@03-04-2026_10-11-01.jpg,,https://c.onlyaff.app/4GqVN,POLO RALPH LAUREN —-> 41€ 💎
30845,2026-04-03T10:12:01,photos/photo_28788@03-04-2026_10-12-01.jpg,,https://c.onlyaff.app/7yrsxv,CARHARTT —-> 24€ 💎
30846,2026-04-03T10:14:01,photos/photo_28789@03-04-2026_10-14-01.jpg,,https://c.onlyaff.app/7yrtKH,"CARHARTT —-> 8€ 💎
Varios Colores 🎨"
30847,2026-04-03T10:16:01,photos/photo_28790@03-04-2026_10-16-01.jpg,,https://c.onlyaff.app/7yrwO4,"AMI PARIS —-> 22€ 💎
Varios Colores 🎨"
30848,2026-04-03T10:32:01,photos/photo_28791@03-04-2026_10-32-01.jpg,,https://c.onlyaff.app/7yrywE,ADIDAS —-> 12€ 💎
30849,2026-04-03T10:32:01,photos/photo_28792@03-04-2026_10-32-01.jpg,,,
30850,2026-04-03T10:32:01,photos/photo_28793@03-04-2026_10-32-01.jpg,,,
30851,2026-04-03T10:33:43,photos/photo_28794@03-04-2026_10-33-43.jpg,,https://c.onlyaff.app/7yrAek,FOX —-> 8€ 💎
30852,2026-04-03T10:54:01,photos/photo_28795@03-04-2026_10-54-01.jpg,,https://c.onlyaff.app/7yrBz5,"NIKE Air Jordan 4 —-> 33€
Muchos Colores 🎨
(YepExpress)"
30853,2026-04-03T10:54:01,photos/photo_28796@03-04-2026_10-54-01.jpg,,,
30854,2026-04-03T10:54:01,photos/photo_28797@03-04-2026_10-54-01.jpg,,,
30855,2026-04-03T10:54:01,photos/photo_28798@03-04-2026_10-54-01.jpg,,,
30856,2026-04-03T10:54:01,photos/photo_28799@03-04-2026_10-54-01.jpg,,,
30857,2026-04-03T10:54:01,photos/photo_28800@03-04-2026_10-54-01.jpg,,,
30858,2026-04-03T10:54:01,photos/photo_28801@03-04-2026_10-54-01.jpg,,,
30859,2026-04-03T10:54:01,photos/photo_28802@03-04-2026_10-54-01.jpg,,,
30860,2026-04-03T11:02:01,photos/photo_28803@03-04-2026_11-02-01.jpg,,https://c.onlyaff.app/KQnbE,"ADIDAS Spezial ""pana"" —-> 20€ 💎
Muchos Colores 🎨"
30861,2026-04-03T11:02:01,photos/photo_28804@03-04-2026_11-02-01.jpg,,,
30862,2026-04-03T11:02:01,photos/photo_28805@03-04-2026_11-02-01.jpg,,,
30863,2026-04-03T11:05:02,photos/photo_28806@03-04-2026_11-05-02.jpg,,https://c.onlyaff.app/7yrGMK,GUESS (2 Bolsos) —-> 28€ 💎
30864,2026-04-03T11:05:02,photos/photo_28807@03-04-2026_11-05-02.jpg,,,
30865,2026-04-03T11:05:02,photos/photo_28808@03-04-2026_11-05-02.jpg,,,
30866,2026-04-03T11:05:02,photos/photo_28809@03-04-2026_11-05-02.jpg,,,
30867,2026-04-03T11:05:02,photos/photo_28810@03-04-2026_11-05-02.jpg,,,
30868,2026-04-03T11:12:01,photos/photo_28811@03-04-2026_11-12-01.jpg,,https://c.onlyaff.app/7yrLWy,"ALO (camiseta + pantalón) —-> 14€ 💎
Varios Colores 🎨"
30869,2026-04-03T11:14:01,photos/photo_28812@03-04-2026_11-14-01.jpg,,https://c.onlyaff.app/7yrQl5,"POLO RALPH LAUREN —-> 10€ 💎
Muchos Colores 🎨"
30870,2026-04-03T11:22:01,photos/photo_28813@03-04-2026_11-22-01.jpg,,https://c.onlyaff.app/7yrXKm,DR MARTENS —-> 37€ 💎
30871,2026-04-03T11:22:41,photos/photo_28814@03-04-2026_11-22-41.jpg,,https://c.onlyaff.app/KQpp6,"ADIDAS Samba OG —-> 30€ 💎
Varios Colores 🎨"
30872,2026-04-03T13:13:46,photos/photo_28815@03-04-2026_13-13-46.jpg,,https://c.onlyaff.app/7z8fMX,"CARHARTT —-> 36€ 💎
Varios Colores 🎨"
30873,2026-04-03T15:28:48,photos/photo_28816@03-04-2026_15-28-48.jpg,,https://c.onlyaff.app/7ze2WP,"CARHARTT —-> 17€ 💎
Muchos Colores 🎨"
30874,2026-04-03T15:50:20,photos/photo_28817@03-04-2026_15-50-20.jpg,,https://c.onlyaff.app/7zeQHb,"ESSENTIALS (conjunto) —-> 36€ 💎
Varios Colores 🎨"
30875,2026-04-03T17:00:44,photos/photo_28818@03-04-2026_17-00-44.jpg,,https://c.onlyaff.app/7zhv6u,"NIKE Mind 001 x FRAGMENT —-> 27€ 💎
Nuevo Color 🎨
(YepExpress)"
30876,2026-04-03T18:18:01,photos/photo_28819@03-04-2026_18-18-01.jpg,,https://c.onlyaff.app/7zk3UZ,"ALO (conjunto) —-> 20€ 💎
Muchos Colores 🎨"
30877,2026-04-03T19:07:50,photos/photo_28820@03-04-2026_19-07-50.jpg,,https://c.onlyaff.app/7zmyOv,THE NORTH FACE —-> 7€ 💎
30878,2026-04-03T19:10:26,photos/photo_28821@03-04-2026_19-10-26.jpg,,https://c.onlyaff.app/7zmLGL,AMIRI —-> 26€ 💎
30879,2026-04-03T19:12:29,photos/photo_28822@03-04-2026_19-12-29.jpg,,https://c.onlyaff.app/7zmOJY,"CORTEIZ —-> 32€ 💎
Varios Colores 🎨"
30880,2026-04-03T19:14:33,photos/photo_28823@03-04-2026_19-14-33.jpg,,https://c.onlyaff.app/KW5Uf,AMI PARIS —-> 36€ 💎
30881,2026-04-03T19:14:33,photos/photo_28824@03-04-2026_19-14-33.jpg,,,
30882,2026-04-03T19:14:33,photos/photo_28825@03-04-2026_19-14-33.jpg,,,
30883,2026-04-03T19:16:15,photos/photo_28826@03-04-2026_19-16-15.jpg,,https://c.onlyaff.app/7zn1As,BIRKENSTOCK —-> 23€ 💎
30884,2026-04-03T19:20:24,photos/photo_28827@03-04-2026_19-20-24.jpg,,https://c.onlyaff.app/7zn9p1,HELLSTAR —-> 24€ 💎
30885,2026-04-03T19:24:26,photos/photo_28828@03-04-2026_19-24-26.jpg,,https://c.onlyaff.app/7znGi8,ADIDAS Samba OG —-> 21€ 💎
30886,2026-04-03T19:24:26,photos/photo_28829@03-04-2026_19-24-26.jpg,,,
30887,2026-04-03T19:24:26,photos/photo_28830@03-04-2026_19-24-26.jpg,,,
30888,2026-04-03T19:25:39,photos/photo_28831@03-04-2026_19-25-39.jpg,,https://c.onlyaff.app/KWaII,"ADIDAS Samba ""Dia de los muerto"" —-> 23€ 💎"
30889,2026-04-03T19:25:39,photos/photo_28832@03-04-2026_19-25-39.jpg,,,
30890,2026-04-03T19:25:39,photos/photo_28833@03-04-2026_19-25-39.jpg,,,
30891,2026-04-03T19:27:41,photos/photo_28834@03-04-2026_19-27-41.jpg,,https://c.onlyaff.app/7znP0b,"POEDAGAR —-> 5€ 💎
Muchos Colores 🎨"
30892,2026-04-03T19:30:22,photos/photo_28835@03-04-2026_19-30-22.jpg,,https://c.onlyaff.app/7znVvH,"ONITSUKA TIGER Mexico —-> 23€ 💎
16 Colores 🎨"
30893,2026-04-03T19:30:22,photos/photo_28836@03-04-2026_19-30-22.jpg,,,
30894,2026-04-03T19:30:22,photos/photo_28837@03-04-2026_19-30-22.jpg,,,
30895,2026-04-03T19:30:22,photos/photo_28838@03-04-2026_19-30-22.jpg,,,
30896,2026-04-03T19:30:22,photos/photo_28839@03-04-2026_19-30-22.jpg,,,
30897,2026-04-03T19:30:22,photos/photo_28840@03-04-2026_19-30-22.jpg,,,
30898,2026-04-03T19:30:22,photos/photo_28841@03-04-2026_19-30-22.jpg,,,
30899,2026-04-03T19:30:22,photos/photo_28842@03-04-2026_19-30-22.jpg,,,
30900,2026-04-03T19:30:22,photos/photo_28843@03-04-2026_19-30-22.jpg,,,
30901,2026-04-03T19:31:40,photos/photo_28844@03-04-2026_19-31-40.jpg,,https://c.onlyaff.app/7znYOu,JACQUEMUS —-> 40€ 💎
30902,2026-04-03T19:31:40,photos/photo_28845@03-04-2026_19-31-40.jpg,,,
30903,2026-04-03T19:31:40,photos/photo_28846@03-04-2026_19-31-40.jpg,,,
30904,2026-04-03T19:32:55,photos/photo_28847@03-04-2026_19-32-55.jpg,,https://c.onlyaff.app/7zo0ML,ASICS GT2000 —-> 36€ 💎
30905,2026-04-03T19:32:55,photos/photo_28848@03-04-2026_19-32-55.jpg,,,
30906,2026-04-03T19:32:55,photos/photo_28849@03-04-2026_19-32-55.jpg,,,
30907,2026-04-03T19:32:55,photos/photo_28850@03-04-2026_19-32-55.jpg,,,
30908,2026-04-03T19:32:55,photos/photo_28851@03-04-2026_19-32-55.jpg,,,
30909,2026-04-03T19:32:55,photos/photo_28852@03-04-2026_19-32-55.jpg,,,
30910,2026-04-03T20:09:30,photos/photo_28853@03-04-2026_20-09-30.jpg,,https://c.onlyaff.app/7zt7j6,"NIKE V2K —-> 36€ 💎
🚨 Se agotan MUY rápido 💨"
30911,2026-04-03T20:09:30,photos/photo_28854@03-04-2026_20-09-30.jpg,,,
30912,2026-04-03T20:09:30,photos/photo_28855@03-04-2026_20-09-30.jpg,,,
30913,2026-04-03T20:09:30,photos/photo_28856@03-04-2026_20-09-30.jpg,,,
30914,2026-04-03T20:09:30,photos/photo_28857@03-04-2026_20-09-30.jpg,,,
30915,2026-04-03T20:09:30,photos/photo_28858@03-04-2026_20-09-30.jpg,,,
30916,2026-04-03T20:09:30,photos/photo_28859@03-04-2026_20-09-30.jpg,,,
30917,2026-04-03T20:09:30,photos/photo_28860@03-04-2026_20-09-30.jpg,,,
30918,2026-04-03T20:16:48,photos/photo_28861@03-04-2026_20-16-48.jpg,,https://c.onlyaff.app/7zwar7,BIRKENSTOCK —-> 32€ 💎
30919,2026-04-03T20:26:10,photos/photo_28862@03-04-2026_20-26-10.jpg,,https://c.onlyaff.app/4H7WM,"Sofá Mascotas —-> 15€ 35€ 💎
Varios Tamaños y Colores 🎨"
30920,2026-04-03T20:28:44,photos/photo_28863@03-04-2026_20-28-44.jpg,,https://c.onlyaff.app/7zzVyW,ASICS Gel Kayano 12.1 —-> 32€ 💎
30921,2026-04-03T20:28:44,photos/photo_28864@03-04-2026_20-28-44.jpg,,,
30922,2026-04-03T20:28:44,photos/photo_28865@03-04-2026_20-28-44.jpg,,,
30923,2026-04-03T20:28:44,photos/photo_28866@03-04-2026_20-28-44.jpg,,,
30924,2026-04-03T20:28:44,photos/photo_28867@03-04-2026_20-28-44.jpg,,,
30925,2026-04-03T20:28:44,photos/photo_28868@03-04-2026_20-28-44.jpg,,,
30926,2026-04-03T20:28:44,photos/photo_28869@03-04-2026_20-28-44.jpg,,,
30927,2026-04-03T20:28:44,photos/photo_28870@03-04-2026_20-28-44.jpg,,,
30928,2026-04-03T21:10:42,photos/photo_28871@03-04-2026_21-10-42.jpg,,https://c.onlyaff.app/7zMwEu,"THE NORTH FACE Vectic 4 —-> 29€ 💎
Varios Colores 🎨"
30929,2026-04-03T22:11:45,photos/photo_28872@03-04-2026_22-11-45.jpg,,https://c.onlyaff.app/7zOGQA,"CARHARTT —-> 10€ 💎
Varios Colores 🎨"
30930,2026-04-03T22:31:59,photos/photo_28873@03-04-2026_22-31-59.jpg,,https://c.onlyaff.app/7zPpzS,"BIRKENSTOCK —-> 22€ 💎
16 Modelos 🎨"
30931,2026-04-03T22:31:59,photos/photo_28874@03-04-2026_22-31-59.jpg,,,
30932,2026-04-03T22:31:59,photos/photo_28875@03-04-2026_22-31-59.jpg,,,
30933,2026-04-03T22:31:59,photos/photo_28876@03-04-2026_22-31-59.jpg,,,
30934,2026-04-03T22:31:59,photos/photo_28877@03-04-2026_22-31-59.jpg,,,
30935,2026-04-03T22:31:59,photos/photo_28878@03-04-2026_22-31-59.jpg,,,
30936,2026-04-03T22:31:59,photos/photo_28879@03-04-2026_22-31-59.jpg,,,
30937,2026-04-03T22:31:59,photos/photo_28880@03-04-2026_22-31-59.jpg,,,
30939,2026-04-04T08:40:13,photos/photo_28881@04-04-2026_08-40-13.jpg,,https://c.onlyaff.app/7zQqil,ADIDAS Samba x WALES BONNER —-> 22€ 💎
30940,2026-04-04T08:40:13,photos/photo_28882@04-04-2026_08-40-13.jpg,,,
30941,2026-04-04T08:40:13,photos/photo_28883@04-04-2026_08-40-13.jpg,,,
30942,2026-04-04T08:40:13,photos/photo_28884@04-04-2026_08-40-13.jpg,,,
30943,2026-04-04T08:40:13,photos/photo_28885@04-04-2026_08-40-13.jpg,,,
30944,2026-04-04T08:48:01,photos/photo_28886@04-04-2026_08-48-01.jpg,,https://c.onlyaff.app/7zQr6m,"CORTEIZ —-> 22€ 💎
También en Blanco 🎨"
30945,2026-04-04T08:50:13,photos/photo_28887@04-04-2026_08-50-13.jpg,,https://c.onlyaff.app/7zQt7R,CORTEIZ —-> 15€ 💎
30946,2026-04-04T09:01:20,photos/photo_28888@04-04-2026_09-01-20.jpg,,https://c.onlyaff.app/7zQuS3,"POLO RALPH LAUREN —-> 16€ 💎
También en Verde y Rosa 🎨"
30947,2026-04-04T09:01:20,photos/photo_28889@04-04-2026_09-01-20.jpg,,,
30948,2026-04-04T09:01:20,photos/photo_28890@04-04-2026_09-01-20.jpg,,,
30949,2026-04-04T09:10:12,photos/photo_28891@04-04-2026_09-10-12.jpg,,https://c.onlyaff.app/7zQA8x,"SAUCONY Progrid Omni 9 —-> 38€ 💎
Muchos Colores 🎨"
30950,2026-04-04T09:10:12,photos/photo_28892@04-04-2026_09-10-12.jpg,,,
30951,2026-04-04T09:10:12,photos/photo_28893@04-04-2026_09-10-12.jpg,,,
30952,2026-04-04T09:24:01,photos/photo_28894@04-04-2026_09-24-01.jpg,,https://c.onlyaff.app/7zR4dn,ADIDAS (chándal completo) —-> 34€ 💎
30953,2026-04-04T09:36:01,photos/photo_28895@04-04-2026_09-36-01.jpg,,https://c.onlyaff.app/7zR5lx,"THE NORTH FACE 700 —-> 24€ 💎
Muy recomendada ✅"
30954,2026-04-04T09:36:01,photos/photo_28896@04-04-2026_09-36-01.jpg,,,
30955,2026-04-04T09:36:01,photos/photo_28897@04-04-2026_09-36-01.jpg,,,
30956,2026-04-04T09:36:01,photos/photo_28898@04-04-2026_09-36-01.jpg,,,
30957,2026-04-04T09:36:01,photos/photo_28899@04-04-2026_09-36-01.jpg,,,
30958,2026-04-04T09:36:01,photos/photo_28900@04-04-2026_09-36-01.jpg,,,
30959,2026-04-04T09:36:01,photos/photo_28901@04-04-2026_09-36-01.jpg,,,
30960,2026-04-04T09:58:01,photos/photo_28902@04-04-2026_09-58-01.jpg,,https://c.onlyaff.app/7zR81s,"CARHARTT —-> 19€ 💎
Varios Colores 🎨"
30961,2026-04-04T10:11:01,photos/photo_28903@04-04-2026_10-11-01.jpg,,https://c.onlyaff.app/KZa2I,RHODE Glossy (4 unidades) —-> 7€ 💎
30962,2026-04-04T10:24:01,photos/photo_28904@04-04-2026_10-24-01.jpg,,https://c.onlyaff.app/7zRFJq,"NEW BALANCE 9060 —-> 24€💎
Muchos Colores 🎨
(YepExpress)"
30963,2026-04-04T10:56:01,photos/photo_28905@04-04-2026_10-56-01.jpg,,https://c.onlyaff.app/7zRGxi,STONE ISLAND —-> 15€ 💎
30964,2026-04-04T11:06:01,photos/photo_28906@04-04-2026_11-06-01.jpg,,https://c.onlyaff.app/7zRHJT,CORTEIZ (conjunto) —-> 20€ 💎
30965,2026-04-04T11:06:01,photos/photo_28907@04-04-2026_11-06-01.jpg,,,
30966,2026-04-04T11:06:01,photos/photo_28908@04-04-2026_11-06-01.jpg,,,
30967,2026-04-04T11:06:01,photos/photo_28909@04-04-2026_11-06-01.jpg,,,
30968,2026-04-04T11:06:01,photos/photo_28910@04-04-2026_11-06-01.jpg,,,
30969,2026-04-04T11:06:01,photos/photo_28911@04-04-2026_11-06-01.jpg,,,
30970,2026-04-04T11:22:01,photos/photo_28912@04-04-2026_11-22-01.jpg,,https://c.onlyaff.app/7zRJna,CONVERSE (piel) —-> 28€ 💎
30971,2026-04-04T11:22:01,photos/photo_28913@04-04-2026_11-22-01.jpg,,,
30972,2026-04-04T11:22:01,photos/photo_28914@04-04-2026_11-22-01.jpg,,,
30973,2026-04-04T11:24:01,photos/photo_28915@04-04-2026_11-24-01.jpg,,https://c.onlyaff.app/7zRJDv,"ADIDAS Samba ""Alumina Legacy"" —-> 23€ 💎"
30974,2026-04-04T11:36:01,photos/photo_28916@04-04-2026_11-36-01.jpg,,https://c.onlyaff.app/7zRKVl,"ADIDAS Gazelle ""Kadin"" —-> 22€ 💎"
30975,2026-04-04T11:56:01,photos/photo_28917@04-04-2026_11-56-01.jpg,,https://c.onlyaff.app/7zRN1W,"ADIDAS —-> 12€ 💎
Varios Colores 🎨"
30976,2026-04-04T11:58:01,photos/photo_28918@04-04-2026_11-58-01.jpg,,https://c.onlyaff.app/4HjIP,ADIDAS Fútbol (chándal completo) —-> 26€ 💎
30977,2026-04-04T11:58:01,photos/photo_28919@04-04-2026_11-58-01.jpg,,,
30978,2026-04-04T11:58:01,photos/photo_28920@04-04-2026_11-58-01.jpg,,,
30979,2026-04-04T11:58:01,photos/photo_28921@04-04-2026_11-58-01.jpg,,,
30980,2026-04-04T11:58:01,photos/photo_28922@04-04-2026_11-58-01.jpg,,,
30981,2026-04-04T12:03:33,photos/photo_28923@04-04-2026_12-03-33.jpg,,https://c.onlyaff.app/7zRPpZ,ADIDAS (3 pares) —-> 5€ 💎
30982,2026-04-04T12:06:01,photos/photo_28924@04-04-2026_12-06-01.jpg,,https://c.onlyaff.app/7zRQwY,APPLE EarPods —-> 4€ 💎
30983,2026-04-04T12:18:01,photos/photo_28925@04-04-2026_12-18-01.jpg,,https://c.onlyaff.app/7zRTCm,"ADIDAS —-> 21€ 💎
Muchos Colores 🎨"
30984,2026-04-04T12:18:01,photos/photo_28926@04-04-2026_12-18-01.jpg,,,
30985,2026-04-04T12:18:01,photos/photo_28927@04-04-2026_12-18-01.jpg,,,
30986,2026-04-04T12:24:01,photos/photo_28928@04-04-2026_12-24-01.jpg,,https://c.onlyaff.app/7zRRZO,POLO RALPH LAUREN —-> 7€ 💎
30987,2026-04-04T12:36:01,photos/photo_28929@04-04-2026_12-36-01.jpg,,https://c.onlyaff.app/7zRTL9,"STUSSY —-> 20€ 💎
12 Colores 🎨"
30988,2026-04-04T12:36:01,photos/photo_28930@04-04-2026_12-36-01.jpg,,,
30989,2026-04-04T12:36:01,photos/photo_28931@04-04-2026_12-36-01.jpg,,,
30990,2026-04-04T12:36:01,photos/photo_28932@04-04-2026_12-36-01.jpg,,,
30991,2026-04-04T12:36:01,photos/photo_28933@04-04-2026_12-36-01.jpg,,,
30992,2026-04-04T14:32:11,photos/photo_28934@04-04-2026_14-32-11.jpg,,https://c.onlyaff.app/7AxoA8,"NUMERIS —-> 59€ 💎
Varios Colores 🎨
🚨 Se agotan muy rápido 💨"
30993,2026-04-04T14:32:11,photos/photo_28935@04-04-2026_14-32-11.jpg,,,
30994,2026-04-04T14:32:11,photos/photo_28936@04-04-2026_14-32-11.jpg,,,
30995,2026-04-04T16:51:36,photos/photo_28937@04-04-2026_16-51-36.jpg,,https://c.onlyaff.app/7ABFUc,CAROLINA HERRERA —-> 42€ 💎
30996,2026-04-04T16:51:37,photos/photo_28938@04-04-2026_16-51-37.jpg,,,
30997,2026-04-04T16:51:37,photos/photo_28939@04-04-2026_16-51-37.jpg,,,
30998,2026-04-04T16:51:37,photos/photo_28940@04-04-2026_16-51-37.jpg,,,
30999,2026-04-04T16:51:37,photos/photo_28941@04-04-2026_16-51-37.jpg,,,
31000,2026-04-04T16:51:37,photos/photo_28942@04-04-2026_16-51-37.jpg,,,
31001,2026-04-04T16:51:37,photos/photo_28943@04-04-2026_16-51-37.jpg,,,
31002,2026-04-04T19:25:41,photos/photo_28944@04-04-2026_19-25-41.jpg,,https://c.onlyaff.app/7AJ1im,ADIDAS —-> 62€ 💎
31003,2026-04-04T19:28:42,photos/photo_28945@04-04-2026_19-28-42.jpg,,https://c.onlyaff.app/L4vH9,"ASICS Gel Kayano 32 —-> 30€ 💎
17 Colores 🎨"
31004,2026-04-04T19:28:42,photos/photo_28946@04-04-2026_19-28-42.jpg,,,
31005,2026-04-04T19:28:42,photos/photo_28947@04-04-2026_19-28-42.jpg,,,
31006,2026-04-04T19:28:42,photos/photo_28948@04-04-2026_19-28-42.jpg,,,
31007,2026-04-04T19:28:42,photos/photo_28949@04-04-2026_19-28-42.jpg,,,
31008,2026-04-04T19:28:42,photos/photo_28950@04-04-2026_19-28-42.jpg,,,
31009,2026-04-04T19:28:42,photos/photo_28951@04-04-2026_19-28-42.jpg,,,
31010,2026-04-04T19:28:42,photos/photo_28952@04-04-2026_19-28-42.jpg,,,
31011,2026-04-04T19:28:42,photos/photo_28953@04-04-2026_19-28-42.jpg,,,
31012,2026-04-04T21:07:47,photos/photo_28954@04-04-2026_21-07-47.jpg,,https://c.onlyaff.app/7B67XP,"OFF WHITE Vulcanized —-> 33€ 💎
Varios Colores 🎨"
31013,2026-04-04T21:07:47,photos/photo_28955@04-04-2026_21-07-47.jpg,,,
31014,2026-04-04T21:07:47,photos/photo_28956@04-04-2026_21-07-47.jpg,,,
31015,2026-04-04T21:44:08,photos/photo_28957@04-04-2026_21-44-08.jpg,,https://c.onlyaff.app/7B74vl,"DC Court —-> 27€ 💎
Varios Colores 🎨"
31016,2026-04-04T21:44:08,photos/photo_28958@04-04-2026_21-44-08.jpg,,,
31017,2026-04-04T21:44:08,photos/photo_28959@04-04-2026_21-44-08.jpg,,,
31018,2026-04-04T21:46:40,photos/photo_28960@04-04-2026_21-46-40.jpg,,https://c.onlyaff.app/7B79X0,"ADIDAS Hand II —-> 24€ 💎
11 Colores 🎨"
31019,2026-04-04T21:46:40,photos/photo_28961@04-04-2026_21-46-40.jpg,,,
31020,2026-04-04T21:46:40,photos/photo_28962@04-04-2026_21-46-40.jpg,,,
31021,2026-04-04T21:46:40,photos/photo_28963@04-04-2026_21-46-40.jpg,,,
31022,2026-04-04T21:46:40,photos/photo_28964@04-04-2026_21-46-40.jpg,,,
31023,2026-04-04T21:46:40,photos/photo_28965@04-04-2026_21-46-40.jpg,,,
31024,2026-04-04T21:46:40,photos/photo_28966@04-04-2026_21-46-40.jpg,,,
31025,2026-04-04T21:47:56,photos/photo_28967@04-04-2026_21-47-56.jpg,,https://c.onlyaff.app/7B7c55,"CARHARTT —-> 46€ 💎
También en Negro 🎨"
31026,2026-04-04T21:50:05,photos/photo_28968@04-04-2026_21-50-05.jpg,,https://c.onlyaff.app/7B7f1Q,ALEXANDER WANG —-> 21€ 💎
31027,2026-04-04T21:50:05,photos/photo_28969@04-04-2026_21-50-05.jpg,,,
31028,2026-04-04T21:50:05,photos/photo_28970@04-04-2026_21-50-05.jpg,,,
31029,2026-04-04T21:51:49,photos/photo_28971@04-04-2026_21-51-49.jpg,,https://c.onlyaff.app/7B7jkq,CASA BLANCA —-> 11€ 💎
31030,2026-04-04T21:58:19,photos/photo_28972@04-04-2026_21-58-19.jpg,,https://c.onlyaff.app/L6WEO,CARHARTT —-> 8€ 💎
31031,2026-04-04T22:57:30,photos/photo_28973@04-04-2026_22-57-30.jpg,,https://c.onlyaff.app/7BaKhm,"ADIDAS ZX500 —-> 29€ 💎
11 Colores 🎨"
31033,2026-04-05T08:36:01,photos/photo_28974@05-04-2026_08-36-01.jpg,,https://c.onlyaff.app/7Bepup,"ADIDAS Campus —-> 33€ 💎
Nuevos Modelos 🎨"
31034,2026-04-05T08:36:01,photos/photo_28975@05-04-2026_08-36-01.jpg,,,
31035,2026-04-05T08:36:01,photos/photo_28976@05-04-2026_08-36-01.jpg,,,
31036,2026-04-05T08:36:01,photos/photo_28977@05-04-2026_08-36-01.jpg,,,
31037,2026-04-05T08:36:01,photos/photo_28978@05-04-2026_08-36-01.jpg,,,
31038,2026-04-05T08:36:01,photos/photo_28979@05-04-2026_08-36-01.jpg,,,
31039,2026-04-05T08:36:01,photos/photo_28980@05-04-2026_08-36-01.jpg,,,
31040,2026-04-05T09:10:06,photos/photo_28981@05-04-2026_09-10-06.jpg,,https://c.onlyaff.app/7BerhP,ADIDAS Gazelle x BAD BUNNY —-> 26€ 💎
31041,2026-04-05T09:10:06,photos/photo_28982@05-04-2026_09-10-06.jpg,,,
31042,2026-04-05T09:10:06,photos/photo_28983@05-04-2026_09-10-06.jpg,,,
31043,2026-04-05T09:10:06,photos/photo_28984@05-04-2026_09-10-06.jpg,,,
31044,2026-04-05T09:10:06,photos/photo_28985@05-04-2026_09-10-06.jpg,,,
31045,2026-04-05T09:20:11,photos/photo_28986@05-04-2026_09-20-11.jpg,,https://c.onlyaff.app/7BesJA,"ON CLOUD 6 —-> 23€ 💎
Varios Colores 🎨"
31046,2026-04-05T09:36:01,photos/photo_28987@05-04-2026_09-36-01.jpg,,https://c.onlyaff.app/7BeuFc,"HOKA Clifton 10 —-> 31€ 💎
Muchos Colores 🎨"
31047,2026-04-05T09:38:01,photos/photo_28988@05-04-2026_09-38-01.jpg,,https://c.onlyaff.app/L7EqO,HOKA SpeedGoat 6 —-> 38€ 💎
31048,2026-04-05T09:38:01,photos/photo_28989@05-04-2026_09-38-01.jpg,,,
31049,2026-04-05T09:38:01,photos/photo_28990@05-04-2026_09-38-01.jpg,,,
31050,2026-04-05T09:38:01,photos/photo_28991@05-04-2026_09-38-01.jpg,,,
31051,2026-04-05T09:38:01,photos/photo_28992@05-04-2026_09-38-01.jpg,,,
31052,2026-04-05T09:38:01,photos/photo_28993@05-04-2026_09-38-01.jpg,,,
31053,2026-04-05T09:38:01,photos/photo_28994@05-04-2026_09-38-01.jpg,,,
31054,2026-04-05T09:38:01,photos/photo_28995@05-04-2026_09-38-01.jpg,,,
31055,2026-04-05T09:38:01,photos/photo_28996@05-04-2026_09-38-01.jpg,,,
31056,2026-04-05T09:44:01,photos/photo_28997@05-04-2026_09-44-01.jpg,,https://c.onlyaff.app/7Beyjy,"UNDER ARMOUR (conjunto) —-> 16€ 💎
Muchos Colores 🎨"
31057,2026-04-05T09:50:15,photos/photo_28998@05-04-2026_09-50-15.jpg,,https://c.onlyaff.app/7BeAmD,"ADIDAS —-> 15€ 💎
Varios Colores 🎨"
31058,2026-04-05T09:52:01,photos/photo_28999@05-04-2026_09-52-01.jpg,,https://c.onlyaff.app/L7F12,JACQUEMUS —-> 10€ 💎
31059,2026-04-05T10:02:48,photos/photo_29000@05-04-2026_10-02-48.jpg,,https://c.onlyaff.app/7BeDgZ,"CORTEIZ (chándal completo) —-> 34€ 💎
Varios Colores 🎨"
31060,2026-04-05T10:11:01,photos/photo_29001@05-04-2026_10-11-01.jpg,,https://c.onlyaff.app/7BeEFu,BLUE BANANA —-> 20€ 💎
31061,2026-04-05T10:12:01,photos/photo_29002@05-04-2026_10-12-01.jpg,,https://c.onlyaff.app/7BeFTF,CARHARTT —-> 9€ 💎
31062,2026-04-05T10:16:01,photos/photo_29003@05-04-2026_10-16-01.jpg,,https://c.onlyaff.app/7BeGtw,ESSENTIALS x FEAR OF GOD —-> 11€ 💎
31063,2026-04-05T10:36:01,photos/photo_29004@05-04-2026_10-36-01.jpg,,https://c.onlyaff.app/7BeHn6,"CARHARTT —-> 10€ 💎
Varios Colores 🎨"
31064,2026-04-05T10:38:01,photos/photo_29005@05-04-2026_10-38-01.jpg,,https://c.onlyaff.app/7BeIiE,"POLO RALPH LAUREN —-> 16€ 💎
Muchos Colores 🎨"
31065,2026-04-05T10:40:14,photos/photo_29006@05-04-2026_10-40-14.jpg,,https://c.onlyaff.app/7BeJ77,AMI PARIS —-> 20€ 💎
31066,2026-04-05T11:02:01,photos/photo_29007@05-04-2026_11-02-01.jpg,,https://c.onlyaff.app/7BeJoy,MONCLER —-> 15€ 💎
31067,2026-04-05T11:14:01,photos/photo_29008@05-04-2026_11-14-01.jpg,,https://c.onlyaff.app/4IanL,"POLO RALPH LAUREN —-> 15€ 💎
También en Manga Larga y muchos Colores 🎨"
31068,2026-04-05T11:33:44,photos/photo_29009@05-04-2026_11-33-44.jpg,,https://c.onlyaff.app/7BHOT1,DR MARTENS —-> 31€ 💎
31069,2026-04-05T12:47:46,photos/photo_29010@05-04-2026_12-47-46.jpg,,https://c.onlyaff.app/7BKwFs,UGG CapTrail —-> 38€ 💎
31070,2026-04-05T13:35:47,photos/photo_29011@05-04-2026_13-35-47.jpg,,https://c.onlyaff.app/Lb86Q,"ADIDAS Spezial —-> 19€ 💎
18 Colores 🎨"
31071,2026-04-05T13:35:47,photos/photo_29012@05-04-2026_13-35-47.jpg,,,
31072,2026-04-05T13:35:47,photos/photo_29013@05-04-2026_13-35-47.jpg,,,
31073,2026-04-05T13:35:47,photos/photo_29014@05-04-2026_13-35-47.jpg,,,
31074,2026-04-05T13:35:47,photos/photo_29015@05-04-2026_13-35-47.jpg,,,
31075,2026-04-05T13:35:48,photos/photo_29016@05-04-2026_13-35-48.jpg,,,
31076,2026-04-05T13:35:48,photos/photo_29017@05-04-2026_13-35-48.jpg,,,
31077,2026-04-05T13:35:48,photos/photo_29018@05-04-2026_13-35-48.jpg,,,
31078,2026-04-05T13:35:48,photos/photo_29019@05-04-2026_13-35-48.jpg,,,
31079,2026-04-05T13:35:48,photos/photo_29020@05-04-2026_13-35-48.jpg,,,
31080,2026-04-05T14:21:40,photos/photo_29021@05-04-2026_14-21-40.jpg,,https://c.onlyaff.app/7BPwb0,CARHARTT —-> 13€ 💎
31081,2026-04-05T14:21:40,photos/photo_29022@05-04-2026_14-21-40.jpg,,,
31082,2026-04-05T14:21:40,photos/photo_29023@05-04-2026_14-21-40.jpg,,,
31083,2026-04-05T14:26:07,photos/photo_29024@05-04-2026_14-26-07.jpg,,https://c.onlyaff.app/7BPGwz,"CARHARTT —-> 36€ 💎
Varios Colores 🎨"
31084,2026-04-05T14:28:45,photos/photo_29025@05-04-2026_14-28-45.jpg,,https://c.onlyaff.app/7BPLfo,"MARC JACOBS —-> 15€ 💎
También en Negro 🎨"
31085,2026-04-05T14:32:38,photos/photo_29026@05-04-2026_14-32-38.jpg,,https://c.onlyaff.app/7BQ12b,"GUESS —-> 16€ 💎
Muchos Colores 🎨"
31086,2026-04-05T14:34:08,photos/photo_29027@05-04-2026_14-34-08.jpg,,https://c.onlyaff.app/7BQ65w,"GOYARD (tarjetero) —-> 4€ 💎
Muchos Colores 🎨"
31087,2026-04-05T14:36:47,photos/photo_29028@05-04-2026_14-36-47.jpg,,https://c.onlyaff.app/7BQbPd,"GUESS —-> 14€ 💎
11 Colores 🎨"
31088,2026-04-05T14:36:47,photos/photo_29029@05-04-2026_14-36-47.jpg,,,
31089,2026-04-05T14:36:47,photos/photo_29030@05-04-2026_14-36-47.jpg,,,
31090,2026-04-05T14:39:05,photos/photo_29031@05-04-2026_14-39-05.jpg,,https://c.onlyaff.app/7BQgpm,LABUBU XL (38cm) —-> 44€ 💎
31091,2026-04-05T14:39:05,photos/photo_29032@05-04-2026_14-39-05.jpg,,,
31092,2026-04-05T14:39:05,photos/photo_29033@05-04-2026_14-39-05.jpg,,,
31093,2026-04-05T14:41:02,photos/photo_29034@05-04-2026_14-41-02.jpg,,https://c.onlyaff.app/7BQlB4,"STANLEY —-> 21€ 💎
Muchos Colores 🎨
Muy recomendada, retiene tanto el calor como el frío ✅
(Fotos realizadas por mi) 📸"
31094,2026-04-05T14:41:02,photos/photo_29035@05-04-2026_14-41-02.jpg,,,
31095,2026-04-05T14:41:02,photos/photo_29036@05-04-2026_14-41-02.jpg,,,
31096,2026-04-05T14:41:02,photos/photo_29037@05-04-2026_14-41-02.jpg,,,
31097,2026-04-05T14:52:07,photos/photo_29038@05-04-2026_14-52-07.jpg,,https://c.onlyaff.app/7BQJ7w,CARHARTT (cortavientos) —-> 37€ 💎
31098,2026-04-05T14:53:51,photos/photo_29039@05-04-2026_14-53-51.jpg,,https://c.onlyaff.app/7BQNDJ,PATAGONIA —-> 25€ 💎
31099,2026-04-05T14:56:11,photos/photo_29040@05-04-2026_14-56-11.jpg,,https://c.onlyaff.app/7BQUfv,"CARHARTT —-> 32€ 💎
Varios Colores 🎨"
31100,2026-04-05T15:12:08,photos/photo_29041@05-04-2026_15-12-08.jpg,,https://c.onlyaff.app/7BRAcl,CARHARTT —-> 34€ 💎
31101,2026-04-05T15:13:34,photos/photo_29042@05-04-2026_15-13-34.jpg,,https://c.onlyaff.app/7BRE1d,"ASICS Gel Kahana 8 —-> 25€ 💎
14 Colores 🎨"
31102,2026-04-05T15:26:22,photos/photo_29043@05-04-2026_15-26-22.jpg,,https://c.onlyaff.app/7BS6qb,Fútbol Mundial 26/27 —-> 13€ 💎
31103,2026-04-05T15:26:22,photos/photo_29044@05-04-2026_15-26-22.jpg,,,
31104,2026-04-05T15:26:22,photos/photo_29045@05-04-2026_15-26-22.jpg,,,
31105,2026-04-05T15:26:22,photos/photo_29046@05-04-2026_15-26-22.jpg,,,
31106,2026-04-05T15:26:22,photos/photo_29047@05-04-2026_15-26-22.jpg,,,
31107,2026-04-05T15:28:50,photos/photo_29048@05-04-2026_15-28-50.jpg,,https://c.onlyaff.app/7BScHz,POLO RALPH LAUREN —-> 39€ 💎
31108,2026-04-05T15:30:56,photos/photo_29049@05-04-2026_15-30-56.jpg,,https://c.onlyaff.app/7BSiqh,"ADIDAS —-> 14€ 💎
Varios Colores 🎨"
31109,2026-04-05T15:30:56,photos/photo_29050@05-04-2026_15-30-56.jpg,,,
31110,2026-04-05T15:30:56,photos/photo_29051@05-04-2026_15-30-56.jpg,,,
31111,2026-04-05T15:34:26,photos/photo_29052@05-04-2026_15-34-26.jpg,,https://c.onlyaff.app/7BSpWy,"POLO RALPH LAUREN —-> 14€ 💎
Varios Colores 🎨"
31112,2026-04-05T15:35:27,photos/photo_29053@05-04-2026_15-35-27.jpg,,https://c.onlyaff.app/7BSu5G,"ADIDAS —-> 31€ 💎
También en Negro 🎨"
31113,2026-04-05T15:35:27,photos/photo_29054@05-04-2026_15-35-27.jpg,,,
31114,2026-04-05T15:35:27,photos/photo_29055@05-04-2026_15-35-27.jpg,,,
31115,2026-04-05T15:37:18,photos/photo_29056@05-04-2026_15-37-18.jpg,,https://c.onlyaff.app/7BSxp9,ESSENTIALS x FEAR OF GOD (chándal completo) —-> 29€ 💎
31116,2026-04-05T15:37:18,photos/photo_29057@05-04-2026_15-37-18.jpg,,,
31117,2026-04-05T15:37:18,photos/photo_29058@05-04-2026_15-37-18.jpg,,,
31118,2026-04-05T15:38:55,photos/photo_29059@05-04-2026_15-38-55.jpg,,https://c.onlyaff.app/7BSHrI,ESSENTIALS (chándal completo) —-> 32€ 💎
31119,2026-04-05T15:40:38,photos/photo_29060@05-04-2026_15-40-38.jpg,,https://c.onlyaff.app/7BSNgv,"STUSSY —-> 19€ 💎
Muchos Colores 🎨"
31120,2026-04-05T15:41:40,photos/photo_29061@05-04-2026_15-41-40.jpg,,https://c.onlyaff.app/7BSQaz,"THE NORTH FACE —-> 28€ 💎
Varios Colores 🎨"
31121,2026-04-05T15:44:05,photos/photo_29062@05-04-2026_15-44-05.jpg,,https://c.onlyaff.app/7BSV6J,NEW ERA —-> 5€ 💎
31122,2026-04-05T15:45:36,photos/photo_29063@05-04-2026_15-45-36.jpg,,https://c.onlyaff.app/LbHbN,"MIU MIU —-> 23€ 💎
Muchos Colores 🎨"
31123,2026-04-05T15:48:14,photos/photo_29064@05-04-2026_15-48-14.jpg,,https://c.onlyaff.app/7BT2zB,CROCS —-> 14€ 💎
31124,2026-04-05T15:48:14,photos/photo_29065@05-04-2026_15-48-14.jpg,,,
31125,2026-04-05T15:48:14,photos/photo_29066@05-04-2026_15-48-14.jpg,,,
31126,2026-04-05T15:48:14,photos/photo_29067@05-04-2026_15-48-14.jpg,,,
31127,2026-04-05T15:48:14,photos/photo_29068@05-04-2026_15-48-14.jpg,,,
31128,2026-04-05T15:53:17,photos/photo_29069@05-04-2026_15-53-17.jpg,,https://c.onlyaff.app/7BTd9P,"CROCS —-> 20€ 💎
Muchos Colores 🎨"
31129,2026-04-05T15:56:46,photos/photo_29070@05-04-2026_15-56-46.jpg,,https://c.onlyaff.app/7BTrVR,"POLO RALPH LAUREN x WIMBELDON —-> 12€ 💎
Muchos Colores 🎨"
31130,2026-04-05T15:58:28,photos/photo_29071@05-04-2026_15-58-28.jpg,,https://c.onlyaff.app/7BTD8s,AMIRI —-> 9€ 💎
31131,2026-04-05T15:59:36,photos/photo_29072@05-04-2026_15-59-36.jpg,,https://c.onlyaff.app/7BTHkJ,VANS Upland —-> 31€ 💎
31132,2026-04-05T15:59:36,photos/photo_29073@05-04-2026_15-59-36.jpg,,,
31133,2026-04-05T15:59:36,photos/photo_29074@05-04-2026_15-59-36.jpg,,,
31134,2026-04-05T15:59:36,photos/photo_29075@05-04-2026_15-59-36.jpg,,,
31135,2026-04-05T15:59:36,photos/photo_29076@05-04-2026_15-59-36.jpg,,,
31136,2026-04-05T15:59:36,photos/photo_29077@05-04-2026_15-59-36.jpg,,,
31137,2026-04-05T15:59:36,photos/photo_29078@05-04-2026_15-59-36.jpg,,,
31138,2026-04-05T15:59:36,photos/photo_29079@05-04-2026_15-59-36.jpg,,,
31139,2026-04-05T16:02:35,photos/photo_29080@05-04-2026_16-02-35.jpg,,https://c.onlyaff.app/7BTLFN,"NIKE Shox —-> 30€ 💎
Muchos Colores 🎨
(YepExpress)"
31140,2026-04-05T16:02:35,photos/photo_29081@05-04-2026_16-02-35.jpg,,,
31141,2026-04-05T16:02:35,photos/photo_29082@05-04-2026_16-02-35.jpg,,,
31142,2026-04-05T16:02:35,photos/photo_29083@05-04-2026_16-02-35.jpg,,,
31143,2026-04-05T16:02:35,photos/photo_29084@05-04-2026_16-02-35.jpg,,,
31144,2026-04-05T16:02:35,photos/photo_29085@05-04-2026_16-02-35.jpg,,,
31145,2026-04-05T16:02:35,photos/photo_29086@05-04-2026_16-02-35.jpg,,,
31146,2026-04-05T16:07:01,photos/photo_29087@05-04-2026_16-07-01.jpg,,https://c.onlyaff.app/7BTPBo,"🚨 Aquí (☝🏼☝🏼) os dejamos el enlace a nuestro perfil de Hacoo donde tenéis TODOS los enlaces 🔗 y novedades de YepExpress ☺️ seguirnos para no perderos nada 👀



Y aquí nuestro canal de Telegram con enlaces de Hacoo exclusivo para vosotras 🙋🏼‍♀️"
31147,2026-04-05T16:18:32,photos/photo_29088@05-04-2026_16-18-32.jpg,,https://c.onlyaff.app/7BUoNZ,"CAROLINA HERRERA —-> 33€ 💎
Varios Colores 🎨"
31148,2026-04-05T16:28:26,photos/photo_29089@05-04-2026_16-28-26.jpg,,https://c.onlyaff.app/7BUQwC,"NIKE Air Force 1 —-> 18€ 💎
También en Negro 🎨
(YepExpress)"
31150,2026-04-05T16:44:34,photos/photo_29090@05-04-2026_16-44-34.jpg,,https://c.onlyaff.app/7BW3Lq,GOLDEN GOOSE —-> 36€ 💎
31151,2026-04-05T16:44:34,photos/photo_29091@05-04-2026_16-44-34.jpg,,,
31152,2026-04-05T16:44:34,photos/photo_29092@05-04-2026_16-44-34.jpg,,,
31153,2026-04-05T17:19:04,photos/photo_29093@05-04-2026_17-19-04.jpg,,https://c.onlyaff.app/7BXjMo,CONVERSE Run Star —-> 25€ 💎
31154,2026-04-05T17:19:04,photos/photo_29094@05-04-2026_17-19-04.jpg,,,
31155,2026-04-05T17:19:04,photos/photo_29095@05-04-2026_17-19-04.jpg,,,
31156,2026-04-05T17:19:04,photos/photo_29096@05-04-2026_17-19-04.jpg,,,
31157,2026-04-05T17:19:04,photos/photo_29097@05-04-2026_17-19-04.jpg,,,
31158,2026-04-05T17:19:04,photos/photo_29098@05-04-2026_17-19-04.jpg,,,
31159,2026-04-05T17:19:04,photos/photo_29099@05-04-2026_17-19-04.jpg,,,
31160,2026-04-05T17:19:04,photos/photo_29100@05-04-2026_17-19-04.jpg,,,
31161,2026-04-05T19:15:02,photos/photo_29101@05-04-2026_19-15-02.jpg,,https://c.onlyaff.app/7C2jWq,"ADIDAS España 26/27 —-> 10€ 💎
🚨 Se agota MUY rápido 💨"
31162,2026-04-05T20:33:08,photos/photo_29102@05-04-2026_20-33-08.jpg,,https://c.onlyaff.app/LecmN,VANS Knu Skool —-> 26€ 💎
31163,2026-04-05T21:57:14,photos/photo_29103@05-04-2026_21-57-14.jpg,,https://c.onlyaff.app/7CuywP,"NIKE Air UpTempo —-> 33€ 💎
(YepExpress)"
31164,2026-04-05T21:57:14,photos/photo_29104@05-04-2026_21-57-14.jpg,,,
31165,2026-04-05T21:57:14,photos/photo_29105@05-04-2026_21-57-14.jpg,,,
31166,2026-04-05T22:00:21,photos/photo_29106@05-04-2026_22-00-21.jpg,,https://c.onlyaff.app/7CuJDS,PEPE JEANS —-> 18€ 💎
31167,2026-04-05T22:04:02,photos/photo_29107@05-04-2026_22-04-02.jpg,,https://c.onlyaff.app/7CuSGJ,ALO —-> 10€ 💎
31168,2026-04-05T22:09:19,photos/photo_29108@05-04-2026_22-09-19.jpg,,https://c.onlyaff.app/7Cv8kB,ASICS Gel Sekiran —-> 29€ 💎
31169,2026-04-05T22:09:19,photos/photo_29109@05-04-2026_22-09-19.jpg,,,
31170,2026-04-05T22:09:19,photos/photo_29110@05-04-2026_22-09-19.jpg,,,
31171,2026-04-05T22:09:19,photos/photo_29111@05-04-2026_22-09-19.jpg,,,
31172,2026-04-05T22:09:19,photos/photo_29112@05-04-2026_22-09-19.jpg,,,
31173,2026-04-05T22:09:19,photos/photo_29113@05-04-2026_22-09-19.jpg,,,
31174,2026-04-05T22:09:19,photos/photo_29114@05-04-2026_22-09-19.jpg,,,
31175,2026-04-05T22:09:19,photos/photo_29115@05-04-2026_22-09-19.jpg,,,
31176,2026-04-05T22:14:16,photos/photo_29116@05-04-2026_22-14-16.jpg,,https://c.onlyaff.app/7CvoZ5,"ASICS Gel Kayano 14 —-> 25€ 💎
Muchos Colores 🎨
(Tallas de niñ@s)"
31177,2026-04-05T22:16:37,photos/photo_29117@05-04-2026_22-16-37.jpg,,https://c.onlyaff.app/7CvxWs,"ADIDAS Samba —-> 15€ 💎
Muchos Colores 🎨
(Tallas de niñ@s)"
31178,2026-04-05T22:45:35,photos/photo_29118@05-04-2026_22-45-35.jpg,,https://c.onlyaff.app/7Cxh6B,"OFF WHITE Be Right Back —-> 33€ 💎
12 Colores 🎨"
31179,2026-04-05T22:54:39,photos/photo_29119@05-04-2026_22-54-39.jpg,,https://c.onlyaff.app/LfM4l,GALLERY DEPT —-> 23€ 💎
31180,2026-04-05T22:56:11,photos/photo_29120@05-04-2026_22-56-11.jpg,,https://c.onlyaff.app/7CxNZV,AMI PARIS —-> 19€ 💎
31181,2026-04-05T22:56:11,photos/photo_29121@05-04-2026_22-56-11.jpg,,,
31182,2026-04-05T22:56:11,photos/photo_29122@05-04-2026_22-56-11.jpg,,,
31183,2026-04-05T22:58:21,photos/photo_29123@05-04-2026_22-58-21.jpg,,https://c.onlyaff.app/7CxRF2,"BAPE —-> 17€ 💎
También en Blanco 🎨"
31185,2026-04-06T08:26:57,photos/photo_29124@06-04-2026_08-26-57.jpg,,https://c.onlyaff.app/7CDRTm,"POLO RALPH LAUREN (conjunto) —-> 18€ 💎
Muchos Colores 🎨"
31186,2026-04-06T12:58:31,photos/photo_29125@06-04-2026_12-58-31.jpg,,https://c.onlyaff.app/7Dbtez,"ADIDAS Terrex TrailMaker 2 x GORE TEX —-> 36€ 💎
Muchos Colores 🎨"
31187,2026-04-06T13:41:40,photos/photo_29126@06-04-2026_13-41-40.jpg,,https://c.onlyaff.app/7Ddw5y,"MAISON MARGIELA —-> 36€ 💎
Muchos Modelos y Colores 🎨"
31188,2026-04-06T14:03:34,photos/photo_29127@06-04-2026_14-03-34.jpg,,https://c.onlyaff.app/7Deu9J,SYNA —-> 39€ 💎
31189,2026-04-06T14:08:46,photos/photo_29128@06-04-2026_14-08-46.jpg,,https://c.onlyaff.app/7DeG04,CARHARTT —-> 38€ 💎
31190,2026-04-06T14:08:46,photos/photo_29129@06-04-2026_14-08-46.jpg,,,
31191,2026-04-06T14:08:46,photos/photo_29130@06-04-2026_14-08-46.jpg,,,
31192,2026-04-06T14:10:06,photos/photo_29131@06-04-2026_14-10-06.jpg,,https://c.onlyaff.app/7DeKyP,"REEBOK ERS World —-> 36€ 💎
Muchos Colores 🎨"
31193,2026-04-06T14:10:06,photos/photo_29132@06-04-2026_14-10-06.jpg,,,
31194,2026-04-06T14:10:06,photos/photo_29133@06-04-2026_14-10-06.jpg,,,
31195,2026-04-06T14:10:06,photos/photo_29134@06-04-2026_14-10-06.jpg,,,
31196,2026-04-06T14:10:06,photos/photo_29135@06-04-2026_14-10-06.jpg,,,
31197,2026-04-06T14:10:06,photos/photo_29136@06-04-2026_14-10-06.jpg,,,
31198,2026-04-06T14:10:07,photos/photo_29137@06-04-2026_14-10-07.jpg,,,
31199,2026-04-06T14:10:07,photos/photo_29138@06-04-2026_14-10-07.jpg,,,
31200,2026-04-06T14:10:07,photos/photo_29139@06-04-2026_14-10-07.jpg,,,
31201,2026-04-06T14:37:56,photos/photo_29140@06-04-2026_14-37-56.jpg,,https://c.onlyaff.app/Lkb0E,"SCUFFERS —-> 16€ 💎
También en Blanco 🎨
🚨 Se agota muy rápido 💨"
31202,2026-04-06T16:04:22,photos/photo_29141@06-04-2026_16-04-22.jpg,,https://c.onlyaff.app/7DjABn,GOYARD (bolso unisex) —-> 31€ 💎
31203,2026-04-06T16:04:22,photos/photo_29142@06-04-2026_16-04-22.jpg,,,
31204,2026-04-06T16:04:22,photos/photo_29143@06-04-2026_16-04-22.jpg,,,
31205,2026-04-06T16:04:22,photos/photo_29144@06-04-2026_16-04-22.jpg,,,
31206,2026-04-06T16:04:22,photos/photo_29145@06-04-2026_16-04-22.jpg,,,
31207,2026-04-06T16:04:22,photos/photo_29146@06-04-2026_16-04-22.jpg,,,
31208,2026-04-06T17:00:57,photos/photo_29147@06-04-2026_17-00-57.jpg,,https://c.onlyaff.app/LkQOf,"NUMERIS —-> 59€ 💎
Varios Colores 🎨"
31209,2026-04-06T18:09:36,photos/photo_29148@06-04-2026_18-09-36.jpg,,https://c.onlyaff.app/7DrKF9,"CARHARTT —-> 24€ 💎
Muchos Colores 🎨"
31210,2026-04-06T18:13:25,photos/photo_29149@06-04-2026_18-13-25.jpg,,https://c.onlyaff.app/7Ds4lB,ALO —-> 9€ 💎
31211,2026-04-06T18:34:47,photos/photo_29150@06-04-2026_18-34-47.jpg,,https://c.onlyaff.app/7Dtp0t,"ADIDAS (pantalón) —-> 38€ 💎
También en Negro 🎨"
31212,2026-04-06T18:37:29,photos/photo_29151@06-04-2026_18-37-29.jpg,,https://c.onlyaff.app/7DtuJy,ADIDAS Superstar —-> 31€ 💎
31213,2026-04-06T18:37:29,photos/photo_29152@06-04-2026_18-37-29.jpg,,,
31214,2026-04-06T18:37:29,photos/photo_29153@06-04-2026_18-37-29.jpg,,,
31215,2026-04-06T18:46:13,photos/photo_29154@06-04-2026_18-46-13.jpg,,https://c.onlyaff.app/7Du69v,STUSSY —-> 19€ 💎
31216,2026-04-06T18:46:13,photos/photo_29155@06-04-2026_18-46-13.jpg,,,
31217,2026-04-06T18:46:13,photos/photo_29156@06-04-2026_18-46-13.jpg,,,
31218,2026-04-06T19:01:40,photos/photo_29157@06-04-2026_19-01-40.jpg,,https://c.onlyaff.app/7Dv12N,"NEW BALANCE 327 —-> 22€ 💎
Muchos Colores 🎨
Tallas de Adulto y Niñ@
(YepExpress)"
31219,2026-04-06T19:17:28,photos/photo_29158@06-04-2026_19-17-28.jpg,,https://c.onlyaff.app/7Dw35k,THE NORTH FACE (cortavientos) —-> 29€ 💎
31220,2026-04-06T19:23:35,photos/photo_29159@06-04-2026_19-23-35.jpg,,https://c.onlyaff.app/7Dwlaz,"ADIDAS —-> 26€ 💎
Varios Colores 🎨"
31221,2026-04-06T19:26:15,photos/photo_29160@06-04-2026_19-26-15.jpg,,https://c.onlyaff.app/7DwvOI,"NIKE Moon x JACQUEMUS —-> 41€ 💎
🚨 Se agotan muy rápido 💨"
31222,2026-04-06T19:26:15,photos/photo_29161@06-04-2026_19-26-15.jpg,,,
31223,2026-04-06T19:26:16,photos/photo_29162@06-04-2026_19-26-16.jpg,,,
31224,2026-04-06T19:26:16,photos/photo_29163@06-04-2026_19-26-16.jpg,,,
31225,2026-04-06T19:26:16,photos/photo_29164@06-04-2026_19-26-16.jpg,,,
31226,2026-04-06T20:19:46,photos/photo_29165@06-04-2026_20-19-46.jpg,,https://c.onlyaff.app/7DH5e7,ALO —-> 30€ 💎
31227,2026-04-06T20:59:17,photos/photo_29166@06-04-2026_20-59-17.jpg,,https://c.onlyaff.app/7DWbYh,"ADIDAS ""Año Nuevo Chino"" —-> 42€ 💎
9 Nuevos Colores 🎨"
31228,2026-04-06T21:22:19,photos/photo_29167@06-04-2026_21-22-19.jpg,,https://c.onlyaff.app/7DY01p,ADIDAS Samba OG —-> 22€ 💎
31230,2026-04-07T10:13:37,photos/photo_29168@07-04-2026_10-13-37.jpg,,https://c.onlyaff.app/7Eih0C,POLO RALPH LAUREN —-> 21€ 💎
31231,2026-04-07T13:00:35,photos/photo_29169@07-04-2026_13-00-35.jpg,,https://c.onlyaff.app/7EGQpT,ADIDAS Gazelle x CLOT —-> 32€ 💎
31232,2026-04-07T13:00:35,photos/photo_29170@07-04-2026_13-00-35.jpg,,,
31233,2026-04-07T13:00:35,photos/photo_29171@07-04-2026_13-00-35.jpg,,,
31234,2026-04-07T13:50:15,photos/photo_29172@07-04-2026_13-50-15.jpg,,https://c.onlyaff.app/7EJwl4,"SYNA —-> 24€ 💎
Muchos Colores 🎨"
31235,2026-04-07T14:27:19,photos/photo_29173@07-04-2026_14-27-19.jpg,,https://c.onlyaff.app/7EKUdX,"OWALA (termo) —-> 19€ 💎
22 Colores 🎨"
31236,2026-04-07T14:27:19,photos/photo_29174@07-04-2026_14-27-19.jpg,,,
31237,2026-04-07T14:27:19,photos/photo_29175@07-04-2026_14-27-19.jpg,,,
31238,2026-04-07T15:02:08,photos/photo_29176@07-04-2026_15-02-08.jpg,,https://c.onlyaff.app/7EMyDH,STUSSY —-> 26€ 💎
31239,2026-04-07T15:05:23,photos/photo_29177@07-04-2026_15-05-23.jpg,,https://c.onlyaff.app/7EMGXk,CARHARTT —-> 29€ 💎
31240,2026-04-07T15:11:59,photos/photo_29178@07-04-2026_15-11-59.jpg,,https://c.onlyaff.app/7EMTA9,"ADIDAS —-> 17€ 💎
También en Rosa 🎨"
31241,2026-04-07T15:14:41,photos/photo_29179@07-04-2026_15-14-41.jpg,,https://c.onlyaff.app/LtHkJ,"ASICS Gel NYC —-> 25€ 💎
16 Colores 🎨"
31242,2026-04-07T15:14:41,photos/photo_29180@07-04-2026_15-14-41.jpg,,,
31243,2026-04-07T15:14:41,photos/photo_29181@07-04-2026_15-14-41.jpg,,,
31244,2026-04-07T15:21:55,photos/photo_29182@07-04-2026_15-21-55.jpg,,https://c.onlyaff.app/7ENh0R,"AMIRI Classic Low —-> 40€ 💎
Varios Colores 🎨"
31245,2026-04-07T15:43:34,photos/photo_29183@07-04-2026_15-43-34.jpg,,https://c.onlyaff.app/7EO0Os,ADIDAS Tokyo —-> 35€ 💎
31246,2026-04-07T15:43:34,photos/photo_29184@07-04-2026_15-43-34.jpg,,,
31247,2026-04-07T15:43:34,photos/photo_29185@07-04-2026_15-43-34.jpg,,,
31248,2026-04-07T17:06:12,photos/photo_29186@07-04-2026_17-06-12.jpg,,https://c.onlyaff.app/7ER0QL,POLO RALPH LAUREN —-> 19€ 💎
31249,2026-04-07T18:53:58,photos/photo_29187@07-04-2026_18-53-58.jpg,,https://c.onlyaff.app/7EXGPD,PALM ANGELS —-> 21€ 💎
31250,2026-04-07T19:03:59,photos/photo_29188@07-04-2026_19-03-59.jpg,,https://c.onlyaff.app/7EY6ig,AMI PARIS —-> 29€ 💎
31251,2026-04-07T19:03:59,photos/photo_29189@07-04-2026_19-03-59.jpg,,,
31252,2026-04-07T19:04:00,photos/photo_29190@07-04-2026_19-04-00.jpg,,,
31253,2026-04-07T19:26:06,photos/photo_29191@07-04-2026_19-26-06.jpg,,https://c.onlyaff.app/7EZk9o,"POLO RALPH LAUREN (bañador) —-> 12€ 💎
Varios Colores 🎨"
31254,2026-04-07T19:35:28,photos/photo_29192@07-04-2026_19-35-28.jpg,,https://c.onlyaff.app/7EZQ3k,"STONE ISLAND —-> 16€ 💎
Varios Colores 🎨"
31255,2026-04-07T19:37:51,photos/photo_29193@07-04-2026_19-37-51.jpg,,https://c.onlyaff.app/7F00dI,"GUESS —-> 25€ 💎
También en Negro 🎨"
31256,2026-04-07T20:00:56,photos/photo_29194@07-04-2026_20-00-56.jpg,,https://c.onlyaff.app/7F1b04,"CONVERSE —-> 25€ 💎
Muchos Colores Altas y Bajas 🎨"
31257,2026-04-07T20:00:56,photos/photo_29195@07-04-2026_20-00-56.jpg,,,
31258,2026-04-07T20:00:56,photos/photo_29196@07-04-2026_20-00-56.jpg,,,
31259,2026-04-07T20:00:56,photos/photo_29197@07-04-2026_20-00-56.jpg,,,
31260,2026-04-07T20:00:56,photos/photo_29198@07-04-2026_20-00-56.jpg,,,
31261,2026-04-07T20:00:56,photos/photo_29199@07-04-2026_20-00-56.jpg,,,
31262,2026-04-07T20:00:56,photos/photo_29200@07-04-2026_20-00-56.jpg,,,
31264,2026-04-07T20:00:56,photos/photo_29201@07-04-2026_20-00-56.jpg,,,
31265,2026-04-07T20:00:56,photos/photo_29202@07-04-2026_20-00-56.jpg,,,
31266,2026-04-07T20:30:05,photos/photo_29203@07-04-2026_20-30-05.jpg,,https://c.onlyaff.app/7FczgO,ADIDAS Gazelle x BAD BUNNY —-> 29€ 💎
31267,2026-04-07T20:30:05,photos/photo_29204@07-04-2026_20-30-05.jpg,,,
31268,2026-04-07T20:30:05,photos/photo_29205@07-04-2026_20-30-05.jpg,,,
31269,2026-04-07T20:30:05,photos/photo_29206@07-04-2026_20-30-05.jpg,,,
31270,2026-04-07T20:30:05,photos/photo_29207@07-04-2026_20-30-05.jpg,,,
31271,2026-04-07T20:33:20,photos/photo_29208@07-04-2026_20-33-20.jpg,,https://c.onlyaff.app/Lwpd3,"ADIDAS AdiFom —-> 22€ 💎
Muchos Colores 🎨"
31272,2026-04-07T21:13:33,photos/photo_29209@07-04-2026_21-13-33.jpg,,https://c.onlyaff.app/7FpbkW,"CARHARTT —-> 31€ 💎
Varios Colores 🎨"
31273,2026-04-07T21:14:46,photos/photo_29210@07-04-2026_21-14-46.jpg,,https://c.onlyaff.app/7FpgwF,"CORTEIZ —-> 35€ 💎
Varios Colores 🎨"
31274,2026-04-07T21:14:46,photos/photo_29211@07-04-2026_21-14-46.jpg,,,
31275,2026-04-07T21:14:46,photos/photo_29212@07-04-2026_21-14-46.jpg,,,
31276,2026-04-07T21:18:05,photos/photo_29213@07-04-2026_21-18-05.jpg,,https://c.onlyaff.app/7FppSz,"HELLSTAR —-> 34€ 💎
23 Modelos 🎨"
31277,2026-04-07T21:18:05,photos/photo_29214@07-04-2026_21-18-05.jpg,,,
31278,2026-04-07T21:18:05,photos/photo_29215@07-04-2026_21-18-05.jpg,,,
31279,2026-04-07T21:18:06,photos/photo_29216@07-04-2026_21-18-06.jpg,,,
31280,2026-04-07T21:18:06,photos/photo_29217@07-04-2026_21-18-06.jpg,,,
31281,2026-04-07T21:18:06,photos/photo_29218@07-04-2026_21-18-06.jpg,,,
31282,2026-04-07T21:18:06,photos/photo_29219@07-04-2026_21-18-06.jpg,,,
31283,2026-04-07T21:18:06,photos/photo_29220@07-04-2026_21-18-06.jpg,,,
31284,2026-04-07T21:18:06,photos/photo_29221@07-04-2026_21-18-06.jpg,,,
31285,2026-04-07T21:18:06,photos/photo_29222@07-04-2026_21-18-06.jpg,,,
31286,2026-04-07T21:19:40,photos/photo_29223@07-04-2026_21-19-40.jpg,,https://c.onlyaff.app/LxyhP,"CORTEIZ —-> 25€ 💎
27 Modelos 🎨"
31287,2026-04-07T21:21:51,photos/photo_29224@07-04-2026_21-21-51.jpg,,https://c.onlyaff.app/7FpE6T,"ADIDAS x SNS —-> 23€ 💎
17 Modelos 🎨
(Fotos realizadas por mi) 📸"
31288,2026-04-07T21:21:51,photos/photo_29225@07-04-2026_21-21-51.jpg,,,
31289,2026-04-07T21:21:51,photos/photo_29226@07-04-2026_21-21-51.jpg,,,
31290,2026-04-07T21:44:42,photos/photo_29227@07-04-2026_21-44-42.jpg,,https://c.onlyaff.app/LxHsi,"EME STUDIOS —-> 18€ 💎
🚨 Se agota MUY rápido 💨"
31291,2026-04-07T22:14:49,photos/photo_29228@07-04-2026_22-14-49.jpg,,https://c.onlyaff.app/7Ftfz6,ASICS Gel Kayano 20 —-> 34€ 💎
31292,2026-04-07T22:14:50,photos/photo_29229@07-04-2026_22-14-50.jpg,,,
31293,2026-04-07T22:14:50,photos/photo_29230@07-04-2026_22-14-50.jpg,,,
31294,2026-04-07T22:14:50,photos/photo_29231@07-04-2026_22-14-50.jpg,,,
31295,2026-04-07T22:14:50,photos/photo_29232@07-04-2026_22-14-50.jpg,,,
31296,2026-04-07T22:14:50,photos/photo_29233@07-04-2026_22-14-50.jpg,,,
31297,2026-04-07T22:14:50,photos/photo_29234@07-04-2026_22-14-50.jpg,,,
31298,2026-04-07T22:14:50,photos/photo_29235@07-04-2026_22-14-50.jpg,,,
31299,2026-04-07T22:14:50,photos/photo_29236@07-04-2026_22-14-50.jpg,,,
31301,2026-04-08T08:42:01,photos/photo_29237@08-04-2026_08-42-01.jpg,,https://c.onlyaff.app/7FwTOr,"ADIDAS —-> 10€ 💎
Varios Colores 🎨"
31302,2026-04-08T09:10:12,photos/photo_29238@08-04-2026_09-10-12.jpg,,https://c.onlyaff.app/7FwY66,"CASA BLANCA —-> 33€ 💎
Varios Colores 🎨"
31303,2026-04-08T09:11:01,photos/photo_29239@08-04-2026_09-11-01.jpg,,https://c.onlyaff.app/Lyje7,NIKE Inglaterra Mundial 2026 —-> 11€ 💎
31304,2026-04-08T09:12:01,photos/photo_29240@08-04-2026_09-12-01.jpg,,https://c.onlyaff.app/7Fx9IR,ADIDAS Chile Mundial 2026 —-> 13€ 💎
31305,2026-04-08T09:14:01,photos/photo_29241@08-04-2026_09-14-01.jpg,,https://c.onlyaff.app/7FxcFW,"ADIDAS España Mundial 2026 —-> 11€ 💎
También la Roja 🎨"
31306,2026-04-08T09:46:01,photos/photo_29242@08-04-2026_09-46-01.jpg,,https://c.onlyaff.app/7Fxdxw,STONE ISLAND —-> 26€ 💎
31307,2026-04-08T10:04:25,photos/photo_29243@08-04-2026_10-04-25.jpg,,https://c.onlyaff.app/7Fyagf,POLO RALPH LAUREN —-> 16€ 16€ 💎
31308,2026-04-08T10:11:01,photos/photo_29244@08-04-2026_10-11-01.jpg,,https://c.onlyaff.app/7Fybs2,ESSENTIALS x FEAR OF GOD —-> 19€ 💎
31309,2026-04-08T10:14:01,photos/photo_29245@08-04-2026_10-14-01.jpg,,https://c.onlyaff.app/Lyq3m,"AMI PARIS —-> 8€ 💎
Varios Colores 🎨"
31310,2026-04-08T10:24:01,photos/photo_29246@08-04-2026_10-24-01.jpg,,https://c.onlyaff.app/7FyezU,ADIDAS Response CL x BAD BUNNY —-> 35€ 💎
31311,2026-04-08T10:24:01,photos/photo_29247@08-04-2026_10-24-01.jpg,,,
31312,2026-04-08T10:24:01,photos/photo_29248@08-04-2026_10-24-01.jpg,,,
31313,2026-04-08T10:24:01,photos/photo_29249@08-04-2026_10-24-01.jpg,,,
31314,2026-04-08T10:24:01,photos/photo_29250@08-04-2026_10-24-01.jpg,,,
31315,2026-04-08T12:10:00,photos/photo_29251@08-04-2026_12-10-00.jpg,,https://c.onlyaff.app/7G5YTG,"NUMERIS —-> 59€ 💎
Varios Colores 🎨
Nuevo Enlace 🔗"
31316,2026-04-08T14:31:44,photos/photo_29252@08-04-2026_14-31-44.jpg,,https://c.onlyaff.app/7Gdd9V,CARHARTT —-> 21€ 💎
31317,2026-04-08T14:34:27,photos/photo_29253@08-04-2026_14-34-27.jpg,,https://c.onlyaff.app/7Gdk4s,CAROLINA HERRERA —-> 19€ 💎
31318,2026-04-08T14:34:27,photos/photo_29254@08-04-2026_14-34-27.jpg,,,
31319,2026-04-08T14:34:27,photos/photo_29255@08-04-2026_14-34-27.jpg,,,
31320,2026-04-08T15:03:07,photos/photo_29256@08-04-2026_15-03-07.jpg,,https://c.onlyaff.app/7Geg1L,HELLSTAR (chándal completo) —-> 74€ 💎
31321,2026-04-08T15:05:41,photos/photo_29257@08-04-2026_15-05-41.jpg,,https://c.onlyaff.app/7GesoA,MIU MIU —-> 7€ 💎
31322,2026-04-08T15:07:17,photos/photo_29258@08-04-2026_15-07-17.jpg,,https://c.onlyaff.app/7Gevjr,HELLSTAR —-> 18€ 💎
31323,2026-04-08T15:09:08,photos/photo_29259@08-04-2026_15-09-08.jpg,,https://c.onlyaff.app/7GexPu,AMI PARIS —-> 18€ 💎
31324,2026-04-08T15:10:44,photos/photo_29260@08-04-2026_15-10-44.jpg,,https://c.onlyaff.app/7GeBCB,"ADIDAS Campus —-> 21€ 💎
17 Colores 🎨"
31325,2026-04-08T15:10:44,photos/photo_29261@08-04-2026_15-10-44.jpg,,,
31326,2026-04-08T15:10:44,photos/photo_29262@08-04-2026_15-10-44.jpg,,,
31327,2026-04-08T15:10:44,photos/photo_29263@08-04-2026_15-10-44.jpg,,,
31328,2026-04-08T15:10:44,photos/photo_29264@08-04-2026_15-10-44.jpg,,,
31329,2026-04-08T15:10:44,photos/photo_29265@08-04-2026_15-10-44.jpg,,,
31330,2026-04-08T15:10:44,photos/photo_29266@08-04-2026_15-10-44.jpg,,,
31331,2026-04-08T15:10:44,photos/photo_29267@08-04-2026_15-10-44.jpg,,,
31332,2026-04-08T15:10:45,photos/photo_29268@08-04-2026_15-10-45.jpg,,,
31333,2026-04-08T15:12:17,photos/photo_29269@08-04-2026_15-12-17.jpg,,https://c.onlyaff.app/7GeH7v,ADIDAS SL72 RS —-> 33€ 💎
31334,2026-04-08T15:12:17,photos/photo_29270@08-04-2026_15-12-17.jpg,,,
31335,2026-04-08T15:12:17,photos/photo_29271@08-04-2026_15-12-17.jpg,,,
31336,2026-04-08T15:12:17,photos/photo_29272@08-04-2026_15-12-17.jpg,,,
31337,2026-04-08T15:12:17,photos/photo_29273@08-04-2026_15-12-17.jpg,,,
31338,2026-04-08T15:12:17,photos/photo_29274@08-04-2026_15-12-17.jpg,,,
31339,2026-04-08T15:12:17,photos/photo_29275@08-04-2026_15-12-17.jpg,,,
31340,2026-04-08T15:12:17,photos/photo_29276@08-04-2026_15-12-17.jpg,,,
31341,2026-04-08T16:54:20,photos/photo_29277@08-04-2026_16-54-20.jpg,,https://c.onlyaff.app/7Gj7FE,ON CLOUD 6 —-> 24€ 💎
31342,2026-04-08T16:54:20,photos/photo_29278@08-04-2026_16-54-20.jpg,,,
31343,2026-04-08T16:54:20,photos/photo_29279@08-04-2026_16-54-20.jpg,,,
31344,2026-04-08T16:54:20,photos/photo_29280@08-04-2026_16-54-20.jpg,,,
31345,2026-04-08T16:54:20,photos/photo_29281@08-04-2026_16-54-20.jpg,,,
31346,2026-04-08T18:02:30,photos/photo_29282@08-04-2026_18-02-30.jpg,,https://c.onlyaff.app/7Gm6HP,ASICS Gel NYC 2055 —-> 26€ 💎
31347,2026-04-08T18:02:30,photos/photo_29283@08-04-2026_18-02-30.jpg,,,
31348,2026-04-08T18:02:30,photos/photo_29284@08-04-2026_18-02-30.jpg,,,
31349,2026-04-08T18:02:30,photos/photo_29285@08-04-2026_18-02-30.jpg,,,
31350,2026-04-08T18:02:30,photos/photo_29286@08-04-2026_18-02-30.jpg,,,
31352,2026-04-08T18:02:30,photos/photo_29287@08-04-2026_18-02-30.jpg,,,
31353,2026-04-08T18:02:30,photos/photo_29288@08-04-2026_18-02-30.jpg,,,
31354,2026-04-08T18:02:30,photos/photo_29289@08-04-2026_18-02-30.jpg,,,
31355,2026-04-08T20:06:13,photos/photo_29290@08-04-2026_20-06-13.jpg,,https://c.onlyaff.app/7Gv35t,"ADIDAS España Mundial 2026 (chándal completo) —-> 30€ 💎
También en Blanco 🎨"
31356,2026-04-08T22:05:43,photos/photo_29291@08-04-2026_22-05-43.jpg,,https://c.onlyaff.app/7GTr2p,POLO RALPH LAUREN —-> 14€ 💎
31360,2026-04-08T22:09:37,photos/photo_29292@08-04-2026_22-09-37.jpg,,https://c.onlyaff.app/7GTvDL,"ON CLOUD BoomStrike —-> 26€ 💎
Varios Colores 🎨"
31361,2026-04-08T22:09:37,photos/photo_29293@08-04-2026_22-09-37.jpg,,,
31362,2026-04-08T22:09:37,photos/photo_29294@08-04-2026_22-09-37.jpg,,,
31363,2026-04-08T22:40:10,photos/photo_29295@08-04-2026_22-40-10.jpg,,https://c.onlyaff.app/7GUWMU,"POLO RALPH LAUREN (bañador) —-> 14€ 💎
8 Colores 🎨"
31366,2026-04-09T08:46:01,photos/photo_29296@09-04-2026_08-46-01.jpg,,https://c.onlyaff.app/7H13or,"CONVER x ESSENTIALS FEAR OF GOD —-> 31€ 💎
Varios Colores 🎨"
31368,2026-04-09T09:36:01,photos/photo_29297@09-04-2026_09-36-01.jpg,,https://c.onlyaff.app/7H17Gb,"Proyector 4K Wifi —-> 40€ 💎

🚨 Producto perfecto para que aprovechéis la promo del 90%, os queda en menos de 4€ ! ✅

Calidad 🔝"
31369,2026-04-09T09:58:01,photos/photo_29298@09-04-2026_09-58-01.jpg,,https://c.onlyaff.app/7H1eT9,ADIDAS Spezial —-> 23€ 💎
31370,2026-04-09T10:01:01,photos/photo_29299@09-04-2026_10-01-01.jpg,,https://c.onlyaff.app/7H1H17,ADIDAS Samba OG W —-> 22€ 💎
31371,2026-04-09T10:02:01,photos/photo_29300@09-04-2026_10-02-01.jpg,,https://c.onlyaff.app/LHzOG,CARHARTT —-> 6€ 💎
31372,2026-04-09T10:02:01,photos/photo_29301@09-04-2026_10-02-01.jpg,,,
31373,2026-04-09T10:02:01,photos/photo_29302@09-04-2026_10-02-01.jpg,,,
31374,2026-04-09T10:03:01,photos/photo_29303@09-04-2026_10-03-01.jpg,,https://c.onlyaff.app/7H1RQL,CORTEIZ —-> 9€ 💎
31375,2026-04-09T10:04:04,photos/photo_29304@09-04-2026_10-04-04.jpg,,https://c.onlyaff.app/7H1eZf,"ADIDAS Samba x WALES BONNER —-> 24€ 💎
También en Blanco 🎨"
31376,2026-04-09T10:11:01,photos/photo_29305@09-04-2026_10-11-01.jpg,,https://c.onlyaff.app/7H1ViA,ESSENTIALS (conjunto) —-> 35€ 💎
31377,2026-04-09T10:14:01,photos/photo_29306@09-04-2026_10-14-01.jpg,,https://c.onlyaff.app/7H1Z3t,"CARHARTT (bordado) —-> 15€ 💎
Varios Colores 🎨"
31378,2026-04-09T10:36:01,photos/photo_29307@09-04-2026_10-36-01.jpg,,https://c.onlyaff.app/7H23y4,DSQUARED2 —-> 18€ 💎
31379,2026-04-09T10:38:01,photos/photo_29308@09-04-2026_10-38-01.jpg,,https://c.onlyaff.app/7H28Oi,FRED PERRY —-> 20€ 💎
31380,2026-04-09T10:40:16,photos/photo_29309@09-04-2026_10-40-16.jpg,,https://c.onlyaff.app/7H2dju,GALLERY DEPT —-> 15€ 💎
31381,2026-04-09T10:42:01,photos/photo_29310@09-04-2026_10-42-01.jpg,,https://c.onlyaff.app/7H2hvl,CORTEIZ —-> 34€ 💎
31382,2026-04-09T11:03:01,photos/photo_29311@09-04-2026_11-03-01.jpg,,https://c.onlyaff.app/7H2m2V,UNDER ARMOUR (5 pares) —-> 10€ 💎
31383,2026-04-09T11:03:57,photos/photo_29312@09-04-2026_11-03-57.jpg,,https://c.onlyaff.app/7H2r6f,"POLO RALPH LAUREN (5 pares) —-> 12€ 💎
Varios Packs de Colores 🎨
(Fotos realizadas por mi) 📸"
31384,2026-04-09T11:03:57,photos/photo_29313@09-04-2026_11-03-57.jpg,,,
31385,2026-04-09T11:03:57,photos/photo_29314@09-04-2026_11-03-57.jpg,,,
31386,2026-04-09T11:10:09,photos/photo_29315@09-04-2026_11-10-09.jpg,,https://c.onlyaff.app/7H2uBq,"KANKEN —-> 11€ 💎
24 Colores 🎨"
31387,2026-04-09T11:24:01,photos/photo_29316@09-04-2026_11-24-01.jpg,,https://c.onlyaff.app/7H2yzI,"ON CLOUD Tilt —-> 30€ 💎
15 Colores 🎨"
31388,2026-04-09T11:24:01,photos/photo_29317@09-04-2026_11-24-01.jpg,,,
31389,2026-04-09T11:24:01,photos/photo_29318@09-04-2026_11-24-01.jpg,,,
31390,2026-04-09T11:24:01,photos/photo_29319@09-04-2026_11-24-01.jpg,,,
31391,2026-04-09T11:24:01,photos/photo_29320@09-04-2026_11-24-01.jpg,,,
31392,2026-04-09T11:24:01,photos/photo_29321@09-04-2026_11-24-01.jpg,,,
31393,2026-04-09T11:24:01,photos/photo_29322@09-04-2026_11-24-01.jpg,,,
31394,2026-04-09T11:24:01,photos/photo_29323@09-04-2026_11-24-01.jpg,,,
31395,2026-04-09T12:51:42,photos/photo_29324@09-04-2026_12-51-42.jpg,,https://c.onlyaff.app/LLr5h,"ADIDAS España Mundial 2026 —-> 16€ 💎
Muchos Dorsales 🎨"
31396,2026-04-09T12:51:42,photos/photo_29325@09-04-2026_12-51-42.jpg,,,
31397,2026-04-09T12:51:42,photos/photo_29326@09-04-2026_12-51-42.jpg,,,
31398,2026-04-09T15:40:03,photos/photo_29327@09-04-2026_15-40-03.jpg,,,"🚨🔥 ¡VUELVE LA PROMO DEL 90%! 🔥🚨

Desde ahora, el 90% de descuento en el artículo más caro SOLO dura 72 HORAS desde que te registras ⏳

👉 Si eres nuevo y acabas de entrar en Hacoo:
TIENES SOLO 3 DÍAS para hacer tu primer pedido
❌ Después → pierdes el 90%

💥 Recuerda:
 • Solo válido para usuarios nuevos
 • Con datos nuevos (dirección y teléfono)

🔥 Nuestra recomendación:
Si acabas de registrarte → NO LO DEJES PARA LUEGO
Haz tu pedido cuanto antes y aprovecha el descuento al máximo

🎁 Además, puedes añadir nuestro código:
""SUPER14"" → y tendréis un 14% extra en todo el pedido 🤯"
31399,2026-04-09T17:24:19,photos/photo_29328@09-04-2026_17-24-19.jpg,,https://c.onlyaff.app/LMY4r,CARHARTT —-> 6€ 💎
31400,2026-04-09T17:48:03,photos/photo_29329@09-04-2026_17-48-03.jpg,,https://c.onlyaff.app/LN5XC,BIRKENSTOCK —-> 35€ 💎
31401,2026-04-09T17:48:03,photos/photo_29330@09-04-2026_17-48-03.jpg,,,
31402,2026-04-09T17:48:03,photos/photo_29331@09-04-2026_17-48-03.jpg,,,
31403,2026-04-09T18:03:36,photos/photo_29332@09-04-2026_18-03-36.jpg,,https://c.onlyaff.app/LNcWF,"MIU MIU —-> 8€ 💎
Varios Colores 🎨"
31404,2026-04-09T18:14:43,photos/photo_29333@09-04-2026_18-14-43.jpg,,https://c.onlyaff.app/7HWLD3,SP5DER x TRAVIS SCOTT —-> 23€ 💎
31405,2026-04-09T18:52:09,photos/photo_29334@09-04-2026_18-52-09.jpg,,https://c.onlyaff.app/7HYPaX,"ADIDAS Argentina Mundial 2026 —-> 13€ 💎
Muchos Dorsales 🎨"
31406,2026-04-09T18:52:10,photos/photo_29335@09-04-2026_18-52-10.jpg,,,
31407,2026-04-09T18:52:10,photos/photo_29336@09-04-2026_18-52-10.jpg,,,
31408,2026-04-09T19:26:59,photos/photo_29337@09-04-2026_19-26-59.jpg,,https://c.onlyaff.app/7I0bX0,"MONCLER —-> 8€ 💎
Varios Colores 🎨"
31411,2026-04-09T19:30:19,photos/photo_29338@09-04-2026_19-30-19.jpg,,https://c.onlyaff.app/7I0kxi,"NUMERIS —-> 59€ 💎
Varios Colores 🎨
Nuevo Enlace 🔗"
31412,2026-04-09T19:31:37,photos/photo_29339@09-04-2026_19-31-37.jpg,,https://c.onlyaff.app/7I0pA0,"BIRKENSTOCK —-> 22€ 💎
Muchos Colores 🎨
(Fotos realizadas por mi) 📸"
31413,2026-04-09T19:31:37,photos/photo_29340@09-04-2026_19-31-37.jpg,,,
31414,2026-04-09T19:31:37,photos/photo_29341@09-04-2026_19-31-37.jpg,,,
31415,2026-04-09T21:05:51,photos/photo_29342@09-04-2026_21-05-51.jpg,,https://c.onlyaff.app/7Ip3FX,SAINT —-> 18€ 💎
31416,2026-04-09T21:27:05,photos/photo_29343@09-04-2026_21-27-05.jpg,,https://c.onlyaff.app/7Iq8fO,POLO RALPH LAUREN —-> 22€ 💎
31417,2026-04-09T21:33:54,photos/photo_29344@09-04-2026_21-33-54.jpg,,https://c.onlyaff.app/7Iqs3p,"CROCS x CARS —-> 13€ 💎
Varios Colores 🎨
🚨 Se agotan muy rápido 💨"
31418,2026-04-09T21:38:16,photos/photo_29345@09-04-2026_21-38-16.jpg,,https://c.onlyaff.app/LQgn1,"ADIDAS Samba y Spezial —-> 22€ 💎
Nuevos Colores 🎨"
31419,2026-04-09T21:38:16,photos/photo_29346@09-04-2026_21-38-16.jpg,,,
31420,2026-04-09T21:38:16,photos/photo_29347@09-04-2026_21-38-16.jpg,,,
31421,2026-04-09T21:38:16,photos/photo_29348@09-04-2026_21-38-16.jpg,,,
31422,2026-04-09T21:38:16,photos/photo_29349@09-04-2026_21-38-16.jpg,,,
31423,2026-04-09T21:38:16,photos/photo_29350@09-04-2026_21-38-16.jpg,,,
31424,2026-04-09T21:38:16,photos/photo_29351@09-04-2026_21-38-16.jpg,,,
31425,2026-04-09T21:38:16,photos/photo_29352@09-04-2026_21-38-16.jpg,,,
31426,2026-04-09T22:06:38,photos/photo_29353@09-04-2026_22-06-38.jpg,,https://c.onlyaff.app/7IrY3A,"POLO RALPH LAUREN (bañador) —-> 11€ 💎
Varios Colores 🎨"
31427,2026-04-09T22:49:50,photos/photo_29354@09-04-2026_22-49-50.jpg,,https://c.onlyaff.app/7IuHMJ,CORTEIZ —-> 36€ 💎
31429,2026-04-10T08:45:12,photos/photo_29355@10-04-2026_08-45-12.jpg,,https://c.onlyaff.app/LQTAM,"AMIRI —-> 38€ 💎
Varios Colores 🎨"
31430,2026-04-10T08:46:01,photos/photo_29356@10-04-2026_08-46-01.jpg,,https://c.onlyaff.app/7IwYw2,"ADIDAS ""Sport & Rich"" —-> 23€ 💎
Varios Colores 🎨
(Fotos realizadas por mi) 📸"
31431,2026-04-10T08:46:01,photos/photo_29357@10-04-2026_08-46-01.jpg,,,
31432,2026-04-10T08:46:01,photos/photo_29358@10-04-2026_08-46-01.jpg,,,
31433,2026-04-10T09:10:07,photos/photo_29359@10-04-2026_09-10-07.jpg,,https://c.onlyaff.app/7IwYCs,"ASICS Gel Flux 4 —-> 31€ 💎
Varios Colores 🎨"
31434,2026-04-10T09:16:01,photos/photo_29360@10-04-2026_09-16-01.jpg,,https://c.onlyaff.app/7IwZ6l,"ADIDAS Ballerina x BAD BUNNY —-> 31€ 💎
Muchos Colores 🎨"
31435,2026-04-10T09:16:01,photos/photo_29361@10-04-2026_09-16-01.jpg,,,
31436,2026-04-10T09:16:01,photos/photo_29362@10-04-2026_09-16-01.jpg,,,
31437,2026-04-10T09:16:01,photos/photo_29363@10-04-2026_09-16-01.jpg,,,
31438,2026-04-10T09:18:01,photos/photo_29364@10-04-2026_09-18-01.jpg,,https://c.onlyaff.app/4MGOA,"MONCLER —-> 34€ 💎
Varios Colores 🎨"
31439,2026-04-10T09:22:01,photos/photo_29365@10-04-2026_09-22-01.jpg,,https://c.onlyaff.app/7Ix813,"UNDER ARMOUR —-> 10€ 💎
Muchos Colores 🎨"
31440,2026-04-10T09:24:01,photos/photo_29366@10-04-2026_09-24-01.jpg,,https://c.onlyaff.app/7IwZAi,"ONITSUKA TIGER Mexico —-> 25€ 💎
17 Colores 🎨"
31441,2026-04-10T09:24:01,photos/photo_29367@10-04-2026_09-24-01.jpg,,,
31442,2026-04-10T09:24:01,photos/photo_29368@10-04-2026_09-24-01.jpg,,,
31443,2026-04-10T09:26:01,photos/photo_29369@10-04-2026_09-26-01.jpg,,https://c.onlyaff.app/7Ix3vI,"THE NORTH FACE Vectic 4 —-> 36€ 💎
Varios Colores 🎨"
31444,2026-04-10T09:36:01,photos/photo_29370@10-04-2026_09-36-01.jpg,,https://c.onlyaff.app/7Ix6Zk,"POLO RALPH LAUREN —-> 10€ 💎
También Camisetas 🎨"
31445,2026-04-10T09:38:01,photos/photo_29371@10-04-2026_09-38-01.jpg,,https://c.onlyaff.app/7Ix7fP,CARHARTT —-> 7€ 💎
31446,2026-04-10T09:45:14,photos/photo_29372@10-04-2026_09-45-14.jpg,,https://c.onlyaff.app/7Ix8r6,"THE NORTH FACE (cortavientos) —-> 31€ 💎
Varios Colores 🎨"
31447,2026-04-10T09:45:14,photos/photo_29373@10-04-2026_09-45-14.jpg,,,
31448,2026-04-10T09:45:14,photos/photo_29374@10-04-2026_09-45-14.jpg,,,
31449,2026-04-10T09:56:01,photos/photo_29375@10-04-2026_09-56-01.jpg,,https://c.onlyaff.app/7Ix8UE,ADIDAS Juventus —-> 23€ 💎
31450,2026-04-10T10:11:01,photos/photo_29376@10-04-2026_10-11-01.jpg,,https://c.onlyaff.app/LQUch,"PAD 7 (tablet) —-> 123€ 💎
🚨 Perfecta para que aprovechéis nuestra promo del 90% 🎁
(Os queda en menos de 15€) 👀"
31451,2026-04-10T10:21:01,photos/photo_29377@10-04-2026_10-21-01.jpg,,https://c.onlyaff.app/7Ix7zv,POLO RALPH LAUREN —-> 25€ 💎
31452,2026-04-10T10:21:01,photos/photo_29378@10-04-2026_10-21-01.jpg,,,
31453,2026-04-10T10:21:01,photos/photo_29379@10-04-2026_10-21-01.jpg,,,
31454,2026-04-10T10:21:01,photos/photo_29380@10-04-2026_10-21-01.jpg,,,
31455,2026-04-10T10:21:01,photos/photo_29381@10-04-2026_10-21-01.jpg,,,
31456,2026-04-10T10:21:01,photos/photo_29382@10-04-2026_10-21-01.jpg,,,
31457,2026-04-10T10:21:01,photos/photo_29383@10-04-2026_10-21-01.jpg,,,
31458,2026-04-10T10:21:01,photos/photo_29384@10-04-2026_10-21-01.jpg,,,
31459,2026-04-10T12:06:15,photos/photo_29385@10-04-2026_12-06-15.jpg,,https://c.onlyaff.app/LVdg2,AMIRI —-> 24€ 💎
31460,2026-04-10T13:03:12,photos/photo_29386@10-04-2026_13-03-12.jpg,,https://c.onlyaff.app/7JgiOZ,CAROLINA HERRERA —-> 35€ 💎
31461,2026-04-10T13:03:12,photos/photo_29387@10-04-2026_13-03-12.jpg,,,
31462,2026-04-10T13:03:12,photos/photo_29388@10-04-2026_13-03-12.jpg,,,
31463,2026-04-10T13:03:12,photos/photo_29389@10-04-2026_13-03-12.jpg,,,
31464,2026-04-10T13:03:12,photos/photo_29390@10-04-2026_13-03-12.jpg,,,
31465,2026-04-10T13:04:19,photos/photo_29391@10-04-2026_13-04-19.jpg,,https://c.onlyaff.app/7Jgo8f,POLO RALPH LAUREN —-> 20€ 💎
31466,2026-04-10T13:44:29,photos/photo_29392@10-04-2026_13-44-29.jpg,,https://c.onlyaff.app/7JhqJg,"VEJA Rio —-> 33€ 💎
Varios Colores 🎨"
31467,2026-04-10T14:04:15,photos/photo_29393@10-04-2026_14-04-15.jpg,,https://c.onlyaff.app/7JicrZ,"JBL Grip —-> 30€ 💎
Muchos Colores 🎨"
31468,2026-04-10T14:05:54,photos/photo_29394@10-04-2026_14-05-54.jpg,,https://c.onlyaff.app/7JipQo,"TOM FORD —-> 12€ 💎
Muchos Colores 🎨"
31469,2026-04-10T14:07:14,photos/photo_29395@10-04-2026_14-07-14.jpg,,https://c.onlyaff.app/7JiE8w,"APPLE Watch Ultra 2 —-> 30€ 💎
🚨 Se agota muy rápido 💨"
31470,2026-04-10T14:08:42,photos/photo_29396@10-04-2026_14-08-42.jpg,,https://c.onlyaff.app/7JiKM9,"MARSHALL Minor 3 —-> 16€ 💎
También en Blanco 🎨"
31471,2026-04-10T14:08:42,photos/photo_29397@10-04-2026_14-08-42.jpg,,,
31472,2026-04-10T14:08:42,photos/photo_29398@10-04-2026_14-08-42.jpg,,,
31473,2026-04-10T14:33:13,photos/photo_29399@10-04-2026_14-33-13.jpg,,https://c.onlyaff.app/7JkOId,"ADIDAS Bermuda —-> 25€ 💎
11 Nuevos Colores 🎨"
31474,2026-04-10T14:33:13,photos/photo_29400@10-04-2026_14-33-13.jpg,,,
31475,2026-04-10T14:33:13,photos/photo_29401@10-04-2026_14-33-13.jpg,,,
31476,2026-04-10T14:33:13,photos/photo_29402@10-04-2026_14-33-13.jpg,,,
31477,2026-04-10T14:33:13,photos/photo_29403@10-04-2026_14-33-13.jpg,,,
31478,2026-04-10T14:33:13,photos/photo_29404@10-04-2026_14-33-13.jpg,,,
31479,2026-04-10T14:33:13,photos/photo_29405@10-04-2026_14-33-13.jpg,,,
31480,2026-04-10T14:33:13,photos/photo_29406@10-04-2026_14-33-13.jpg,,,
31481,2026-04-10T14:33:13,photos/photo_29407@10-04-2026_14-33-13.jpg,,,
31482,2026-04-10T17:06:34,photos/photo_29408@10-04-2026_17-06-34.jpg,,https://c.onlyaff.app/7JrA8H,ALO —-> 15€ 💎
31483,2026-04-10T17:07:17,photos/photo_29409@10-04-2026_17-07-17.jpg,,https://c.onlyaff.app/7JrCBm,ALO —-> 13€ 💎
31484,2026-04-10T17:47:47,photos/photo_29410@10-04-2026_17-47-47.jpg,,https://c.onlyaff.app/7JteqA,"ADIDAS Forum x BAD BUNNY —-> 35€ 💎
Muchos Colores 🎨"
31485,2026-04-10T17:47:47,photos/photo_29411@10-04-2026_17-47-47.jpg,,,
31486,2026-04-10T17:47:47,photos/photo_29412@10-04-2026_17-47-47.jpg,,,
31487,2026-04-10T17:47:47,photos/photo_29413@10-04-2026_17-47-47.jpg,,,
31488,2026-04-10T17:47:47,photos/photo_29414@10-04-2026_17-47-47.jpg,,,
31489,2026-04-10T18:36:17,photos/photo_29415@10-04-2026_18-36-17.jpg,,https://c.onlyaff.app/7Jvoom,CAROLINA HERRERA —-> 30€ 💎
31490,2026-04-10T18:36:17,photos/photo_29416@10-04-2026_18-36-17.jpg,,,
31491,2026-04-10T18:36:17,photos/photo_29417@10-04-2026_18-36-17.jpg,,,
31492,2026-04-10T19:09:44,photos/photo_29418@10-04-2026_19-09-44.jpg,,https://c.onlyaff.app/7Jxc7P,MIU MIU (falda + camiseta) —-> 32€ 💎
31493,2026-04-10T19:13:39,photos/photo_29419@10-04-2026_19-13-39.jpg,,https://c.onlyaff.app/7Jxldj,"GOLDEN GOOSE —-> 26€ 💎
8 Nuevos Colores 🎨"
31494,2026-04-10T19:19:51,photos/photo_29420@10-04-2026_19-19-51.jpg,,https://c.onlyaff.app/7JxFSP,AMI PARIS —-> 28€ 💎
31495,2026-04-10T19:31:22,photos/photo_29421@10-04-2026_19-31-22.jpg,,https://c.onlyaff.app/7Jydbb,"NIKE Air Max TN Plus —-> 27€ 💎
(YepExpress)"
31496,2026-04-10T19:31:22,photos/photo_29422@10-04-2026_19-31-22.jpg,,,
31497,2026-04-10T19:31:22,photos/photo_29423@10-04-2026_19-31-22.jpg,,,
31498,2026-04-10T19:31:22,photos/photo_29424@10-04-2026_19-31-22.jpg,,,
31499,2026-04-10T19:31:22,photos/photo_29425@10-04-2026_19-31-22.jpg,,,
31500,2026-04-10T22:40:39,photos/photo_29426@10-04-2026_22-40-39.jpg,,https://c.onlyaff.app/7K3hEO,ALO (pack 3) —-> 22€ 💎
31502,2026-04-11T08:46:01,photos/photo_29427@11-04-2026_08-46-01.jpg,,https://c.onlyaff.app/M0CX9,"NIKE (5 pares) —-> 6€ 💎
También en Blanco 🎨
(YepExpress)"
31503,2026-04-11T08:56:01,photos/photo_29428@11-04-2026_08-56-01.jpg,,https://c.onlyaff.app/7K6lRY,"REEBOK Premier Road —-> 43€ 💎
13 Colores 🎨"
31504,2026-04-11T08:56:01,photos/photo_29429@11-04-2026_08-56-01.jpg,,,
31505,2026-04-11T08:56:01,photos/photo_29430@11-04-2026_08-56-01.jpg,,,
31506,2026-04-11T08:56:01,photos/photo_29431@11-04-2026_08-56-01.jpg,,,
31507,2026-04-11T08:56:01,photos/photo_29432@11-04-2026_08-56-01.jpg,,,
31508,2026-04-11T08:56:01,photos/photo_29433@11-04-2026_08-56-01.jpg,,,
31509,2026-04-11T08:56:01,photos/photo_29434@11-04-2026_08-56-01.jpg,,,
31510,2026-04-11T08:56:01,photos/photo_29435@11-04-2026_08-56-01.jpg,,,
31511,2026-04-11T08:56:01,photos/photo_29436@11-04-2026_08-56-01.jpg,,,
31512,2026-04-11T08:56:01,photos/photo_29437@11-04-2026_08-56-01.jpg,,,
31513,2026-04-11T09:01:02,photos/photo_29438@11-04-2026_09-01-02.jpg,,https://c.onlyaff.app/7K5djW,CARHARTT —-> 10€ 💎
31514,2026-04-11T09:01:02,photos/photo_29439@11-04-2026_09-01-02.jpg,,,
31515,2026-04-11T09:01:02,photos/photo_29440@11-04-2026_09-01-02.jpg,,,
31516,2026-04-11T09:10:10,photos/photo_29441@11-04-2026_09-10-10.jpg,,https://c.onlyaff.app/7K4PA9,ALO (chándal completo) —-> 31€ 💎
31517,2026-04-11T09:16:01,photos/photo_29442@11-04-2026_09-16-01.jpg,,https://c.onlyaff.app/7K6dGk,ALO —-> 8€ 💎
31518,2026-04-11T09:17:01,photos/photo_29443@11-04-2026_09-17-01.jpg,,https://c.onlyaff.app/7K6tPQ,CARHARTT —-> 20€ 💎
31519,2026-04-11T09:18:01,photos/photo_29444@11-04-2026_09-18-01.jpg,,https://c.onlyaff.app/M0DPK,"CARHARTT (conjunto bordado) —-> 21€ 💎
Muchos Colores 🎨"
31520,2026-04-11T09:36:01,photos/photo_29445@11-04-2026_09-36-01.jpg,,https://c.onlyaff.app/7K6wqO,PALM ANGELS —-> 21€ 💎
31521,2026-04-11T09:38:01,photos/photo_29446@11-04-2026_09-38-01.jpg,,https://c.onlyaff.app/7K6xQC,CORTEIZ —-> 6€ 💎
31522,2026-04-11T09:44:01,photos/photo_29447@11-04-2026_09-44-01.jpg,,https://c.onlyaff.app/7K6Bo8,"CARHARTT Detroit (fina) —-> 43€ 💎
Muchos Colores 🎨"
31523,2026-04-11T09:48:01,photos/photo_29448@11-04-2026_09-48-01.jpg,,https://c.onlyaff.app/7K7l7y,"ON CLOUD Zone —-> 28€ 💎
Muchos Colores 🎨"
31524,2026-04-11T10:06:01,photos/photo_29449@11-04-2026_10-06-01.jpg,,https://c.onlyaff.app/7K6Eja,DIESEL —-> 10€ 💎
31525,2026-04-11T10:11:02,photos/photo_29450@11-04-2026_10-11-02.jpg,,https://c.onlyaff.app/7K7b8L,GOYARD —-> 38€ 💎
31526,2026-04-11T10:11:02,photos/photo_29451@11-04-2026_10-11-02.jpg,,,
31527,2026-04-11T10:11:02,photos/photo_29452@11-04-2026_10-11-02.jpg,,,
31528,2026-04-11T10:20:10,photos/photo_29453@11-04-2026_10-20-10.jpg,,https://c.onlyaff.app/7K7goC,"ANTI SOCIAL x ALPINESTAR —-> 14€ 💎
Muchos Colores 🎨"
31529,2026-04-11T10:24:01,photos/photo_29454@11-04-2026_10-24-01.jpg,,https://c.onlyaff.app/7K7iZ5,"ISABEL MARANT —-> 35€ 💎
Varios Colores 🎨"
31530,2026-04-11T10:32:01,photos/photo_29455@11-04-2026_10-32-01.jpg,,https://c.onlyaff.app/7K7oIg,"ASICS Gel Kayano 14 —-> 27€ 💎
Muchos Colores 🎨"
31531,2026-04-11T13:10:02,photos/photo_29456@11-04-2026_13-10-02.jpg,,https://c.onlyaff.app/7KKWJI,"MIU MIU —-> 19€ 💎
Muchos Colores 🎨"
31532,2026-04-11T14:25:58,photos/photo_29457@11-04-2026_14-25-58.jpg,,https://c.onlyaff.app/M5i43,AMIRI —-> 20€ 💎
31533,2026-04-11T14:28:58,photos/photo_29458@11-04-2026_14-28-58.jpg,,https://c.onlyaff.app/7KR2WH,"ADIDAS España Mundial 2026 (equipación completa) —-> 13€ 19€💎
Todos los Dorsales 🎨
(Tallas de adultos y niñ@s)"
31534,2026-04-11T14:28:58,photos/photo_29459@11-04-2026_14-28-58.jpg,,,
31535,2026-04-11T14:28:58,photos/photo_29460@11-04-2026_14-28-58.jpg,,,
31536,2026-04-11T14:30:43,photos/photo_29461@11-04-2026_14-30-43.jpg,,https://c.onlyaff.app/7KRcbP,"ADIDAS x OASIS —-> 13€ 💎
Varios Colores 🎨"
31537,2026-04-11T14:30:43,photos/photo_29462@11-04-2026_14-30-43.jpg,,,
31538,2026-04-11T14:30:43,photos/photo_29463@11-04-2026_14-30-43.jpg,,,
31539,2026-04-11T14:32:41,photos/photo_29464@11-04-2026_14-32-41.jpg,,https://c.onlyaff.app/7KRoEk,AMI PARIS —-> 16€ 💎
31540,2026-04-11T14:32:41,photos/photo_29465@11-04-2026_14-32-41.jpg,,,
31541,2026-04-11T14:32:41,photos/photo_29466@11-04-2026_14-32-41.jpg,,,
31542,2026-04-11T14:34:12,photos/photo_29467@11-04-2026_14-34-12.jpg,,https://c.onlyaff.app/7KRwGB,"ACNE STUDIOS —-> 18€ 💎
También en Blanco 🎨"
31543,2026-04-11T14:35:27,photos/photo_29468@11-04-2026_14-35-27.jpg,,https://c.onlyaff.app/7KREfW,AMIRI —-> 19€ 💎
31544,2026-04-11T14:37:34,photos/photo_29469@11-04-2026_14-37-34.jpg,,https://c.onlyaff.app/7KRMA2,ONITSUKA TIGER Trigun —-> 35€ 💎
31545,2026-04-11T14:37:34,photos/photo_29470@11-04-2026_14-37-34.jpg,,,
31546,2026-04-11T14:37:35,photos/photo_29471@11-04-2026_14-37-35.jpg,,,
31547,2026-04-11T14:37:35,photos/photo_29472@11-04-2026_14-37-35.jpg,,,
31548,2026-04-11T14:37:35,photos/photo_29473@11-04-2026_14-37-35.jpg,,,
31549,2026-04-11T14:39:18,photos/photo_29474@11-04-2026_14-39-18.jpg,,https://c.onlyaff.app/7KRPFB,"GUESS —-> 31€ 💎
Muchos Colores 🎨"
31550,2026-04-11T15:13:03,photos/photo_29475@11-04-2026_15-13-03.jpg,,https://c.onlyaff.app/M5wzr,"CARHARTT —-> 18€ 💎
Varios Colores 🎨"
31551,2026-04-11T17:04:00,photos/photo_29476@11-04-2026_17-04-00.jpg,,https://c.onlyaff.app/7KZaIb,"FRED PERRY —-> 13€ 💎
Varios Colores 🎨"
31552,2026-04-11T19:31:12,photos/photo_29477@11-04-2026_19-31-12.jpg,,https://c.onlyaff.app/7L7qnl,UNDER ARMOUR (chándal completo) —-> 23€ 💎
31553,2026-04-11T20:02:06,photos/photo_29478@11-04-2026_20-02-06.jpg,,https://c.onlyaff.app/7La3XY,"ADIDAS —-> 10€ 💎
Varios Colores 🎨"
31554,2026-04-11T20:32:42,photos/photo_29479@11-04-2026_20-32-42.jpg,,https://c.onlyaff.app/7LlG56,THE NORTH FACE —-> 31€ 💎
31555,2026-04-11T20:32:42,photos/photo_29480@11-04-2026_20-32-42.jpg,,,
31556,2026-04-11T20:32:42,photos/photo_29481@11-04-2026_20-32-42.jpg,,,
31557,2026-04-11T20:32:42,photos/photo_29482@11-04-2026_20-32-42.jpg,,,
31558,2026-04-11T20:32:42,photos/photo_29483@11-04-2026_20-32-42.jpg,,,
31559,2026-04-11T20:36:59,photos/photo_29484@11-04-2026_20-36-59.jpg,,https://c.onlyaff.app/7LnenU,ADIDAS Spezial —-> 19€ 💎
31560,2026-04-11T20:36:59,photos/photo_29485@11-04-2026_20-36-59.jpg,,,
31561,2026-04-11T20:36:59,photos/photo_29486@11-04-2026_20-36-59.jpg,,,
31562,2026-04-11T20:36:59,photos/photo_29487@11-04-2026_20-36-59.jpg,,,
31563,2026-04-11T20:37:00,photos/photo_29488@11-04-2026_20-37-00.jpg,,,
31564,2026-04-11T20:37:00,photos/photo_29489@11-04-2026_20-37-00.jpg,,,
31565,2026-04-11T20:37:00,photos/photo_29490@11-04-2026_20-37-00.jpg,,,
31566,2026-04-11T20:37:00,photos/photo_29491@11-04-2026_20-37-00.jpg,,,
31567,2026-04-11T20:37:00,photos/photo_29492@11-04-2026_20-37-00.jpg,,,
31568,2026-04-11T21:24:20,photos/photo_29493@11-04-2026_21-24-20.jpg,,https://c.onlyaff.app/7LwZvn,HELLSTAR —-> 19€ 💎
31569,2026-04-11T21:25:20,photos/photo_29494@11-04-2026_21-25-20.jpg,,https://c.onlyaff.app/7Lx6qA,ESSENTIALS x FEAR OF GOD —-> 16€ 💎
31570,2026-04-11T21:35:16,photos/photo_29495@11-04-2026_21-35-16.jpg,,https://c.onlyaff.app/7LxXU6,AMI PARIS —-> 27€ 💎
31571,2026-04-11T21:36:19,photos/photo_29496@11-04-2026_21-36-19.jpg,,https://c.onlyaff.app/7Ly9Kj,AMI PARIS (bordado) —-> 33€ 💎
31572,2026-04-11T21:37:40,photos/photo_29497@11-04-2026_21-37-40.jpg,,https://c.onlyaff.app/7LyhBE,AMI PARIS —-> 35€ 💎
31573,2026-04-11T21:40:28,photos/photo_29498@11-04-2026_21-40-28.jpg,,https://c.onlyaff.app/7Lyqvw,"POLO RALPH LAUREN —-> 32€ 💎
Varios Colores 🎨"
31574,2026-04-11T21:42:06,photos/photo_29499@11-04-2026_21-42-06.jpg,,https://c.onlyaff.app/7LyDWT,GALLERY DEPT —-> 17€ 💎
31575,2026-04-11T21:43:24,photos/photo_29500@11-04-2026_21-43-24.jpg,,https://c.onlyaff.app/7LyMnB,HELLSTAR —-> 28€ 💎
31576,2026-04-11T21:46:39,photos/photo_29501@11-04-2026_21-46-39.jpg,,https://c.onlyaff.app/7Lz85H,"BIRKENSTOCK —-> 18€ 💎
Varios Colores 🎨"
31577,2026-04-11T21:47:49,photos/photo_29502@11-04-2026_21-47-49.jpg,,https://c.onlyaff.app/7Lzdhp,ASICS Gel Kahana TR —-> 33€ 💎
31578,2026-04-11T21:47:49,photos/photo_29503@11-04-2026_21-47-49.jpg,,,
31579,2026-04-11T21:47:49,photos/photo_29504@11-04-2026_21-47-49.jpg,,,
31580,2026-04-11T21:55:10,photos/photo_29505@11-04-2026_21-55-10.jpg,,https://c.onlyaff.app/7LzL0v,"ADIDAS —-> 11€ 💎
Varios Colores 🎨"
31581,2026-04-11T21:56:09,photos/photo_29506@11-04-2026_21-56-09.jpg,,https://c.onlyaff.app/7LzQfG,DR MARTENS —-> 35€ 💎
31582,2026-04-11T21:57:34,photos/photo_29507@11-04-2026_21-57-34.jpg,,https://c.onlyaff.app/7LzV26,"YEEZY Slide —-> 11€ 💎
Muchos Colores 🎨
Hasta la talla 47 🆙"
31583,2026-04-11T21:57:34,photos/photo_29508@11-04-2026_21-57-34.jpg,,,
31584,2026-04-11T21:57:34,photos/photo_29509@11-04-2026_21-57-34.jpg,,,
31585,2026-04-11T21:57:34,photos/photo_29510@11-04-2026_21-57-34.jpg,,,
31586,2026-04-11T21:57:34,photos/photo_29511@11-04-2026_21-57-34.jpg,,,
31588,2026-04-11T23:34:58,photos/photo_29512@11-04-2026_23-34-58.jpg,,,"🚨🔥 ¡VUELVE LA PROMO DEL 90%! 🔥🚨

Desde ahora, el 90% de descuento en el artículo más caro SOLO dura 72 HORAS desde que te registras ⏳

👉 Si eres nuevo y acabas de entrar en Hacoo:
TIENES SOLO 3 DÍAS para hacer tu primer pedido
❌ Después → pierdes el 90%

💥 Recuerda:
 • Solo válido para usuarios nuevos
 • Con datos nuevos (dirección y teléfono)

🔥 Nuestra recomendación:
Si acabas de registrarte → NO LO DEJES PARA LUEGO
Haz tu pedido cuanto antes y aprovecha el descuento al máximo

🎁 Además, puedes añadir nuestro código:
""SUPER14"" → y tendréis un 14% extra en todo el pedido 🤯"
31589,2026-04-12T08:48:01,photos/photo_29513@12-04-2026_08-48-01.jpg,,https://c.onlyaff.app/7LIjhE,RHUDE —-> 15€ 💎
31590,2026-04-12T09:03:25,photos/photo_29514@12-04-2026_09-03-25.jpg,,https://c.onlyaff.app/7LImQX,ADIDAS —-> 17€ 💎
31591,2026-04-12T09:11:02,photos/photo_29515@12-04-2026_09-11-02.jpg,,https://c.onlyaff.app/7LIncD,ADIDAS —-> 28€ 💎
31592,2026-04-12T09:24:01,photos/photo_29516@12-04-2026_09-24-01.jpg,,https://c.onlyaff.app/MaDzg,CONVERSE (piel) —-> 28€ 💎
31593,2026-04-12T09:24:01,photos/photo_29517@12-04-2026_09-24-01.jpg,,,
31594,2026-04-12T09:24:01,photos/photo_29518@12-04-2026_09-24-01.jpg,,,
31595,2026-04-12T09:28:01,photos/photo_29519@12-04-2026_09-28-01.jpg,,https://c.onlyaff.app/7LInZP,"STUSSY —-> 20€ 💎
12 Colores 🎨"
31596,2026-04-12T09:28:01,photos/photo_29520@12-04-2026_09-28-01.jpg,,,
31597,2026-04-12T09:28:01,photos/photo_29521@12-04-2026_09-28-01.jpg,,,
31598,2026-04-12T09:28:01,photos/photo_29522@12-04-2026_09-28-01.jpg,,,
31599,2026-04-12T09:28:01,photos/photo_29523@12-04-2026_09-28-01.jpg,,,
31600,2026-04-12T09:36:01,photos/photo_29524@12-04-2026_09-36-01.jpg,,https://c.onlyaff.app/7LIXNm,ALO (3 piezas) —-> 20€ 💎
31601,2026-04-12T09:42:01,photos/photo_29525@12-04-2026_09-42-01.jpg,,https://c.onlyaff.app/7LIpYQ,"ADIDAS ZX500 —-> 29€ 💎
11 Colores 🎨"
31602,2026-04-12T09:56:01,photos/photo_29526@12-04-2026_09-56-01.jpg,,https://c.onlyaff.app/7LJ1oN,"POLO RALPH LAUREN (bañador) —-> 9€ 💎
También en Negro 🎨"
31603,2026-04-12T10:06:01,photos/photo_29527@12-04-2026_10-06-01.jpg,,https://c.onlyaff.app/MaHhl,GALLERY DEPT —-> 19€ 💎
31604,2026-04-12T10:08:01,photos/photo_29528@12-04-2026_10-08-01.jpg,,https://c.onlyaff.app/7LJ0Vm,FRED PERRY —-> 12€ 💎
31605,2026-04-12T10:10:07,photos/photo_29529@12-04-2026_10-10-07.jpg,,https://c.onlyaff.app/7LJ2ll,AMIRI —-> 7€ 💎
31606,2026-04-12T10:10:08,photos/photo_29530@12-04-2026_10-10-08.jpg,,,
31607,2026-04-12T10:11:01,photos/photo_29531@12-04-2026_10-11-01.jpg,,https://c.onlyaff.app/7LIpy2,"ADIDAS Samba —-> 18€ 💎
Nuevos Colores 🎨"
31608,2026-04-12T10:11:01,photos/photo_29532@12-04-2026_10-11-01.jpg,,,
31609,2026-04-12T10:11:01,photos/photo_29533@12-04-2026_10-11-01.jpg,,,
31610,2026-04-12T10:11:01,photos/photo_29534@12-04-2026_10-11-01.jpg,,,
31611,2026-04-12T10:11:01,photos/photo_29535@12-04-2026_10-11-01.jpg,,,
31612,2026-04-12T10:11:01,photos/photo_29536@12-04-2026_10-11-01.jpg,,,
31613,2026-04-12T10:28:01,photos/photo_29537@12-04-2026_10-28-01.jpg,,https://c.onlyaff.app/7LIYk6,BIRKENSTOCK —-> 18€ 💎
31614,2026-04-12T10:28:01,photos/photo_29538@12-04-2026_10-28-01.jpg,,,
31615,2026-04-12T10:28:01,photos/photo_29539@12-04-2026_10-28-01.jpg,,,
31616,2026-04-12T10:28:01,photos/photo_29540@12-04-2026_10-28-01.jpg,,,
31617,2026-04-12T10:28:01,photos/photo_29541@12-04-2026_10-28-01.jpg,,,
31618,2026-04-12T10:36:01,photos/photo_29542@12-04-2026_10-36-01.jpg,,https://c.onlyaff.app/7LJ55S,"ADIDAS Forum —-> 30€ 💎
19 Colores 🎨"
31619,2026-04-12T10:36:01,photos/photo_29543@12-04-2026_10-36-01.jpg,,,
31620,2026-04-12T10:36:01,photos/photo_29544@12-04-2026_10-36-01.jpg,,,
31621,2026-04-12T10:36:01,photos/photo_29545@12-04-2026_10-36-01.jpg,,,
31622,2026-04-12T10:36:01,photos/photo_29546@12-04-2026_10-36-01.jpg,,,
31623,2026-04-12T10:36:01,photos/photo_29547@12-04-2026_10-36-01.jpg,,,
31624,2026-04-12T10:36:01,photos/photo_29548@12-04-2026_10-36-01.jpg,,,
31625,2026-04-12T10:36:01,photos/photo_29549@12-04-2026_10-36-01.jpg,,,
31626,2026-04-12T12:14:25,photos/photo_29550@12-04-2026_12-14-25.jpg,,https://c.onlyaff.app/7MdCJY,"CARHARTT —-> 28€ 💎
Varios Colores 🎨"
31627,2026-04-12T13:34:36,photos/photo_29551@12-04-2026_13-34-36.jpg,,https://c.onlyaff.app/7MhT7R,ASICS Gel Kahana TR v2 —-> 37€ 💎
31628,2026-04-12T13:34:36,photos/photo_29552@12-04-2026_13-34-36.jpg,,,
31629,2026-04-12T13:34:36,photos/photo_29553@12-04-2026_13-34-36.jpg,,,
31630,2026-04-12T13:34:36,photos/photo_29554@12-04-2026_13-34-36.jpg,,,
31631,2026-04-12T13:34:36,photos/photo_29555@12-04-2026_13-34-36.jpg,,,
31632,2026-04-12T13:34:36,photos/photo_29556@12-04-2026_13-34-36.jpg,,,
31633,2026-04-12T13:34:36,photos/photo_29557@12-04-2026_13-34-36.jpg,,,
31634,2026-04-12T13:34:36,photos/photo_29558@12-04-2026_13-34-36.jpg,,,
31635,2026-04-12T14:35:08,photos/photo_29559@12-04-2026_14-35-08.jpg,,https://c.onlyaff.app/7MlcD1,"JACQUEMUS —-> 36€ 💎
Varios Colores 🎨"
31636,2026-04-12T14:40:16,photos/photo_29560@12-04-2026_14-40-16.jpg,,https://c.onlyaff.app/MeA4E,"CONVERSE ""Ediciones Limitadas"" —-> 29€ 💎"
31637,2026-04-12T14:40:16,photos/photo_29561@12-04-2026_14-40-16.jpg,,,
31638,2026-04-12T14:40:16,photos/photo_29562@12-04-2026_14-40-16.jpg,,,
31639,2026-04-12T14:40:16,photos/photo_29563@12-04-2026_14-40-16.jpg,,,
31640,2026-04-12T14:40:16,photos/photo_29564@12-04-2026_14-40-16.jpg,,,
31641,2026-04-12T14:40:16,photos/photo_29565@12-04-2026_14-40-16.jpg,,,
31642,2026-04-12T14:40:16,photos/photo_29566@12-04-2026_14-40-16.jpg,,,
31643,2026-04-12T14:59:54,photos/photo_29567@12-04-2026_14-59-54.jpg,,https://c.onlyaff.app/7MmJGY,CROCS —-> 22€ 💎
31644,2026-04-12T14:59:54,photos/photo_29568@12-04-2026_14-59-54.jpg,,,
31645,2026-04-12T14:59:54,photos/photo_29569@12-04-2026_14-59-54.jpg,,,
31646,2026-04-12T15:27:54,photos/photo_29570@12-04-2026_15-27-54.jpg,,https://c.onlyaff.app/7MoiAn,"ADIDAS Spezial —-> 19€ 💎
18 Colores 🎨"
31647,2026-04-12T15:27:54,photos/photo_29571@12-04-2026_15-27-54.jpg,,,
31648,2026-04-12T15:27:54,photos/photo_29572@12-04-2026_15-27-54.jpg,,,
31649,2026-04-12T15:27:54,photos/photo_29573@12-04-2026_15-27-54.jpg,,,
31650,2026-04-12T15:27:54,photos/photo_29574@12-04-2026_15-27-54.jpg,,,
31651,2026-04-12T15:27:55,photos/photo_29575@12-04-2026_15-27-55.jpg,,,
31652,2026-04-12T15:27:55,photos/photo_29576@12-04-2026_15-27-55.jpg,,,
31653,2026-04-12T15:27:55,photos/photo_29577@12-04-2026_15-27-55.jpg,,,
31654,2026-04-12T15:27:55,photos/photo_29578@12-04-2026_15-27-55.jpg,,,
31655,2026-04-12T15:27:55,photos/photo_29579@12-04-2026_15-27-55.jpg,,,
31656,2026-04-12T15:30:25,photos/photo_29580@12-04-2026_15-30-25.jpg,,https://c.onlyaff.app/4P6yO,CARHARTT —-> 8€ 💎
31657,2026-04-12T15:30:25,photos/photo_29581@12-04-2026_15-30-25.jpg,,,
31658,2026-04-12T15:30:25,photos/photo_29582@12-04-2026_15-30-25.jpg,,,
31659,2026-04-12T15:44:23,photos/photo_29583@12-04-2026_15-44-23.jpg,,https://c.onlyaff.app/7MrsBR,CARHARTT x CORDURA —-> 16€ 💎
31660,2026-04-12T15:44:23,photos/photo_29584@12-04-2026_15-44-23.jpg,,,
31661,2026-04-12T15:44:23,photos/photo_29585@12-04-2026_15-44-23.jpg,,,
31662,2026-04-12T15:47:47,photos/photo_29586@12-04-2026_15-47-47.jpg,,https://c.onlyaff.app/7MrFPQ,"RHODE (labial) —-> 4€ 💎
Varios Modelos 🎨"
31663,2026-04-12T15:47:47,photos/photo_29587@12-04-2026_15-47-47.jpg,,,
31664,2026-04-12T15:47:47,photos/photo_29588@12-04-2026_15-47-47.jpg,,,
31665,2026-04-12T15:47:47,photos/photo_29589@12-04-2026_15-47-47.jpg,,,
31666,2026-04-12T15:47:47,photos/photo_29590@12-04-2026_15-47-47.jpg,,,
31667,2026-04-12T15:50:14,photos/photo_29591@12-04-2026_15-50-14.jpg,,https://c.onlyaff.app/7MrPNd,"BEATS Studio Buds —-> 13€ 💎
Varios Colores 🎨"
31668,2026-04-12T15:51:32,photos/photo_29592@12-04-2026_15-51-32.jpg,,https://c.onlyaff.app/7MrVF8,ALO (conjunto) —-> 25€ 💎
31669,2026-04-12T16:00:14,photos/photo_29593@12-04-2026_16-00-14.jpg,,https://c.onlyaff.app/7Msj8d,"ESSENTIALS x FEAR OF GOD (conjunto) —-> 37€ 💎
Varios Colores 🎨"
31670,2026-04-12T16:49:56,photos/photo_29594@12-04-2026_16-49-56.jpg,,https://c.onlyaff.app/Mfwvi,ADIDAS Adizero EVO SL —-> 26€ 💎
31671,2026-04-12T16:49:56,photos/photo_29595@12-04-2026_16-49-56.jpg,,,
31672,2026-04-12T16:49:56,photos/photo_29596@12-04-2026_16-49-56.jpg,,,
31674,2026-04-12T16:49:56,photos/photo_29597@12-04-2026_16-49-56.jpg,,,
31675,2026-04-12T16:49:57,photos/photo_29598@12-04-2026_16-49-57.jpg,,,
31676,2026-04-12T16:49:57,photos/photo_29599@12-04-2026_16-49-57.jpg,,,
31677,2026-04-12T16:49:57,photos/photo_29600@12-04-2026_16-49-57.jpg,,,
31678,2026-04-12T16:49:57,photos/photo_29601@12-04-2026_16-49-57.jpg,,,
31679,2026-04-12T17:08:34,photos/photo_29602@12-04-2026_17-08-34.jpg,,https://c.onlyaff.app/7Mwc4v,"ADIDAS —-> 10€ 💎
Muchos Colores 🎨"
31680,2026-04-12T17:11:46,photos/photo_29603@12-04-2026_17-11-46.jpg,,https://c.onlyaff.app/7MwmEA,AMIRI —-> 23€ 💎
31681,2026-04-12T17:17:18,photos/photo_29604@12-04-2026_17-17-18.jpg,,https://c.onlyaff.app/7Mwysh,ESSENTIALS —-> 17€ 💎
31682,2026-04-12T17:17:18,photos/photo_29605@12-04-2026_17-17-18.jpg,,,
31683,2026-04-12T17:17:18,photos/photo_29606@12-04-2026_17-17-18.jpg,,,
31684,2026-04-12T17:17:18,photos/photo_29607@12-04-2026_17-17-18.jpg,,,
31685,2026-04-12T17:17:18,photos/photo_29608@12-04-2026_17-17-18.jpg,,,
31686,2026-04-12T17:17:18,photos/photo_29609@12-04-2026_17-17-18.jpg,,,
31687,2026-04-12T17:17:18,photos/photo_29610@12-04-2026_17-17-18.jpg,,,
31688,2026-04-12T17:17:18,photos/photo_29611@12-04-2026_17-17-18.jpg,,,
31689,2026-04-12T17:23:20,photos/photo_29612@12-04-2026_17-23-20.jpg,,https://c.onlyaff.app/7MwW5O,"ADIDAS VL Court —-> 24€ 💎
Muchos Colores 🎨"
31690,2026-04-12T17:23:20,photos/photo_29613@12-04-2026_17-23-20.jpg,,,
31691,2026-04-12T17:23:20,photos/photo_29614@12-04-2026_17-23-20.jpg,,,
31692,2026-04-12T17:40:58,photos/photo_29615@12-04-2026_17-40-58.jpg,,https://c.onlyaff.app/7MxLQf,"CARHARTT —-> 10€ 💎
Varios Colores 🎨"
31693,2026-04-12T18:52:04,photos/photo_29616@12-04-2026_18-52-04.jpg,,https://c.onlyaff.app/7MC8f4,ON CLOUD x4 —-> 27€ 💎
31694,2026-04-12T18:52:04,photos/photo_29617@12-04-2026_18-52-04.jpg,,,
31695,2026-04-12T18:52:04,photos/photo_29618@12-04-2026_18-52-04.jpg,,,
31696,2026-04-12T18:52:04,photos/photo_29619@12-04-2026_18-52-04.jpg,,,
31697,2026-04-12T18:52:04,photos/photo_29620@12-04-2026_18-52-04.jpg,,,
31698,2026-04-12T18:52:04,photos/photo_29621@12-04-2026_18-52-04.jpg,,,
31699,2026-04-12T18:52:05,photos/photo_29622@12-04-2026_18-52-05.jpg,,,
31700,2026-04-12T18:52:05,photos/photo_29623@12-04-2026_18-52-05.jpg,,,
31701,2026-04-12T18:52:05,photos/photo_29624@12-04-2026_18-52-05.jpg,,,
31702,2026-04-12T18:52:05,photos/photo_29625@12-04-2026_18-52-05.jpg,,,
31703,2026-04-12T18:54:40,photos/photo_29626@12-04-2026_18-54-40.jpg,,https://c.onlyaff.app/7MCgEy,"MONCLER —-> 18€ 💎
Varios Colores 🎨"
31704,2026-04-12T18:56:19,photos/photo_29627@12-04-2026_18-56-19.jpg,,https://c.onlyaff.app/7MClYf,"VEJA —-> 25€ 💎
Muchos Colores 🎨"
31705,2026-04-12T19:04:59,photos/photo_29628@12-04-2026_19-04-59.jpg,,https://c.onlyaff.app/7MCNxW,ADIDAS Samba x WALES BONNER —-> 20€ 💎
31706,2026-04-12T19:04:59,photos/photo_29629@12-04-2026_19-04-59.jpg,,,
31707,2026-04-12T19:04:59,photos/photo_29630@12-04-2026_19-04-59.jpg,,,
31708,2026-04-12T19:04:59,photos/photo_29631@12-04-2026_19-04-59.jpg,,,
31709,2026-04-12T19:04:59,photos/photo_29632@12-04-2026_19-04-59.jpg,,,
31711,2026-04-12T20:18:28,photos/photo_29633@12-04-2026_20-18-28.jpg,,https://c.onlyaff.app/7MNtOq,VANS Upland —-> 31€ 💎
31712,2026-04-12T20:18:28,photos/photo_29634@12-04-2026_20-18-28.jpg,,,
31713,2026-04-12T20:18:28,photos/photo_29635@12-04-2026_20-18-28.jpg,,,
31714,2026-04-12T20:18:28,photos/photo_29636@12-04-2026_20-18-28.jpg,,,
31715,2026-04-12T20:18:28,photos/photo_29637@12-04-2026_20-18-28.jpg,,,
31716,2026-04-12T20:18:28,photos/photo_29638@12-04-2026_20-18-28.jpg,,,
31717,2026-04-12T20:18:28,photos/photo_29639@12-04-2026_20-18-28.jpg,,,
31718,2026-04-12T20:18:28,photos/photo_29640@12-04-2026_20-18-28.jpg,,,
31721,2026-04-12T20:32:17,photos/photo_29641@12-04-2026_20-32-17.jpg,,https://c.onlyaff.app/7MRdkm,"NEW BALANCE 327 —-> 25€ 💎
15 Colores 🎨
(YepExpress)"
31722,2026-04-12T21:46:43,photos/photo_29642@12-04-2026_21-46-43.jpg,,https://c.onlyaff.app/7N4z7Y,CAROLINA HERRERA —-> 41€ 💎
31723,2026-04-12T21:46:43,photos/photo_29643@12-04-2026_21-46-43.jpg,,,
31724,2026-04-12T21:46:43,photos/photo_29644@12-04-2026_21-46-43.jpg,,,
31725,2026-04-12T21:46:43,photos/photo_29645@12-04-2026_21-46-43.jpg,,,
31726,2026-04-12T21:46:43,photos/photo_29646@12-04-2026_21-46-43.jpg,,,
31727,2026-04-12T21:46:43,photos/photo_29647@12-04-2026_21-46-43.jpg,,,
31728,2026-04-12T21:46:43,photos/photo_29648@12-04-2026_21-46-43.jpg,,,
31729,2026-04-12T21:46:43,photos/photo_29649@12-04-2026_21-46-43.jpg,,,
31730,2026-04-12T21:46:43,photos/photo_29650@12-04-2026_21-46-43.jpg,,,
31733,2026-04-12T21:52:55,photos/photo_29651@12-04-2026_21-52-55.jpg,,https://c.onlyaff.app/7N4XQb,"RAY BAN —-> 11€ 💎
También en Marrón 🎨"
31734,2026-04-12T21:57:09,photos/photo_29652@12-04-2026_21-57-09.jpg,,https://c.onlyaff.app/7N5qxn,"POLO RALPH LAUREN —-> 14€ 💎
12 Colores 🎨"
31735,2026-04-12T23:00:41,photos/photo_29653@12-04-2026_23-00-41.jpg,,https://c.onlyaff.app/7NasFk,ADIDAS Samba —-> 15€ 💎
31736,2026-04-12T23:00:41,photos/photo_29654@12-04-2026_23-00-41.jpg,,,
31737,2026-04-12T23:00:41,photos/photo_29655@12-04-2026_23-00-41.jpg,,,
31738,2026-04-12T23:00:41,photos/photo_29656@12-04-2026_23-00-41.jpg,,,
31739,2026-04-12T23:00:41,photos/photo_29657@12-04-2026_23-00-41.jpg,,,
31740,2026-04-12T23:00:41,photos/photo_29658@12-04-2026_23-00-41.jpg,,,
31741,2026-04-12T23:00:42,photos/photo_29659@12-04-2026_23-00-42.jpg,,,
31742,2026-04-12T23:00:42,photos/photo_29660@12-04-2026_23-00-42.jpg,,,
31743,2026-04-12T23:00:42,photos/photo_29661@12-04-2026_23-00-42.jpg,,,
31746,2026-04-13T08:45:13,photos/photo_29662@13-04-2026_08-45-13.jpg,,https://c.onlyaff.app/7NaXwx,"Proyector Android 4K Wifi —-> 67€ 💎

🚨 Producto perfecto para que aprovechéis la promo del 90%, os queda en menos de 7€ ! ✅

Calidad 🔝"
31747,2026-04-13T09:01:25,photos/photo_29663@13-04-2026_09-01-25.jpg,,https://c.onlyaff.app/7Nbse0,MONCLER —-> 7€ 💎
31748,2026-04-13T09:10:13,photos/photo_29664@13-04-2026_09-10-13.jpg,,https://c.onlyaff.app/7NbvZZ,"CARHARTT (fina) —-> 29€ 💎
Varios Colores 🎨"
31749,2026-04-13T09:34:01,photos/photo_29665@13-04-2026_09-34-01.jpg,,https://c.onlyaff.app/7NbHyt,FEAR OF GOD —-> 20€ 💎
31750,2026-04-13T09:36:01,photos/photo_29666@13-04-2026_09-36-01.jpg,,https://c.onlyaff.app/7NbxCF,"POLO RALPH LAUREN —-> 19€ 💎
14 Modelos Diferentes 🎨"
31751,2026-04-13T09:40:08,photos/photo_29667@13-04-2026_09-40-08.jpg,,https://c.onlyaff.app/7NbNkY,"ADIDAS Gazelle Sala —-> 34€ 💎
(Futbol Sala ⚽️)"
31752,2026-04-13T09:40:08,photos/photo_29668@13-04-2026_09-40-08.jpg,,,
31753,2026-04-13T09:40:08,photos/photo_29669@13-04-2026_09-40-08.jpg,,,
31754,2026-04-13T09:40:08,photos/photo_29670@13-04-2026_09-40-08.jpg,,,
31755,2026-04-13T09:40:08,photos/photo_29671@13-04-2026_09-40-08.jpg,,,
31756,2026-04-13T10:03:51,photos/photo_29672@13-04-2026_10-03-51.jpg,,https://c.onlyaff.app/7NbSb0,"POLO RALPH LAUREN —-> 8€ 💎
Varios Colores 🎨"
31757,2026-04-13T10:06:01,photos/photo_29673@13-04-2026_10-06-01.jpg,,https://c.onlyaff.app/7NbVpq,BEATS Studio Pro x KIM KARDASHIAN —-> 26€ 💎
31758,2026-04-13T10:11:01,photos/photo_29674@13-04-2026_10-11-01.jpg,,https://c.onlyaff.app/7NbXbF,"ADIDAS Gazelle Indoor —-> 31€ 💎
Muchos Colores 🎨
(Fotos realizadas por mi) 📸"
31759,2026-04-13T10:11:01,photos/photo_29675@13-04-2026_10-11-01.jpg,,,
31760,2026-04-13T10:11:01,photos/photo_29676@13-04-2026_10-11-01.jpg,,,
31761,2026-04-13T12:02:04,photos/photo_29677@13-04-2026_12-02-04.jpg,,https://c.onlyaff.app/7NKdoB,CAROLINA HERRERA —-> 22€ 💎
31762,2026-04-13T12:02:04,photos/photo_29678@13-04-2026_12-02-04.jpg,,,
31763,2026-04-13T12:02:04,photos/photo_29679@13-04-2026_12-02-04.jpg,,,
31764,2026-04-13T12:05:17,photos/photo_29680@13-04-2026_12-05-17.jpg,,https://c.onlyaff.app/7NKoGE,"CROCS —-> 14€ 💎
Nuevo Enlace 🔗"
31765,2026-04-13T12:05:17,photos/photo_29681@13-04-2026_12-05-17.jpg,,,
31766,2026-04-13T12:05:17,photos/photo_29682@13-04-2026_12-05-17.jpg,,,
31767,2026-04-13T12:05:17,photos/photo_29683@13-04-2026_12-05-17.jpg,,,
31768,2026-04-13T12:05:17,photos/photo_29684@13-04-2026_12-05-17.jpg,,,
31769,2026-04-13T12:05:17,photos/photo_29685@13-04-2026_12-05-17.jpg,,,
31770,2026-04-13T12:05:17,photos/photo_29686@13-04-2026_12-05-17.jpg,,,
31771,2026-04-13T12:05:17,photos/photo_29687@13-04-2026_12-05-17.jpg,,,
31772,2026-04-13T13:04:13,photos/photo_29688@13-04-2026_13-04-13.jpg,,https://c.onlyaff.app/7NNYfe,ADIDAS Gazelle Bold —-> 21€ 💎
31773,2026-04-13T13:04:13,photos/photo_29689@13-04-2026_13-04-13.jpg,,,
31774,2026-04-13T13:04:13,photos/photo_29690@13-04-2026_13-04-13.jpg,,,
31775,2026-04-13T13:04:13,photos/photo_29691@13-04-2026_13-04-13.jpg,,,
31776,2026-04-13T13:04:13,photos/photo_29692@13-04-2026_13-04-13.jpg,,,
31777,2026-04-13T13:04:13,photos/photo_29693@13-04-2026_13-04-13.jpg,,,
31778,2026-04-13T13:04:14,photos/photo_29694@13-04-2026_13-04-14.jpg,,,
31779,2026-04-13T13:04:14,photos/photo_29695@13-04-2026_13-04-14.jpg,,,
31780,2026-04-13T13:46:47,photos/photo_29696@13-04-2026_13-46-47.jpg,,https://c.onlyaff.app/7NQqS8,"GOYARD —-> 23€ 💎
Muchos Colores 🎨"
31791,2026-04-13T14:10:16,photos/photo_29697@13-04-2026_14-10-16.jpg,,https://c.onlyaff.app/7NRLE9,"NIKE Air Max Plus TN —-> 26€ 💎
18 Colores 🎨
(YepExpress)"
31792,2026-04-13T14:10:16,photos/photo_29698@13-04-2026_14-10-16.jpg,,,
31793,2026-04-13T14:10:16,photos/photo_29699@13-04-2026_14-10-16.jpg,,,
31794,2026-04-13T14:10:16,photos/photo_29700@13-04-2026_14-10-16.jpg,,,
31795,2026-04-13T14:10:16,photos/photo_29701@13-04-2026_14-10-16.jpg,,,
31796,2026-04-13T14:10:16,photos/photo_29702@13-04-2026_14-10-16.jpg,,,
31797,2026-04-13T14:10:16,photos/photo_29703@13-04-2026_14-10-16.jpg,,,
31798,2026-04-13T14:10:16,photos/photo_29704@13-04-2026_14-10-16.jpg,,,
31799,2026-04-13T14:10:16,photos/photo_29705@13-04-2026_14-10-16.jpg,,,
31800,2026-04-13T14:10:16,photos/photo_29706@13-04-2026_14-10-16.jpg,,,
31801,2026-04-13T14:47:54,photos/photo_29707@13-04-2026_14-47-54.jpg,,https://c.onlyaff.app/7NUffc,"ADIDAS Samba —-> 16€ 💎
Muchos Colores 🎨
(Tallas de niñ@s)"
31802,2026-04-13T14:50:10,photos/photo_29708@13-04-2026_14-50-10.jpg,,https://c.onlyaff.app/7NUjkM,"ADIDAS Campus —-> 19€ 💎
Varios Colores 🎨
(Tallas de niñ@s)"
31803,2026-04-13T16:15:31,photos/photo_29709@13-04-2026_16-15-31.jpg,,https://c.onlyaff.app/7NZ06c,"ADIDAS Spezial ""Animal Pack"" —-> 22€ 💎"
31804,2026-04-13T18:49:28,photos/photo_29710@13-04-2026_18-49-28.jpg,,https://c.onlyaff.app/7O7k9s,"ALO —-> 19€ 💎
Muchos Colores 🎨"
31805,2026-04-13T19:15:00,photos/photo_29711@13-04-2026_19-15-00.jpg,,https://c.onlyaff.app/7O8xsH,"UNDER ARMOUR —-> 18€ 💎
Varios Colores 🎨"
31806,2026-04-13T20:15:34,photos/photo_29712@13-04-2026_20-15-34.jpg,,https://c.onlyaff.app/7OhCjA,"SCUFFERS —-> 16€ 💎
También en Blanco 🎨
🚨 Se agota MUY rápido 💨"
31807,2026-04-13T20:18:23,photos/photo_29713@13-04-2026_20-18-23.jpg,,https://c.onlyaff.app/7OiNdO,"OFF WHITE —-> 39€ 💎
Varios Colores 🎨"
31808,2026-04-13T20:20:34,photos/photo_29714@13-04-2026_20-20-34.jpg,,https://c.onlyaff.app/7Ojywa,ADIDAS Gazelle x BAD BUNNY —-> 24€ 💎
31809,2026-04-13T20:20:34,photos/photo_29715@13-04-2026_20-20-34.jpg,,,
31810,2026-04-13T20:20:34,photos/photo_29716@13-04-2026_20-20-34.jpg,,,
31811,2026-04-13T20:20:34,photos/photo_29717@13-04-2026_20-20-34.jpg,,,
31812,2026-04-13T20:20:34,photos/photo_29718@13-04-2026_20-20-34.jpg,,,
31813,2026-04-13T20:20:34,photos/photo_29719@13-04-2026_20-20-34.jpg,,,
31814,2026-04-13T20:20:34,photos/photo_29720@13-04-2026_20-20-34.jpg,,,
31815,2026-04-13T20:20:34,photos/photo_29721@13-04-2026_20-20-34.jpg,,,
31816,2026-04-13T21:15:57,photos/photo_29722@13-04-2026_21-15-57.jpg,,https://c.onlyaff.app/7Oy7i7,TOM FORD —-> 12€ 💎
31817,2026-04-13T21:15:57,photos/photo_29723@13-04-2026_21-15-57.jpg,,,
31818,2026-04-13T21:15:58,photos/photo_29724@13-04-2026_21-15-58.jpg,,,
31819,2026-04-13T21:15:58,photos/photo_29725@13-04-2026_21-15-58.jpg,,,
31820,2026-04-13T21:15:58,photos/photo_29726@13-04-2026_21-15-58.jpg,,,
31821,2026-04-13T21:40:02,photos/photo_29727@13-04-2026_21-40-02.jpg,,https://c.onlyaff.app/7OzWDF,CORTEIZ —-> 34€ 💎
31823,2026-04-14T08:46:01,photos/photo_29728@14-04-2026_08-46-01.jpg,,https://c.onlyaff.app/7OEcB4,"STUSSY —-> 16€ 💎
Varios Colores 🎨"
31824,2026-04-14T08:56:01,photos/photo_29729@14-04-2026_08-56-01.jpg,,https://c.onlyaff.app/7OEiK3,"CORTEIZ —-> 31€ 💎
Varios Colores 🎨"
31825,2026-04-14T08:58:01,photos/photo_29730@14-04-2026_08-58-01.jpg,,https://c.onlyaff.app/7OEWyl,"ADIDAS Adizero Evo SL ""Leopard"" —-> 47€ 💎"
31826,2026-04-14T08:58:01,photos/photo_29731@14-04-2026_08-58-01.jpg,,,
31827,2026-04-14T08:58:01,photos/photo_29732@14-04-2026_08-58-01.jpg,,,
31828,2026-04-14T09:03:44,photos/photo_29733@14-04-2026_09-03-44.jpg,,https://c.onlyaff.app/4QtV5,"JBL Tune X71 —-> 33€ 💎
Muchos Colores 🎨"
31829,2026-04-14T09:24:01,photos/photo_29734@14-04-2026_09-24-01.jpg,,https://c.onlyaff.app/7OEorT,CARHARTT —-> 31€ 💎
31830,2026-04-14T09:26:01,photos/photo_29735@14-04-2026_09-26-01.jpg,,https://c.onlyaff.app/7OEpgB,JACQUEMUS —-> 10€ 💎
31831,2026-04-14T09:28:01,photos/photo_29736@14-04-2026_09-28-01.jpg,,https://c.onlyaff.app/7OEqYX,"COMME DES GARCONS —-> 10€ 💎
También en Rojo 🎨"
31832,2026-04-14T09:30:37,photos/photo_29737@14-04-2026_09-30-37.jpg,,https://c.onlyaff.app/7OErYT,DSQUARED2 —-> 10€ 💎
31833,2026-04-14T09:32:01,photos/photo_29738@14-04-2026_09-32-01.jpg,,https://c.onlyaff.app/MsQuB,JACQUEMUS —-> 18€ 💎
31834,2026-04-14T09:38:01,photos/photo_29739@14-04-2026_09-38-01.jpg,,https://c.onlyaff.app/7OEvtQ,ADIDAS SL72 —-> 26€ 💎
31835,2026-04-14T09:39:01,photos/photo_29740@14-04-2026_09-39-01.jpg,,https://c.onlyaff.app/7OEunc,ADIDAS SL72 —-> 26€ 💎
31836,2026-04-14T09:40:08,photos/photo_29741@14-04-2026_09-40-08.jpg,,https://c.onlyaff.app/MsQT7,"ADIDAS SL72 ""Rhinestone"" —-> 27€ 💎"
31837,2026-04-14T09:41:01,photos/photo_29742@14-04-2026_09-41-01.jpg,,https://c.onlyaff.app/7OEz7f,ADIDAS SL72 x LIBERTY LONDON —-> 26€ 💎
31838,2026-04-14T09:56:01,photos/photo_29743@14-04-2026_09-56-01.jpg,,https://c.onlyaff.app/7OECFq,"CROCS —-> 11€ 💎
Varios Colores 🎨"
31839,2026-04-14T10:11:01,photos/photo_29744@14-04-2026_10-11-01.jpg,,https://c.onlyaff.app/7OEG4B,"POLENE —-> 39€ 💎
Varios Colores 🎨"
31840,2026-04-14T10:16:01,photos/photo_29745@14-04-2026_10-16-01.jpg,,https://c.onlyaff.app/MsSiY,"DEMELLIER —-> 28€ 💎
Varios Colores 🎨"
31841,2026-04-14T10:18:01,photos/photo_29746@14-04-2026_10-18-01.jpg,,https://c.onlyaff.app/7OEQ1K,"KANKEN —-> 14€ 💎
16 Colores 🎨"
31842,2026-04-14T10:24:01,photos/photo_29747@14-04-2026_10-24-01.jpg,,https://c.onlyaff.app/7OERAz,ASICS Gel Cumulus 16 —-> 28€ 💎
31843,2026-04-14T10:24:01,photos/photo_29748@14-04-2026_10-24-01.jpg,,,
31844,2026-04-14T10:24:01,photos/photo_29749@14-04-2026_10-24-01.jpg,,,
31845,2026-04-14T10:24:01,photos/photo_29750@14-04-2026_10-24-01.jpg,,,
31846,2026-04-14T10:24:01,photos/photo_29751@14-04-2026_10-24-01.jpg,,,
31847,2026-04-14T10:24:01,photos/photo_29752@14-04-2026_10-24-01.jpg,,,
31848,2026-04-14T10:24:01,photos/photo_29753@14-04-2026_10-24-01.jpg,,,
31849,2026-04-14T10:24:01,photos/photo_29754@14-04-2026_10-24-01.jpg,,,
31850,2026-04-14T10:38:01,photos/photo_29755@14-04-2026_10-38-01.jpg,,https://c.onlyaff.app/MsToi,"ADIDAS Samba x NOTITLE —-> 27€ 💎
También en Verde 🎨"
31851,2026-04-14T10:38:01,photos/photo_29756@14-04-2026_10-38-01.jpg,,,
31852,2026-04-14T10:38:01,photos/photo_29757@14-04-2026_10-38-01.jpg,,,
31853,2026-04-14T11:57:15,photos/photo_29758@14-04-2026_11-57-15.jpg,,https://c.onlyaff.app/7PaRQk,CORTEIZ —-> 26€ 💎
31854,2026-04-14T13:43:17,photos/photo_29759@14-04-2026_13-43-17.jpg,,https://c.onlyaff.app/7PgKvI,POLO RALPH LAUREN —-> 16€ 💎
31855,2026-04-14T14:24:47,photos/photo_29760@14-04-2026_14-24-47.jpg,,https://c.onlyaff.app/7Pjrp9,"ADIDAS España Mundial 2026 —-> 10€ 💎
Nuevo Enlace 🔗"
31856,2026-04-14T14:27:03,photos/photo_29760@14-04-2026_14-24-47.jpg,,https://c.onlyaff.app/7PjyKS,"ADIDAS España Mundial 2026 —-> 13€ 💎
Muchos Dorsales 🎨"
31857,2026-04-14T14:27:03,photos/photo_29762@14-04-2026_14-27-03.jpg,,,
31858,2026-04-14T14:27:03,photos/photo_29763@14-04-2026_14-27-03.jpg,,,
31859,2026-04-14T14:30:49,photos/photo_29764@14-04-2026_14-30-49.jpg,,https://c.onlyaff.app/7PjOEU,"ADIDAS España Mundial 2026 (camiseta + pantalón) —-> 18€ 💎
Tallas para Niñ@s)"
31860,2026-04-14T14:33:37,photos/photo_29765@14-04-2026_14-33-37.jpg,,https://c.onlyaff.app/7PjXGx,CARHARTT —-> 19€ 💎
31861,2026-04-14T14:35:01,photos/photo_29766@14-04-2026_14-35-01.jpg,,https://c.onlyaff.app/7Pk32O,"CARHARTT —-> 10€ 💎
Varios Colores 🎨"
31862,2026-04-14T14:36:45,photos/photo_29767@14-04-2026_14-36-45.jpg,,https://c.onlyaff.app/7PkaGE,"CARHARTT (conjunto) —-> 23€ 💎
Varios Colores 🎨"
31863,2026-04-14T15:22:51,photos/photo_29768@14-04-2026_15-22-51.jpg,,https://c.onlyaff.app/7Pmttu,"PALM ANGELS —-> 12€ 💎
También en Negro 🎨"
31864,2026-04-14T15:23:54,photos/photo_29769@14-04-2026_15-23-54.jpg,,https://c.onlyaff.app/7Pmxza,CARHARTT —-> 8€ 💎
31865,2026-04-14T15:26:06,photos/photo_29770@14-04-2026_15-26-06.jpg,,https://c.onlyaff.app/7PmAwZ,"RAY BAN —-> 7€ 💎
Varios Colores 🎨"
31866,2026-04-14T15:29:04,photos/photo_29771@14-04-2026_15-29-04.jpg,,https://c.onlyaff.app/7PmHc6,"RAY BAN —-> 7€ 💎
Varios Colores 🎨"
31867,2026-04-14T16:38:45,photos/photo_29772@14-04-2026_16-38-45.jpg,,https://c.onlyaff.app/7Pqhgo,ADIDAS Samba OG —-> 22€ 💎
31868,2026-04-14T17:47:31,photos/photo_29773@14-04-2026_17-47-31.jpg,,https://c.onlyaff.app/7PtLEK,VANS Knu Skool —-> 31€ 💎
31869,2026-04-14T17:47:31,photos/photo_29774@14-04-2026_17-47-31.jpg,,,
31870,2026-04-14T17:47:31,photos/photo_29775@14-04-2026_17-47-31.jpg,,,
31871,2026-04-14T17:47:31,photos/photo_29776@14-04-2026_17-47-31.jpg,,,
31872,2026-04-14T17:47:31,photos/photo_29777@14-04-2026_17-47-31.jpg,,,
31873,2026-04-14T18:34:10,photos/photo_29778@14-04-2026_18-34-10.jpg,,https://c.onlyaff.app/7PwJkQ,CORTEIZ —-> 27€ 💎
31874,2026-04-14T20:36:55,photos/photo_29779@14-04-2026_20-36-55.jpg,,https://c.onlyaff.app/7PPfDg,CONVERSE x COMME DES GARCONS —-> 27€ 💎
31875,2026-04-14T20:36:55,photos/photo_29780@14-04-2026_20-36-55.jpg,,,
31876,2026-04-14T20:36:55,photos/photo_29781@14-04-2026_20-36-55.jpg,,,
31877,2026-04-14T20:40:06,photos/photo_29782@14-04-2026_20-40-06.jpg,,https://c.onlyaff.app/7PQvBL,ADIDAS (conjunto unisex) —-> 38€ 💎
31878,2026-04-14T21:46:02,photos/photo_29783@14-04-2026_21-46-02.jpg,,https://c.onlyaff.app/7Q1nnS,ADIDAS Samba x ALWAYTH —-> 23€ 💎
31879,2026-04-14T21:46:02,photos/photo_29784@14-04-2026_21-46-02.jpg,,,
31880,2026-04-14T21:46:02,photos/photo_29785@14-04-2026_21-46-02.jpg,,,
31881,2026-04-14T22:15:28,photos/photo_29786@14-04-2026_22-15-28.jpg,,https://c.onlyaff.app/7Q3rHg,"JACQUEMUS —-> 27€ 💎
También en Blanco 🎨"
31882,2026-04-14T22:17:03,photos/photo_29787@14-04-2026_22-17-03.jpg,,https://c.onlyaff.app/7Q3wk1,ADIDAS (chándal completo) —-> 34€ 💎
31884,2026-04-15T08:46:01,photos/photo_29788@15-04-2026_08-46-01.jpg,,https://c.onlyaff.app/7Q5E34,STUSSY —-> 25€ 💎
31885,2026-04-15T08:50:12,photos/photo_29789@15-04-2026_08-50-12.jpg,,https://c.onlyaff.app/7Q65Cg,"CORTEIZ —-> 38€ 💎
Varios Colores 🎨"
31886,2026-04-15T08:52:01,photos/photo_29790@15-04-2026_08-52-01.jpg,,https://c.onlyaff.app/7Q68p1,RHUDE —-> 19€ 💎
31887,2026-04-15T09:00:52,photos/photo_29791@15-04-2026_09-00-52.jpg,,https://c.onlyaff.app/7Q6eB1,COLE BUXTON —-> 19€ 💎
31888,2026-04-15T09:01:01,photos/photo_29792@15-04-2026_09-01-01.jpg,,https://c.onlyaff.app/7Q6hXF,ESSENTIALS x FEAR OF GOD —-> 16€ 💎
31889,2026-04-15T09:10:12,photos/photo_29793@15-04-2026_09-10-12.jpg,,https://c.onlyaff.app/7Q6qjq,"ASICS Gel 1130 —-> 26€ 💎
15 Colores 🎨"
31890,2026-04-15T09:10:12,photos/photo_29794@15-04-2026_09-10-12.jpg,,,
31891,2026-04-15T09:10:12,photos/photo_29795@15-04-2026_09-10-12.jpg,,,
31892,2026-04-15T09:10:12,photos/photo_29796@15-04-2026_09-10-12.jpg,,,
31893,2026-04-15T09:10:12,photos/photo_29797@15-04-2026_09-10-12.jpg,,,
31894,2026-04-15T09:10:13,photos/photo_29798@15-04-2026_09-10-13.jpg,,,
31895,2026-04-15T09:10:13,photos/photo_29799@15-04-2026_09-10-13.jpg,,,
31896,2026-04-15T09:10:13,photos/photo_29800@15-04-2026_09-10-13.jpg,,,
31897,2026-04-15T09:10:13,photos/photo_29801@15-04-2026_09-10-13.jpg,,,
31898,2026-04-15T09:24:01,photos/photo_29802@15-04-2026_09-24-01.jpg,,https://c.onlyaff.app/7Q6yBq,"GOLDEN GOOSE —-> 26€ 💎
Muchos Colores 🎨"
31899,2026-04-15T09:36:01,photos/photo_29803@15-04-2026_09-36-01.jpg,,https://c.onlyaff.app/7Q6AzO,FRED PERRY —-> 21€ 💎
31900,2026-04-15T09:40:13,photos/photo_29804@15-04-2026_09-40-13.jpg,,https://c.onlyaff.app/7Q6Gww,"ADIDAS —-> 25€ 💎
Varios Colores 🎨"
31901,2026-04-15T09:46:01,photos/photo_29805@15-04-2026_09-46-01.jpg,,https://c.onlyaff.app/7Q6IcV,CAROLINA HERRERA —-> 38€ 💎
31902,2026-04-15T09:46:01,photos/photo_29806@15-04-2026_09-46-01.jpg,,,
31903,2026-04-15T09:46:01,photos/photo_29807@15-04-2026_09-46-01.jpg,,,
31904,2026-04-15T09:46:01,photos/photo_29808@15-04-2026_09-46-01.jpg,,,
31905,2026-04-15T09:46:01,photos/photo_29809@15-04-2026_09-46-01.jpg,,,
31906,2026-04-15T09:48:01,photos/photo_29810@15-04-2026_09-48-01.jpg,,https://c.onlyaff.app/7Q6PqS,CAROLINA HERRERA —-> 39€ 💎
31907,2026-04-15T09:48:01,photos/photo_29811@15-04-2026_09-48-01.jpg,,,
31908,2026-04-15T09:48:01,photos/photo_29812@15-04-2026_09-48-01.jpg,,,
31909,2026-04-15T09:50:14,photos/photo_29813@15-04-2026_09-50-14.jpg,,https://c.onlyaff.app/7Q6ELH,"GYMSHARK —-> 15€ 💎
Muchos Colores 🎨"
31910,2026-04-15T09:56:01,photos/photo_29814@15-04-2026_09-56-01.jpg,,https://c.onlyaff.app/7Q6VT3,POLO RALPH LAUREN —-> 9€ 💎
31911,2026-04-15T10:04:46,photos/photo_29815@15-04-2026_10-04-46.jpg,,https://c.onlyaff.app/7Q6Ye8,"THE NORTH FACE —-> 27€ 💎
Varios Colores 🎨"
31912,2026-04-15T10:06:01,photos/photo_29816@15-04-2026_10-06-01.jpg,,https://c.onlyaff.app/MBU7c,POLO RALPH LAUREN —-> 27€ 💎
31913,2026-04-15T10:11:01,photos/photo_29817@15-04-2026_10-11-01.jpg,,https://c.onlyaff.app/7Q6ZCA,CORTEIZ (bañador) —-> 9€ 💎
31914,2026-04-15T10:11:01,photos/photo_29818@15-04-2026_10-11-01.jpg,,,
31915,2026-04-15T10:11:01,photos/photo_29819@15-04-2026_10-11-01.jpg,,,
31916,2026-04-15T10:16:01,photos/photo_29820@15-04-2026_10-16-01.jpg,,https://c.onlyaff.app/7Q71tX,THE NORTH FACE —-> 8€ 💎
31917,2026-04-15T10:20:15,photos/photo_29821@15-04-2026_10-20-15.jpg,,https://c.onlyaff.app/7Q76tP,FRED PERRY (bordado) —-> 11€ 💎
31918,2026-04-15T10:22:01,photos/photo_29822@15-04-2026_10-22-01.jpg,,https://c.onlyaff.app/7Q75V4,"AMIRI —-> 7€ 💎
También en Blanco 🎨"
31919,2026-04-15T10:24:01,photos/photo_29823@15-04-2026_10-24-01.jpg,,https://c.onlyaff.app/7Q755I,MOSCHINO —-> 7€ 💎
31920,2026-04-15T10:36:01,photos/photo_29824@15-04-2026_10-36-01.jpg,,https://c.onlyaff.app/7Q77LH,CORTEIZ (chándal completo) —-> 33€ 💎
31921,2026-04-15T10:38:01,photos/photo_29825@15-04-2026_10-38-01.jpg,,https://c.onlyaff.app/7Q79i2,LEVIS x DENIM TEARS —-> 32€ 💎
31922,2026-04-15T10:38:01,photos/photo_29826@15-04-2026_10-38-01.jpg,,,
31923,2026-04-15T10:38:01,photos/photo_29827@15-04-2026_10-38-01.jpg,,,
31924,2026-04-15T10:44:01,photos/photo_29828@15-04-2026_10-44-01.jpg,,https://c.onlyaff.app/7Q7aHC,VANS —-> 25€ 💎
31925,2026-04-15T10:44:01,photos/photo_29829@15-04-2026_10-44-01.jpg,,,
31926,2026-04-15T10:44:01,photos/photo_29830@15-04-2026_10-44-01.jpg,,,
31927,2026-04-15T10:56:01,photos/photo_29831@15-04-2026_10-56-01.jpg,,https://c.onlyaff.app/7Q7b82,VANS —-> 22€ 💎
31928,2026-04-15T11:02:01,photos/photo_29832@15-04-2026_11-02-01.jpg,,https://c.onlyaff.app/7Q7deq,"AMIRI —-> 34€ 💎
21 Colores 🎨"
31929,2026-04-15T11:02:01,photos/photo_29833@15-04-2026_11-02-01.jpg,,,
31930,2026-04-15T11:02:01,photos/photo_29834@15-04-2026_11-02-01.jpg,,,
31931,2026-04-15T11:02:01,photos/photo_29835@15-04-2026_11-02-01.jpg,,,
31932,2026-04-15T11:02:01,photos/photo_29836@15-04-2026_11-02-01.jpg,,,
31933,2026-04-15T11:02:01,photos/photo_29837@15-04-2026_11-02-01.jpg,,,
31934,2026-04-15T11:02:01,photos/photo_29838@15-04-2026_11-02-01.jpg,,,
31935,2026-04-15T14:02:44,photos/photo_29839@15-04-2026_14-02-44.jpg,,https://c.onlyaff.app/7QP4N1,ADIDAS Gazelle Indoor —-> 23€ 💎
31936,2026-04-15T14:02:44,photos/photo_29840@15-04-2026_14-02-44.jpg,,,
31937,2026-04-15T14:02:44,photos/photo_29841@15-04-2026_14-02-44.jpg,,,
31938,2026-04-15T14:02:44,photos/photo_29842@15-04-2026_14-02-44.jpg,,,
31939,2026-04-15T14:02:44,photos/photo_29843@15-04-2026_14-02-44.jpg,,,
31940,2026-04-15T14:02:45,photos/photo_29844@15-04-2026_14-02-45.jpg,,,
31941,2026-04-15T14:02:45,photos/photo_29845@15-04-2026_14-02-45.jpg,,,
31942,2026-04-15T14:02:45,photos/photo_29846@15-04-2026_14-02-45.jpg,,,
31943,2026-04-15T14:02:45,photos/photo_29847@15-04-2026_14-02-45.jpg,,,
31944,2026-04-15T15:11:52,photos/photo_29848@15-04-2026_15-11-52.jpg,,https://c.onlyaff.app/7QSdPv,"CARHARTT (conjunto) —-> 18€ 💎
(Tallas de niñ@s)"
31945,2026-04-15T15:15:58,photos/photo_29849@15-04-2026_15-15-58.jpg,,https://c.onlyaff.app/MGDHZ,ADIDAS —-> 10€ 💎
31946,2026-04-15T15:28:16,photos/photo_29850@15-04-2026_15-28-16.jpg,,https://c.onlyaff.app/7QSZ5i,"ADIDAS Japan —-> 39€ 💎
12 Colores 🎨"
31947,2026-04-15T15:28:16,photos/photo_29851@15-04-2026_15-28-16.jpg,,,
31948,2026-04-15T15:28:16,photos/photo_29852@15-04-2026_15-28-16.jpg,,,
31949,2026-04-15T15:28:16,photos/photo_29853@15-04-2026_15-28-16.jpg,,,
31950,2026-04-15T15:28:16,photos/photo_29854@15-04-2026_15-28-16.jpg,,,
31951,2026-04-15T15:28:16,photos/photo_29855@15-04-2026_15-28-16.jpg,,,
31952,2026-04-15T15:28:16,photos/photo_29856@15-04-2026_15-28-16.jpg,,,
31953,2026-04-15T15:28:16,photos/photo_29857@15-04-2026_15-28-16.jpg,,,
31954,2026-04-15T15:28:16,photos/photo_29858@15-04-2026_15-28-16.jpg,,,
31955,2026-04-15T15:43:54,photos/photo_29859@15-04-2026_15-43-54.jpg,,https://c.onlyaff.app/7QTGLu,ADIDAS —-> 28€ 💎
31956,2026-04-15T18:25:57,photos/photo_29860@15-04-2026_18-25-57.jpg,,https://c.onlyaff.app/7R1SmE,"NIKE Air Max 95 x TOTAL 90 —-> 44€ 💎
Muchos Otros Modelos 🎨
(YepExpress)"
31957,2026-04-15T18:25:58,photos/photo_29861@15-04-2026_18-25-58.jpg,,,
31958,2026-04-15T18:25:58,photos/photo_29862@15-04-2026_18-25-58.jpg,,,
31960,2026-04-15T18:42:16,photos/photo_29863@15-04-2026_18-42-16.jpg,,https://c.onlyaff.app/7R3aA3,CAROLINA HERRERA —-> 21€ 💎
31961,2026-04-15T18:42:16,photos/photo_29864@15-04-2026_18-42-16.jpg,,,
31962,2026-04-15T18:42:16,photos/photo_29865@15-04-2026_18-42-16.jpg,,,
31963,2026-04-15T18:42:16,photos/photo_29866@15-04-2026_18-42-16.jpg,,,
31964,2026-04-15T18:44:23,photos/photo_29867@15-04-2026_18-44-23.jpg,,https://c.onlyaff.app/7R3l1z,CAROLINA HERRERA —-> 24€ 💎
31965,2026-04-15T18:44:23,photos/photo_29868@15-04-2026_18-44-23.jpg,,,
31966,2026-04-15T18:44:23,photos/photo_29869@15-04-2026_18-44-23.jpg,,,
31967,2026-04-15T18:45:49,photos/photo_29870@15-04-2026_18-45-49.jpg,,https://c.onlyaff.app/7R3sUx,"CAROLINA HERRERA —-> 22€ 💎
Varios Colores 🎨"
31968,2026-04-15T18:50:26,photos/photo_29871@15-04-2026_18-50-26.jpg,,https://c.onlyaff.app/7R3TDB,"COACH —-> 14€ 💎
Muchos Colores 🎨"
31969,2026-04-15T18:55:17,photos/photo_29872@15-04-2026_18-55-17.jpg,,https://c.onlyaff.app/7R4H8w,"ADIDAS Campus x BAD BUNNY —-> 34€ 💎
13 Colores 🎨"
31970,2026-04-15T18:55:17,photos/photo_29873@15-04-2026_18-55-17.jpg,,,
31971,2026-04-15T18:55:17,photos/photo_29874@15-04-2026_18-55-17.jpg,,,
31972,2026-04-15T18:55:17,photos/photo_29875@15-04-2026_18-55-17.jpg,,,
31973,2026-04-15T18:55:17,photos/photo_29876@15-04-2026_18-55-17.jpg,,,
31980,2026-04-15T18:59:32,photos/photo_29877@15-04-2026_18-59-32.jpg,,https://c.onlyaff.app/7R4Zy4,"NIKE Comfort Ride —-> 33€ 💎
🚨 Se agotan muy rápido 💨"
31981,2026-04-15T18:59:32,photos/photo_29878@15-04-2026_18-59-32.jpg,,,
31982,2026-04-15T18:59:32,photos/photo_29879@15-04-2026_18-59-32.jpg,,,
31983,2026-04-15T18:59:32,photos/photo_29880@15-04-2026_18-59-32.jpg,,,
31984,2026-04-15T18:59:32,photos/photo_29881@15-04-2026_18-59-32.jpg,,,
31985,2026-04-15T18:59:32,photos/photo_29882@15-04-2026_18-59-32.jpg,,,
31986,2026-04-15T20:26:56,photos/photo_29883@15-04-2026_20-26-56.jpg,,https://c.onlyaff.app/7RhPoh,PEPE JEANS —-> 13€ 💎
31987,2026-04-15T20:29:11,photos/photo_29884@15-04-2026_20-29-11.jpg,,https://c.onlyaff.app/7RiIRp,MIU MIU —-> 17€ 💎
31989,2026-04-15T20:34:31,photos/photo_29885@15-04-2026_20-34-31.jpg,,https://c.onlyaff.app/7RkMJF,POLO RALPH LAUREN (pack 3) —-> 21€ 💎
31990,2026-04-15T20:39:31,photos/photo_29886@15-04-2026_20-39-31.jpg,,https://c.onlyaff.app/7RmQej,"ONITSUKA TIGER EDR —-> 31€ 💎
Muchos Colores 🎨"
31991,2026-04-15T20:39:31,photos/photo_29887@15-04-2026_20-39-31.jpg,,,
31992,2026-04-15T20:39:31,photos/photo_29888@15-04-2026_20-39-31.jpg,,,
31993,2026-04-15T21:02:17,photos/photo_29889@15-04-2026_21-02-17.jpg,,https://c.onlyaff.app/7RuOhg,HOKA SpeedGoat 6 —-> 36€ 💎
31994,2026-04-15T21:09:13,photos/photo_29890@15-04-2026_21-09-13.jpg,,https://c.onlyaff.app/7RvtxZ,VEJA —-> 24€ 💎
31995,2026-04-15T21:34:17,photos/photo_29891@15-04-2026_21-34-17.jpg,,https://c.onlyaff.app/7RwwDk,BIRKENSTOCK Kyoto —-> 31€ 💎
31996,2026-04-15T21:34:17,photos/photo_29892@15-04-2026_21-34-17.jpg,,,
31997,2026-04-15T21:34:17,photos/photo_29893@15-04-2026_21-34-17.jpg,,,
31998,2026-04-15T21:34:17,photos/photo_29894@15-04-2026_21-34-17.jpg,,,
31999,2026-04-15T21:34:18,photos/photo_29895@15-04-2026_21-34-18.jpg,,,
32000,2026-04-15T21:43:26,photos/photo_29896@15-04-2026_21-43-26.jpg,,https://c.onlyaff.app/7RwSAZ,"THE NORTH FACE —-> 21€ 💎
Muchos Colores 🎨"
32001,2026-04-15T21:45:55,photos/photo_29897@15-04-2026_21-45-55.jpg,,https://c.onlyaff.app/7Rx0u6,ALO —-> 18€ 💎
32002,2026-04-15T21:45:55,photos/photo_29898@15-04-2026_21-45-55.jpg,,,
32003,2026-04-15T21:45:55,photos/photo_29899@15-04-2026_21-45-55.jpg,,,
32004,2026-04-15T21:45:55,photos/photo_29900@15-04-2026_21-45-55.jpg,,,
32005,2026-04-15T21:45:56,photos/photo_29901@15-04-2026_21-45-56.jpg,,,
32006,2026-04-15T21:53:24,photos/photo_29902@15-04-2026_21-53-24.jpg,,https://c.onlyaff.app/7RxdO9,"Camisetas Mundial 2026 —-> 13€ 💎
Ediciones Limitadas 🎨"
32007,2026-04-15T21:53:24,photos/photo_29903@15-04-2026_21-53-24.jpg,,,
32008,2026-04-15T21:53:24,photos/photo_29904@15-04-2026_21-53-24.jpg,,,
32009,2026-04-15T21:53:24,photos/photo_29905@15-04-2026_21-53-24.jpg,,,
32010,2026-04-15T21:53:24,photos/photo_29906@15-04-2026_21-53-24.jpg,,,
32011,2026-04-15T21:53:24,photos/photo_29907@15-04-2026_21-53-24.jpg,,,
32012,2026-04-15T21:53:24,photos/photo_29908@15-04-2026_21-53-24.jpg,,,
32013,2026-04-15T21:53:24,photos/photo_29909@15-04-2026_21-53-24.jpg,,,
32014,2026-04-15T21:53:24,photos/photo_29910@15-04-2026_21-53-24.jpg,,,
32015,2026-04-15T22:49:54,photos/photo_29911@15-04-2026_22-49-54.jpg,,https://c.onlyaff.app/7RzV4H,"NIKE x Brasil —-> 28€ 💎
🚨 Se agota muy rápido 💨"
32016,2026-04-15T22:51:51,photos/photo_29912@15-04-2026_22-51-51.jpg,,https://c.onlyaff.app/7RzXjh,"CAROLINA HERRERA —-> 40€ 💎
Varios Colores 🎨"
32017,2026-04-15T22:51:52,photos/photo_29913@15-04-2026_22-51-52.jpg,,,
32018,2026-04-15T22:51:52,photos/photo_29914@15-04-2026_22-51-52.jpg,,,
32019,2026-04-15T22:55:29,photos/photo_29915@15-04-2026_22-55-29.jpg,,https://c.onlyaff.app/7RA2BF,ADIDAS SL72 —-> 29€ 💎
32021,2026-04-16T09:01:01,photos/photo_29916@16-04-2026_09-01-01.jpg,,https://c.onlyaff.app/7RA3lE,"ASICS Gel  1090 —-> 31€ 💎
Varios Colores 🎨
(Fotos realizadas por mi) 📸"
32022,2026-04-16T09:01:01,photos/photo_29917@16-04-2026_09-01-01.jpg,,,
32023,2026-04-16T09:01:01,photos/photo_29918@16-04-2026_09-01-01.jpg,,,
32024,2026-04-16T09:10:10,photos/photo_29919@16-04-2026_09-10-10.jpg,,https://c.onlyaff.app/7RA4kM,"ADIDAS SL72 —-> 29€ 💎
15 Colores 🎨"
32025,2026-04-16T09:10:10,photos/photo_29920@16-04-2026_09-10-10.jpg,,,
32026,2026-04-16T09:10:10,photos/photo_29921@16-04-2026_09-10-10.jpg,,,
32027,2026-04-16T09:10:10,photos/photo_29922@16-04-2026_09-10-10.jpg,,,
32028,2026-04-16T09:10:10,photos/photo_29923@16-04-2026_09-10-10.jpg,,,
32029,2026-04-16T09:10:11,photos/photo_29924@16-04-2026_09-10-11.jpg,,,
32030,2026-04-16T09:10:11,photos/photo_29925@16-04-2026_09-10-11.jpg,,,
32031,2026-04-16T09:10:11,photos/photo_29926@16-04-2026_09-10-11.jpg,,,
32032,2026-04-16T09:10:11,photos/photo_29927@16-04-2026_09-10-11.jpg,,,
32033,2026-04-16T09:24:01,photos/photo_29928@16-04-2026_09-24-01.jpg,,https://c.onlyaff.app/ML0zv,"SCUFFERS —-> 21€ 💎
Varios Colores 🎨"
32034,2026-04-16T09:24:01,photos/photo_29929@16-04-2026_09-24-01.jpg,,,
32035,2026-04-16T09:24:01,photos/photo_29930@16-04-2026_09-24-01.jpg,,,
32036,2026-04-16T09:24:01,photos/photo_29931@16-04-2026_09-24-01.jpg,,,
32037,2026-04-16T09:26:01,photos/photo_29932@16-04-2026_09-26-01.jpg,,https://c.onlyaff.app/7RA6BC,ADIDAS —-> 9€ 💎
32038,2026-04-16T09:36:01,photos/photo_29933@16-04-2026_09-36-01.jpg,,https://c.onlyaff.app/ML0OR,"THE NORTH FACE —-> 9€ 💎
También en Blanco 🎨"
32039,2026-04-16T09:44:01,photos/photo_29934@16-04-2026_09-44-01.jpg,,https://c.onlyaff.app/7RA93y,ASICS Gel Kayano 14 —-> 28€ 💎
32040,2026-04-16T09:44:01,photos/photo_29935@16-04-2026_09-44-01.jpg,,,
32041,2026-04-16T09:44:01,photos/photo_29936@16-04-2026_09-44-01.jpg,,,
32042,2026-04-16T09:44:01,photos/photo_29937@16-04-2026_09-44-01.jpg,,,
32043,2026-04-16T09:44:01,photos/photo_29938@16-04-2026_09-44-01.jpg,,,
32044,2026-04-16T09:44:01,photos/photo_29939@16-04-2026_09-44-01.jpg,,,
32045,2026-04-16T09:44:02,photos/photo_29940@16-04-2026_09-44-02.jpg,,,
32046,2026-04-16T10:39:13,photos/photo_29941@16-04-2026_10-39-13.jpg,,https://c.onlyaff.app/7RYML3,"PUMA Palermo —-> 37€ 💎
18 Colores 🎨
🚨 Se agotan muy rápido 💨"
32047,2026-04-16T10:39:13,photos/photo_29942@16-04-2026_10-39-13.jpg,,,
32048,2026-04-16T10:39:13,photos/photo_29943@16-04-2026_10-39-13.jpg,,,
32049,2026-04-16T10:39:13,photos/photo_29944@16-04-2026_10-39-13.jpg,,,
32050,2026-04-16T10:39:13,photos/photo_29945@16-04-2026_10-39-13.jpg,,,
32051,2026-04-16T10:39:13,photos/photo_29946@16-04-2026_10-39-13.jpg,,,
32052,2026-04-16T10:39:13,photos/photo_29947@16-04-2026_10-39-13.jpg,,,
32053,2026-04-16T10:39:13,photos/photo_29948@16-04-2026_10-39-13.jpg,,,
32054,2026-04-16T10:39:13,photos/photo_29949@16-04-2026_10-39-13.jpg,,,
32055,2026-04-16T10:39:13,photos/photo_29950@16-04-2026_10-39-13.jpg,,,
32056,2026-04-16T11:17:40,photos/photo_29951@16-04-2026_11-17-40.jpg,,https://c.onlyaff.app/7S8g0L,NIKE x Inglaterra —-> 26€ 💎
32057,2026-04-16T14:18:48,photos/photo_29952@16-04-2026_14-18-48.jpg,,https://c.onlyaff.app/7SiSdQ,CROCS —-> 16€ 💎
32058,2026-04-16T14:18:48,photos/photo_29953@16-04-2026_14-18-48.jpg,,,
32059,2026-04-16T14:18:48,photos/photo_29954@16-04-2026_14-18-48.jpg,,,
32060,2026-04-16T14:18:48,photos/photo_29955@16-04-2026_14-18-48.jpg,,,
32061,2026-04-16T14:18:48,photos/photo_29956@16-04-2026_14-18-48.jpg,,,
32062,2026-04-16T14:18:48,photos/photo_29957@16-04-2026_14-18-48.jpg,,,
32063,2026-04-16T14:18:48,photos/photo_29958@16-04-2026_14-18-48.jpg,,,
32064,2026-04-16T14:18:48,photos/photo_29959@16-04-2026_14-18-48.jpg,,,
32065,2026-04-16T15:10:52,photos/photo_29960@16-04-2026_15-10-52.jpg,,https://c.onlyaff.app/7SlA8a,"NUMERIS —-> 63€ 💎
Varios Colores 🎨
Nuevo Enlace 🔗"
32067,2026-04-16T15:46:31,photos/photo_29961@16-04-2026_15-46-31.jpg,,https://c.onlyaff.app/7SnuLv,"BAPE Sta —-> 33€ 💎
Muchos Colores 🎨"
32068,2026-04-16T15:56:14,photos/photo_29962@16-04-2026_15-56-14.jpg,,https://c.onlyaff.app/7SnMCJ,ON CLOUD Vista 2 —-> 30€ 💎
32069,2026-04-16T15:56:14,photos/photo_29963@16-04-2026_15-56-14.jpg,,,
32070,2026-04-16T15:56:14,photos/photo_29964@16-04-2026_15-56-14.jpg,,,
32071,2026-04-16T15:56:14,photos/photo_29965@16-04-2026_15-56-14.jpg,,,
32072,2026-04-16T15:56:14,photos/photo_29966@16-04-2026_15-56-14.jpg,,,
32073,2026-04-16T15:56:14,photos/photo_29967@16-04-2026_15-56-14.jpg,,,
32074,2026-04-16T15:58:41,photos/photo_29968@16-04-2026_15-58-41.jpg,,https://c.onlyaff.app/7So2x6,"ADIDAS Samba OG ""Wonder"" —-> 28€ 💎"
32075,2026-04-16T16:38:01,photos/photo_29969@16-04-2026_16-38-01.jpg,,https://c.onlyaff.app/7Sqp34,CAROLINA HERRERA —-> 36€ 💎
32076,2026-04-16T16:38:01,photos/photo_29970@16-04-2026_16-38-01.jpg,,,
32077,2026-04-16T16:38:01,photos/photo_29971@16-04-2026_16-38-01.jpg,,,
32078,2026-04-16T16:46:30,photos/photo_29972@16-04-2026_16-46-30.jpg,,https://c.onlyaff.app/7SqJaz,UNDER ARMOUR (pack 6) —-> 12€ 💎
32079,2026-04-16T16:47:37,photos/photo_29973@16-04-2026_16-47-37.jpg,,https://c.onlyaff.app/7SqP4t,ESSENTIALS —-> 31€ 💎
32080,2026-04-16T17:11:37,photos/photo_29974@16-04-2026_17-11-37.jpg,,https://c.onlyaff.app/MQmXb,"ADIDAS —-> 17€ 💎
Muchos Colores 🎨"
32081,2026-04-16T17:13:02,photos/photo_29975@16-04-2026_17-13-02.jpg,,https://c.onlyaff.app/7SrLUu,"CORTEIZ —-> 15€ 💎
Muchos Colores 🎨"
32082,2026-04-16T17:14:12,photos/photo_29976@16-04-2026_17-14-12.jpg,,https://c.onlyaff.app/7SrNIf,"ADIDAS (pantalón + camiseta) —-> 26€ 💎
Muchos Colores 🎨"
32083,2026-04-16T17:18:28,photos/photo_29977@16-04-2026_17-18-28.jpg,,https://c.onlyaff.app/7SrX2q,THE NORTH FACE (conjunto) —-> 14€ 💎
32084,2026-04-16T17:59:05,photos/photo_29978@16-04-2026_17-59-05.jpg,,https://c.onlyaff.app/7StQpo,DR MARTENS —-> 32€ 💎
32085,2026-04-16T18:02:06,photos/photo_29979@16-04-2026_18-02-06.jpg,,https://c.onlyaff.app/7StUSo,"THE NORTH FACE Mule —-> 39€ 💎
Varios Colores 🎨"
32086,2026-04-16T18:47:01,photos/photo_29980@16-04-2026_18-47-01.jpg,,https://c.onlyaff.app/7Swq1n,"MARSHALL Action III —-> 99€ 💎
Calidad TOP ✅
🎁 Perfecto para utilizar la promo del 90% (os queda en menos de 10€ 🤯)"
32087,2026-04-16T19:36:45,photos/photo_29981@16-04-2026_19-36-45.jpg,,https://c.onlyaff.app/7SyhNK,"CONVERSE Run Star —-> 29€ 💎
También en Blanco, altas y bajas 🎨"
32088,2026-04-16T20:25:40,photos/photo_29982@16-04-2026_20-25-40.jpg,,https://c.onlyaff.app/7SJxHu,"ALO (conjunto) —-> 28€ 💎
Muchos Colores 🎨"
32089,2026-04-16T20:26:35,photos/photo_29983@16-04-2026_20-26-35.jpg,,https://c.onlyaff.app/7SJF1W,"ALO (conjunto) —-> 29€ 💎
También en Negro 🎨"
32090,2026-04-16T20:28:17,photos/photo_29984@16-04-2026_20-28-17.jpg,,https://c.onlyaff.app/7SKzpy,"NUDE PROJECT —-> 8€ 💎
También en Negro 🎨
🚨 Se agota muy rápido 💨"
32091,2026-04-16T20:43:35,photos/photo_29985@16-04-2026_20-43-35.jpg,,https://c.onlyaff.app/7SR8cI,"SCUFFERS —-> 20€ 💎
🚨 Se agota muy rápido 💨"
32092,2026-04-16T20:53:47,photos/photo_29986@16-04-2026_20-53-47.jpg,,https://c.onlyaff.app/7SVv9L,"APPLE AirPods Max —-> 41€ 💎
Muchos Colores 🎨"
32094,2026-04-16T21:30:49,photos/photo_29987@16-04-2026_21-30-49.jpg,,https://c.onlyaff.app/7SZ71J,"STUSSY (conjunto) —-> 15€ 💎
Muchos Colores 🎨"
32095,2026-04-16T21:33:23,photos/photo_29988@16-04-2026_21-33-23.jpg,,https://c.onlyaff.app/7SZgiq,"POLO RALPH LAUREN (conjunto) —-> 15€ 💎
Muchos Colores 🎨"
32096,2026-04-16T21:35:24,photos/photo_29989@16-04-2026_21-35-24.jpg,,https://c.onlyaff.app/7SZqWY,"ADIDAS —-> 12€ 💎
Varios Colores 🎨"
32097,2026-04-16T21:36:23,photos/photo_29990@16-04-2026_21-36-23.jpg,,https://c.onlyaff.app/7SZv3v,CARHARTT —-> 18€ 💎
32098,2026-04-16T22:22:13,photos/photo_29991@16-04-2026_22-22-13.jpg,,https://c.onlyaff.app/7T2kav,"ADIDAS Inter Miami 2026 (chándal completo) —-> 36€ 💎
También en Negro 🎨"
32100,2026-04-17T08:36:01,photos/photo_29992@17-04-2026_08-36-01.jpg,,https://c.onlyaff.app/7T4PPI,UGG —-> 29€ 💎
32101,2026-04-17T08:36:01,photos/photo_29993@17-04-2026_08-36-01.jpg,,,
32102,2026-04-17T08:36:01,photos/photo_29994@17-04-2026_08-36-01.jpg,,,
32103,2026-04-17T08:56:01,photos/photo_29995@17-04-2026_08-56-01.jpg,,https://c.onlyaff.app/7T4Z5W,"AMI PARIS —-> 19€ 💎
Varios Colores 🎨"
32104,2026-04-17T08:56:01,photos/photo_29996@17-04-2026_08-56-01.jpg,,,
32105,2026-04-17T08:56:01,photos/photo_29997@17-04-2026_08-56-01.jpg,,,
32106,2026-04-17T09:10:09,photos/photo_29998@17-04-2026_09-10-09.jpg,,https://c.onlyaff.app/7T4TY6,"ASICS Gel Kahana 8 —-> 25€ 💎
Muchos Colores 🎨"
32107,2026-04-17T09:24:01,photos/photo_29999@17-04-2026_09-24-01.jpg,,https://c.onlyaff.app/7T516C,PALM ANGELS (bañador) —-> 22€ 💎
32108,2026-04-17T09:24:01,photos/photo_30000@17-04-2026_09-24-01.jpg,,,
32109,2026-04-17T09:24:01,photos/photo_30001@17-04-2026_09-24-01.jpg,,,
32111,2026-04-17T10:58:17,photos/photo_30002@17-04-2026_10-58-17.jpg,,https://c.onlyaff.app/7TBdkw,ADIDAS Denim —-> 47€ 💎
32112,2026-04-17T12:49:14,photos/photo_30003@17-04-2026_12-49-14.jpg,,https://c.onlyaff.app/7TPzt6,"ADIDAS Samba ""San Valentín"" —-> 22€ 💎"
32113,2026-04-17T12:49:14,photos/photo_30004@17-04-2026_12-49-14.jpg,,,
32114,2026-04-17T12:49:15,photos/photo_30005@17-04-2026_12-49-15.jpg,,,
32115,2026-04-17T13:09:18,photos/photo_30006@17-04-2026_13-09-18.jpg,,https://c.onlyaff.app/7TR4cl,ADIDAS x OASIS —-> 13€ 💎
32116,2026-04-17T14:23:53,photos/photo_30007@17-04-2026_14-23-53.jpg,,https://c.onlyaff.app/MZwvO,"NIKE x STUSSY —-> 8€ 💎
Muchos Colores 🎨"
32117,2026-04-17T14:26:06,photos/photo_30008@17-04-2026_14-26-06.jpg,,https://c.onlyaff.app/7TVrOw,"VANS Slip On Mule —-> 31€ 💎
Varios Colores 🎨"
32118,2026-04-17T14:28:06,photos/photo_30009@17-04-2026_14-28-06.jpg,,https://c.onlyaff.app/7TVAIE,"CONVERSE —-> 25€ 💎
También en Blanco y Bajas 🎨"
32119,2026-04-17T15:04:52,photos/photo_30010@17-04-2026_15-04-52.jpg,,https://c.onlyaff.app/7TXMyA,"POLO RALPH LAUREN —-> 14€ 💎
Muchos Colores 🎨"
32120,2026-04-17T15:06:20,photos/photo_30011@17-04-2026_15-06-20.jpg,,https://c.onlyaff.app/7TXUN0,PALM ANGELS (conjunto) —-> 22€ 💎
32126,2026-04-17T15:54:43,photos/photo_30012@17-04-2026_15-54-43.jpg,,https://c.onlyaff.app/N02VW,CHRISTIAN LOUBOUTIN —-> 59€ 💎
32127,2026-04-17T15:54:43,photos/photo_30013@17-04-2026_15-54-43.jpg,,,
32128,2026-04-17T15:54:43,photos/photo_30014@17-04-2026_15-54-43.jpg,,,
32129,2026-04-17T15:54:43,photos/photo_30015@17-04-2026_15-54-43.jpg,,,
32130,2026-04-17T15:54:43,photos/photo_30016@17-04-2026_15-54-43.jpg,,,
32131,2026-04-17T15:54:44,photos/photo_30017@17-04-2026_15-54-44.jpg,,,
32132,2026-04-17T15:58:10,photos/photo_30018@17-04-2026_15-58-10.jpg,,https://c.onlyaff.app/7U0JpS,CARHARTT —-> 10€ 💎
32133,2026-04-17T15:58:10,photos/photo_30019@17-04-2026_15-58-10.jpg,,,
32134,2026-04-17T15:58:10,photos/photo_30020@17-04-2026_15-58-10.jpg,,,
32135,2026-04-17T15:59:05,photos/photo_30021@17-04-2026_15-59-05.jpg,,https://c.onlyaff.app/7U0Lys,"HELLSTAR —-> 8€ 💎
También en Blanco 🎨"
32136,2026-04-17T16:01:26,photos/photo_30022@17-04-2026_16-01-26.jpg,,https://c.onlyaff.app/7U0VXs,"CORTEIZ x CENTRAL CEE —-> 9€ 💎
Varios Colores 🎨"
32137,2026-04-17T16:03:36,photos/photo_30023@17-04-2026_16-03-36.jpg,,https://c.onlyaff.app/N06Hz,"BIRKENSTOCK —-> 24€ 💎
22 Colores 🎨"
32138,2026-04-17T16:05:06,photos/photo_30024@17-04-2026_16-05-06.jpg,,https://c.onlyaff.app/7U1doS,NIKE FC Barcelona x ECHO 26/27 —-> 11€ 💎
32139,2026-04-17T16:06:58,photos/photo_30025@17-04-2026_16-06-58.jpg,,https://c.onlyaff.app/7U1m5T,"NEW BALANCE 530 —-> 19€ 💎
(YepExpress)"
32140,2026-04-17T16:06:58,photos/photo_30026@17-04-2026_16-06-58.jpg,,,
32141,2026-04-17T16:06:58,photos/photo_30027@17-04-2026_16-06-58.jpg,,,
32142,2026-04-17T16:06:58,photos/photo_30028@17-04-2026_16-06-58.jpg,,,
32143,2026-04-17T16:06:58,photos/photo_30029@17-04-2026_16-06-58.jpg,,,
32144,2026-04-17T16:06:58,photos/photo_30030@17-04-2026_16-06-58.jpg,,,
32145,2026-04-17T16:06:58,photos/photo_30031@17-04-2026_16-06-58.jpg,,,
32146,2026-04-17T16:54:30,photos/photo_30032@17-04-2026_16-54-30.jpg,,https://c.onlyaff.app/7U4FFJ,"KEEN —-> 36€ 💎
30 Colores 🎨"
32147,2026-04-17T17:08:02,photos/photo_30033@17-04-2026_17-08-02.jpg,,https://c.onlyaff.app/7U5gbL,"RIMOWA —-> 17€ 💎
11 Colores 🎨
Para todos los IPhone desde el 13 al 17 📱"
32148,2026-04-17T17:10:17,photos/photo_30034@17-04-2026_17-10-17.jpg,,https://c.onlyaff.app/7U5kPG,"ADIDAS España —-> 14€ 💎
Modelos Vintage 🎨"
32149,2026-04-17T17:10:17,photos/photo_30035@17-04-2026_17-10-17.jpg,,,
32150,2026-04-17T17:10:17,photos/photo_30036@17-04-2026_17-10-17.jpg,,,
32151,2026-04-17T17:10:17,photos/photo_30037@17-04-2026_17-10-17.jpg,,,
32152,2026-04-17T17:10:17,photos/photo_30038@17-04-2026_17-10-17.jpg,,,
32153,2026-04-17T17:10:17,photos/photo_30039@17-04-2026_17-10-17.jpg,,,
32154,2026-04-17T17:10:17,photos/photo_30040@17-04-2026_17-10-17.jpg,,,
32155,2026-04-17T17:10:17,photos/photo_30041@17-04-2026_17-10-17.jpg,,,
32156,2026-04-17T17:10:17,photos/photo_30042@17-04-2026_17-10-17.jpg,,,
32157,2026-04-17T17:10:17,photos/photo_30043@17-04-2026_17-10-17.jpg,,,
32158,2026-04-17T17:14:33,photos/photo_30044@17-04-2026_17-14-33.jpg,,https://c.onlyaff.app/7U5zxU,CAROLINA HERRERA —-> 37€ 💎
32159,2026-04-17T17:14:33,photos/photo_30045@17-04-2026_17-14-33.jpg,,,
32160,2026-04-17T17:14:33,photos/photo_30046@17-04-2026_17-14-33.jpg,,,
32161,2026-04-17T17:23:00,photos/photo_30047@17-04-2026_17-23-00.jpg,,https://c.onlyaff.app/7U6aTm,ADIDAS —-> 12€ 💎
32162,2026-04-17T17:26:29,photos/photo_30048@17-04-2026_17-26-29.jpg,,https://c.onlyaff.app/7U6foV,"EMPORIO ARMANI —-> 31€ 💎
Varios Colores 🎨"
32163,2026-04-17T17:30:06,photos/photo_30049@17-04-2026_17-30-06.jpg,,https://c.onlyaff.app/7U6ow7,"KANKEN —-> 12€ 💎
24 Colores 🎨"
32164,2026-04-17T17:31:12,photos/photo_30050@17-04-2026_17-31-12.jpg,,https://c.onlyaff.app/N0DV8,ADIDAS (5 pares) —-> 5€ 💎
32165,2026-04-17T18:04:20,photos/photo_30051@17-04-2026_18-04-20.jpg,,https://c.onlyaff.app/7U7Wgy,GOLDEN GOOSE Marathon —-> 39€ 💎
32166,2026-04-17T18:04:20,photos/photo_30052@17-04-2026_18-04-20.jpg,,,
32167,2026-04-17T18:04:20,photos/photo_30053@17-04-2026_18-04-20.jpg,,,
32168,2026-04-17T18:04:20,photos/photo_30054@17-04-2026_18-04-20.jpg,,,
32169,2026-04-17T18:04:20,photos/photo_30055@17-04-2026_18-04-20.jpg,,,
32170,2026-04-17T18:07:40,photos/photo_30056@17-04-2026_18-07-40.jpg,,https://c.onlyaff.app/7U881y,"ALEXANDER MCQUEEN —-> 24€ 💎
Varios Colores 🎨"
32171,2026-04-17T18:28:22,photos/photo_30057@17-04-2026_18-28-22.jpg,,https://c.onlyaff.app/N10e5,"ADIDAS Adilette —-> 20€ 💎
Muchos Colores 🎨"
32172,2026-04-17T18:29:18,photos/photo_30058@17-04-2026_18-29-18.jpg,,,"🚨🔥 ¡VUELVE LA PROMO DEL 90%! 🔥🚨

Desde ahora, el 90% de descuento en el artículo más caro SOLO dura 72 HORAS desde que te registras ⏳

👉 Si eres nuevo y acabas de entrar en Hacoo:
TIENES SOLO 3 DÍAS para hacer tu primer pedido
❌ Después → pierdes el 90%

💥 Recuerda:
 • Solo válido para usuarios nuevos
 • Con datos nuevos (dirección y teléfono)

🔥 Nuestra recomendación:
Si acabas de registrarte → NO LO DEJES PARA LUEGO
Haz tu pedido cuanto antes y aprovecha el descuento al máximo

🎁 Además, puedes añadir nuestro código:
""SUPER14"" → y tendréis un 14% extra en todo el pedido 🤯"
32173,2026-04-17T18:43:54,photos/photo_30059@17-04-2026_18-43-54.jpg,,https://c.onlyaff.app/7UaHQQ,THE NORTH FACE (pack 3) —-> 5€ 💎
32174,2026-04-17T18:47:17,photos/photo_30060@17-04-2026_18-47-17.jpg,,https://c.onlyaff.app/7UaN0S,CARHARTT —-> 8€ 💎
32175,2026-04-17T19:22:23,photos/photo_30061@17-04-2026_19-22-23.jpg,,https://c.onlyaff.app/N1dKK,ON CLOUD X Z5 —-> 34€ 💎
32176,2026-04-17T19:22:23,photos/photo_30062@17-04-2026_19-22-23.jpg,,,
32177,2026-04-17T19:22:24,photos/photo_30063@17-04-2026_19-22-24.jpg,,,
32178,2026-04-17T20:26:24,photos/photo_30064@17-04-2026_20-26-24.jpg,,https://c.onlyaff.app/7UmT8G,"UNDER ARMOUR —-> 13€ 💎
Varios Colores 🎨"
32189,2026-04-17T21:12:16,photos/photo_30065@17-04-2026_21-12-16.jpg,,https://c.onlyaff.app/7UABrv,"SAUCONY Progrid Omni 9 —-> 38€ 💎
30 Colores 🎨"
32190,2026-04-17T21:12:16,photos/photo_30066@17-04-2026_21-12-16.jpg,,,
32191,2026-04-17T21:12:16,photos/photo_30067@17-04-2026_21-12-16.jpg,,,
32192,2026-04-17T21:12:16,photos/photo_30068@17-04-2026_21-12-16.jpg,,,
32193,2026-04-17T21:12:16,photos/photo_30069@17-04-2026_21-12-16.jpg,,,
32194,2026-04-17T21:12:16,photos/photo_30070@17-04-2026_21-12-16.jpg,,,
32195,2026-04-17T21:12:16,photos/photo_30071@17-04-2026_21-12-16.jpg,,,
32196,2026-04-17T21:12:16,photos/photo_30072@17-04-2026_21-12-16.jpg,,,
32197,2026-04-17T21:16:22,photos/photo_30073@17-04-2026_21-16-22.jpg,,https://c.onlyaff.app/N3GfX,ADIDAS Samba —-> 22€ 💎
32198,2026-04-17T21:16:22,photos/photo_30074@17-04-2026_21-16-22.jpg,,,
32199,2026-04-17T21:16:22,photos/photo_30075@17-04-2026_21-16-22.jpg,,,
32200,2026-04-17T21:23:26,photos/photo_30076@17-04-2026_21-23-26.jpg,,https://c.onlyaff.app/7UBbey,VANS Old Skool —-> 26€ 💎
32201,2026-04-17T21:23:26,photos/photo_30077@17-04-2026_21-23-26.jpg,,,
32202,2026-04-17T21:23:26,photos/photo_30078@17-04-2026_21-23-26.jpg,,,
32203,2026-04-17T21:23:26,photos/photo_30079@17-04-2026_21-23-26.jpg,,,
32204,2026-04-17T21:23:27,photos/photo_30080@17-04-2026_21-23-27.jpg,,,
32205,2026-04-17T21:23:27,photos/photo_30081@17-04-2026_21-23-27.jpg,,,
32206,2026-04-17T21:23:27,photos/photo_30082@17-04-2026_21-23-27.jpg,,,
32207,2026-04-17T21:43:05,photos/photo_30083@17-04-2026_21-43-05.jpg,,https://c.onlyaff.app/7UCHPY,ADIDAS Samba OG —-> 22€ 💎
32208,2026-04-17T21:43:05,photos/photo_30084@17-04-2026_21-43-05.jpg,,,
32209,2026-04-17T21:43:05,photos/photo_30085@17-04-2026_21-43-05.jpg,,,
32210,2026-04-17T21:43:05,photos/photo_30086@17-04-2026_21-43-05.jpg,,,
32211,2026-04-17T21:43:05,photos/photo_30087@17-04-2026_21-43-05.jpg,,,
32212,2026-04-17T21:44:53,photos/photo_30088@17-04-2026_21-44-53.jpg,,https://c.onlyaff.app/7UCLqz,"APPLE AirPods Pro2 —-> 14€ 💎
Artículo muy recomendado ✅
(Fotos realizadas por mi) 📸"
32213,2026-04-17T21:44:53,photos/photo_30089@17-04-2026_21-44-53.jpg,,,
32214,2026-04-17T21:44:53,photos/photo_30090@17-04-2026_21-44-53.jpg,,,
32215,2026-04-17T21:47:56,photos/photo_30091@17-04-2026_21-47-56.jpg,,https://c.onlyaff.app/7UCVlq,"NIKE Jordan 1 —-> 27€ 💎
14 Colores 🎨
(YepExpress)"
32216,2026-04-17T21:49:50,photos/photo_30092@17-04-2026_21-49-50.jpg,,https://c.onlyaff.app/7UCZkZ,"ASICS Gel Quantum 360 —-> 40€ 💎
14 Colores 🎨"
32217,2026-04-17T21:49:50,photos/photo_30093@17-04-2026_21-49-50.jpg,,,
32218,2026-04-17T21:49:50,photos/photo_30094@17-04-2026_21-49-50.jpg,,,
32219,2026-04-17T21:49:50,photos/photo_30095@17-04-2026_21-49-50.jpg,,,
32220,2026-04-17T21:49:50,photos/photo_30096@17-04-2026_21-49-50.jpg,,,
32221,2026-04-17T21:49:50,photos/photo_30097@17-04-2026_21-49-50.jpg,,,
32222,2026-04-17T21:49:50,photos/photo_30098@17-04-2026_21-49-50.jpg,,,
32223,2026-04-17T21:49:50,photos/photo_30099@17-04-2026_21-49-50.jpg,,,
32224,2026-04-17T21:49:50,photos/photo_30100@17-04-2026_21-49-50.jpg,,,
32225,2026-04-17T21:52:31,photos/photo_30101@17-04-2026_21-52-31.jpg,,https://c.onlyaff.app/7UD5iJ,"ADIDAS Tokyo—-> 24€ 💎
Varios Colores 🎨"
32226,2026-04-17T21:52:31,photos/photo_30102@17-04-2026_21-52-31.jpg,,,
32227,2026-04-17T21:52:31,photos/photo_30103@17-04-2026_21-52-31.jpg,,,
32228,2026-04-17T21:52:31,photos/photo_30104@17-04-2026_21-52-31.jpg,,,
32229,2026-04-17T21:52:31,photos/photo_30105@17-04-2026_21-52-31.jpg,,,
32230,2026-04-17T21:52:31,photos/photo_30106@17-04-2026_21-52-31.jpg,,,
32231,2026-04-17T21:59:05,photos/photo_30107@17-04-2026_21-59-05.jpg,,https://c.onlyaff.app/7UDiNT,POLO RALPH LAUREN —-> 13€ 💎
32232,2026-04-17T21:59:05,photos/photo_30108@17-04-2026_21-59-05.jpg,,,
32233,2026-04-17T21:59:06,photos/photo_30109@17-04-2026_21-59-06.jpg,,,
32234,2026-04-17T21:59:06,photos/photo_30110@17-04-2026_21-59-06.jpg,,,
32235,2026-04-17T21:59:06,photos/photo_30111@17-04-2026_21-59-06.jpg,,,
32236,2026-04-17T21:59:06,photos/photo_30112@17-04-2026_21-59-06.jpg,,,
32237,2026-04-17T22:15:55,photos/photo_30113@17-04-2026_22-15-55.jpg,,https://c.onlyaff.app/N3Yrz,"NIKE V2K —-> 39€ 💎
🚨 Se agotan MUY rápido 💨
Calidad TOP, muy recomendadas ✅"
32238,2026-04-17T22:15:55,photos/photo_30114@17-04-2026_22-15-55.jpg,,,
32239,2026-04-17T22:15:55,photos/photo_30115@17-04-2026_22-15-55.jpg,,,
32240,2026-04-17T22:15:55,photos/photo_30116@17-04-2026_22-15-55.jpg,,,
32241,2026-04-17T22:15:55,photos/photo_30117@17-04-2026_22-15-55.jpg,,,
32242,2026-04-17T22:15:55,photos/photo_30118@17-04-2026_22-15-55.jpg,,,
32243,2026-04-17T22:15:55,photos/photo_30119@17-04-2026_22-15-55.jpg,,,
32244,2026-04-17T22:15:55,photos/photo_30120@17-04-2026_22-15-55.jpg,,,
32245,2026-04-17T22:18:56,photos/photo_30121@17-04-2026_22-18-56.jpg,,https://c.onlyaff.app/N3YTC,GOYARD (bandolera) —-> 28€ 💎
32246,2026-04-17T22:18:56,photos/photo_30122@17-04-2026_22-18-56.jpg,,,
32247,2026-04-17T22:18:56,photos/photo_30123@17-04-2026_22-18-56.jpg,,,
32248,2026-04-17T22:18:56,photos/photo_30124@17-04-2026_22-18-56.jpg,,,
32249,2026-04-17T22:18:56,photos/photo_30125@17-04-2026_22-18-56.jpg,,,
32250,2026-04-17T22:20:45,photos/photo_30126@17-04-2026_22-20-45.jpg,,https://c.onlyaff.app/7UDU1C,"BIRKENSTOCK —-> 23€ 💎
16 Colores 🎨"
32251,2026-04-17T22:35:49,photos/photo_30127@17-04-2026_22-35-49.jpg,,https://c.onlyaff.app/7UEmFq,ESSENTIALS (conjunto) —-> 44€ 💎
32252,2026-04-17T22:38:00,photos/photo_30128@17-04-2026_22-38-00.jpg,,https://c.onlyaff.app/7UEtVx,PALM ANGELS —-> 19€ 💎
32253,2026-04-17T22:38:00,photos/photo_30129@17-04-2026_22-38-00.jpg,,,
32254,2026-04-17T22:38:00,photos/photo_30130@17-04-2026_22-38-00.jpg,,,
32256,2026-04-18T08:45:13,photos/photo_30131@18-04-2026_08-45-13.jpg,,https://c.onlyaff.app/7UEHT7,"AIME LEON DORE —-> 17€ 💎
Varios Colores 🎨"
32257,2026-04-18T08:50:09,photos/photo_30132@18-04-2026_08-50-09.jpg,,https://c.onlyaff.app/7UEPD0,FRED PERRY (bordado) —-> 21€ 💎
32258,2026-04-18T09:01:01,photos/photo_30133@18-04-2026_09-01-01.jpg,,https://c.onlyaff.app/7UF1d9,POLO RALPH LAUREN —-> 30€ 💎
32259,2026-04-18T09:02:28,photos/photo_30134@18-04-2026_09-02-28.jpg,,https://c.onlyaff.app/7UEWxP,"CARHARTT —-> 15€ 💎
Muchos Colores 🎨"
32260,2026-04-18T09:02:28,photos/photo_30135@18-04-2026_09-02-28.jpg,,,
32261,2026-04-18T09:02:28,photos/photo_30136@18-04-2026_09-02-28.jpg,,,
32262,2026-04-18T09:06:01,photos/photo_30137@18-04-2026_09-06-01.jpg,,https://c.onlyaff.app/N4a78,ADIDAS (3 pares) —-> 5€ 💎
32263,2026-04-18T09:10:10,photos/photo_30138@18-04-2026_09-10-10.jpg,,https://c.onlyaff.app/7UF9Fj,VEJA Volley —-> 28€ 💎
32264,2026-04-18T09:10:10,photos/photo_30139@18-04-2026_09-10-10.jpg,,,
32265,2026-04-18T09:10:10,photos/photo_30140@18-04-2026_09-10-10.jpg,,,
32266,2026-04-18T09:10:10,photos/photo_30141@18-04-2026_09-10-10.jpg,,,
32267,2026-04-18T09:10:10,photos/photo_30142@18-04-2026_09-10-10.jpg,,,
32268,2026-04-18T09:10:10,photos/photo_30143@18-04-2026_09-10-10.jpg,,,
32269,2026-04-18T09:10:10,photos/photo_30144@18-04-2026_09-10-10.jpg,,,
32270,2026-04-18T09:10:11,photos/photo_30145@18-04-2026_09-10-11.jpg,,,
32271,2026-04-18T09:16:01,photos/photo_30146@18-04-2026_09-16-01.jpg,,https://c.onlyaff.app/7UFw18,"UNDER ARMOUR (conjunto) —-> 16€ 💎
Muchos Colores 🎨"
32272,2026-04-18T09:24:01,photos/photo_30147@18-04-2026_09-24-01.jpg,,https://c.onlyaff.app/7UFfgy,"ADIDAS Adizero EVO SL —-> 27€ 💎
Muchos Colores 🎨"
32273,2026-04-18T09:36:01,photos/photo_30148@18-04-2026_09-36-01.jpg,,https://c.onlyaff.app/7UFheU,"ASICS Gel Kahana 8 —-> 25€ 💎
11 Colores 🎨"
32274,2026-04-18T09:44:01,photos/photo_30149@18-04-2026_09-44-01.jpg,,https://c.onlyaff.app/7UFAsD,STUSSY —-> 19€ 💎
32275,2026-04-18T09:44:01,photos/photo_30150@18-04-2026_09-44-01.jpg,,,
32276,2026-04-18T09:44:01,photos/photo_30151@18-04-2026_09-44-01.jpg,,,
32277,2026-04-18T09:58:01,photos/photo_30152@18-04-2026_09-58-01.jpg,,https://c.onlyaff.app/7UFllt,"ADIDAS Predator Elite —-> 26€ 💎
Muchos Colores 🎨"
32278,2026-04-18T10:11:01,photos/photo_30153@18-04-2026_10-11-01.jpg,,https://c.onlyaff.app/7UFq3q,"ADIDAS Spezial —-> 19€ 💎
18 Colores 🎨"
32279,2026-04-18T10:11:01,photos/photo_30154@18-04-2026_10-11-01.jpg,,,
32280,2026-04-18T10:11:01,photos/photo_30155@18-04-2026_10-11-01.jpg,,,
32281,2026-04-18T10:11:01,photos/photo_30156@18-04-2026_10-11-01.jpg,,,
32282,2026-04-18T10:11:01,photos/photo_30157@18-04-2026_10-11-01.jpg,,,
32283,2026-04-18T10:11:01,photos/photo_30158@18-04-2026_10-11-01.jpg,,,
32284,2026-04-18T10:11:01,photos/photo_30159@18-04-2026_10-11-01.jpg,,,
32285,2026-04-18T10:11:02,photos/photo_30160@18-04-2026_10-11-02.jpg,,,
32286,2026-04-18T10:11:02,photos/photo_30161@18-04-2026_10-11-02.jpg,,,
32287,2026-04-18T10:11:02,photos/photo_30162@18-04-2026_10-11-02.jpg,,,
32288,2026-04-18T12:57:57,photos/photo_30163@18-04-2026_12-57-57.jpg,,https://c.onlyaff.app/7VkVtD,"CORTEIZ (conjunto) —-> 20€ 💎
Varios Colores 🎨"
32289,2026-04-18T14:15:42,photos/photo_30164@18-04-2026_14-15-42.jpg,,https://c.onlyaff.app/N8Gu3,"NUMERIS —-> 39€ 💎
Varios Colores 🎨
🚨 Se agotan muy rápido 💨"
32290,2026-04-18T14:15:42,photos/photo_30165@18-04-2026_14-15-42.jpg,,,
32291,2026-04-18T14:15:42,photos/photo_30166@18-04-2026_14-15-42.jpg,,,
32292,2026-04-18T14:35:19,photos/photo_30167@18-04-2026_14-35-19.jpg,,https://c.onlyaff.app/7VpnBe,"NIKE Air Max 90 —-> 29€ 💎
Muchos Colores 🎨
(YepExpress)"
32293,2026-04-18T15:54:58,photos/photo_30168@18-04-2026_15-54-58.jpg,,https://c.onlyaff.app/7Vv3it,"CROCS x CARS —-> 22€ 💎
Varios Colores 🎨
🚨 Se agotan muy rápido 💨"
32294,2026-04-18T16:58:03,photos/photo_30169@18-04-2026_16-58-03.jpg,,https://c.onlyaff.app/7VxU0P,"ESSENTIALS x FEAR OF GOD —-> 22€ 💎
24 Modelos 🎨"
32295,2026-04-18T19:07:08,photos/photo_30170@18-04-2026_19-07-08.jpg,,https://c.onlyaff.app/7VDlWZ,"DAYSON —-> 33€ 💎
Muy Recomendado ✅"
32296,2026-04-18T19:09:01,photos/photo_30171@18-04-2026_19-09-01.jpg,,https://c.onlyaff.app/7VDtDU,"ZOEVA (Set + Estuche) —-> 8€ 💎
También en Marrón 🎨"
32297,2026-04-18T19:32:07,photos/photo_30172@18-04-2026_19-32-07.jpg,,https://c.onlyaff.app/7VEIYE,"ADIDAS España Mundial 2026 —-> 13€ 💎
Muchos Dorsales 🎨"
32298,2026-04-18T19:32:07,photos/photo_30173@18-04-2026_19-32-07.jpg,,,
32299,2026-04-18T19:32:07,photos/photo_30174@18-04-2026_19-32-07.jpg,,,
32300,2026-04-18T19:33:16,photos/photo_30175@18-04-2026_19-33-16.jpg,,https://c.onlyaff.app/7VENHr,AMI PARIS (bordado) —-> 18€ 💎
32301,2026-04-18T19:38:28,photos/photo_30176@18-04-2026_19-38-28.jpg,,https://c.onlyaff.app/7VEZFc,"ADIDAS Jeans —-> 31€ 💎
Muchos Colores 🎨"
32302,2026-04-18T19:50:48,photos/photo_30177@18-04-2026_19-50-48.jpg,,https://c.onlyaff.app/7VFzSJ,"ONITSUKA TIGER Tokuten —-> 28€ 💎
Muchos Colores 🎨"
32303,2026-04-18T21:13:13,photos/photo_30178@18-04-2026_21-13-13.jpg,,https://c.onlyaff.app/7W2vjy,"YEEZY Slide —-> 11€ 💎
Muchos Colores 🎨
Hasta la talla 47 🆙"
32304,2026-04-18T21:13:14,photos/photo_30179@18-04-2026_21-13-14.jpg,,,
32305,2026-04-18T21:13:14,photos/photo_30180@18-04-2026_21-13-14.jpg,,,
32306,2026-04-18T21:13:14,photos/photo_30181@18-04-2026_21-13-14.jpg,,,
32307,2026-04-18T21:13:14,photos/photo_30182@18-04-2026_21-13-14.jpg,,,
32308,2026-04-18T21:46:37,photos/photo_30183@18-04-2026_21-46-37.jpg,,https://c.onlyaff.app/7W3zV5,"GUESS (bandolera) —-> 19€ 💎
Varios Colores 🎨"
32309,2026-04-18T22:22:38,photos/photo_30184@18-04-2026_22-22-38.jpg,,https://c.onlyaff.app/7W4Czf,ADIDAS —-> 20€ 💎
32310,2026-04-18T22:30:02,photos/photo_30185@18-04-2026_22-30-02.jpg,,https://c.onlyaff.app/7W4WkI,AMIRI —-> 13€ 💎
32311,2026-04-18T22:31:04,photos/photo_30186@18-04-2026_22-31-04.jpg,,https://c.onlyaff.app/7W4XZe,"DIESEL —-> 5€ 💎
Varios Colores 🎨"
32312,2026-04-18T22:32:04,photos/photo_30187@18-04-2026_22-32-04.jpg,,https://c.onlyaff.app/7W4Zna,CAROLINA HERRERA —-> 5€ 💎
32313,2026-04-18T22:33:07,photos/photo_30188@18-04-2026_22-33-07.jpg,,https://c.onlyaff.app/7W51zr,"CARHARTT —-> 7€ 💎
Varios Colores 🎨"
32314,2026-04-18T22:35:00,photos/photo_30189@18-04-2026_22-35-00.jpg,,https://c.onlyaff.app/7W54Jc,"CARHARTT —-> 19€ 💎
Varios Colores 🎨"
32315,2026-04-18T22:38:54,photos/photo_30190@18-04-2026_22-38-54.jpg,,https://c.onlyaff.app/7W5aVX,"RAY BAN —-> 9€ 💎
Muchos Colores 🎨"
32316,2026-04-18T22:38:54,photos/photo_30191@18-04-2026_22-38-54.jpg,,,
32317,2026-04-18T22:38:54,photos/photo_30192@18-04-2026_22-38-54.jpg,,,
32318,2026-04-18T22:51:51,photos/photo_30193@18-04-2026_22-51-51.jpg,,https://c.onlyaff.app/7W5uOO,"RAY BAN —-> 7€ 💎
Muchos Colores 🎨"
32319,2026-04-18T22:53:37,photos/photo_30194@18-04-2026_22-53-37.jpg,,https://c.onlyaff.app/7W5xqi,ADIDAS Campus —-> 20€ 💎
32320,2026-04-18T22:53:37,photos/photo_30195@18-04-2026_22-53-37.jpg,,,
32321,2026-04-18T22:53:38,photos/photo_30196@18-04-2026_22-53-38.jpg,,,
32322,2026-04-18T22:53:38,photos/photo_30197@18-04-2026_22-53-38.jpg,,,
32323,2026-04-18T22:53:38,photos/photo_30198@18-04-2026_22-53-38.jpg,,,
32325,2026-04-19T08:36:01,photos/photo_30199@19-04-2026_08-36-01.jpg,,https://c.onlyaff.app/7W8ld9,"Proyector Android 4K Wifi —-> 75€ 💎

🚨 Producto perfecto para que aprovechéis la promo del 90%, os queda en menos de 7€ ! ✅

Calidad 🔝"
32326,2026-04-19T08:50:12,photos/photo_30200@19-04-2026_08-50-12.jpg,,https://c.onlyaff.app/7W8HMB,"POLO RALPH LAUREN —-> 29€ 💎
Varios Colores 🎨"
32327,2026-04-19T09:00:58,photos/photo_30201@19-04-2026_09-00-58.jpg,,https://c.onlyaff.app/7W8Dqq,"ADIDAS Samba OG ""Pony"" —-> 22€ 💎"
32328,2026-04-19T09:10:14,photos/photo_30202@19-04-2026_09-10-14.jpg,,https://c.onlyaff.app/7W8DQJ,ADIDAS Samba OG —-> 22€ 💎
32329,2026-04-19T09:10:14,photos/photo_30203@19-04-2026_09-10-14.jpg,,,
32330,2026-04-19T09:10:14,photos/photo_30204@19-04-2026_09-10-14.jpg,,,
32331,2026-04-19T09:20:12,photos/photo_30205@19-04-2026_09-20-12.jpg,,https://c.onlyaff.app/7W8Gt7,"GUESS —-> 26€ 💎
Varios Colores 🎨"
32332,2026-04-19T09:22:01,photos/photo_30206@19-04-2026_09-22-01.jpg,,https://c.onlyaff.app/7W8GKc,"CAROLINA HERRERA —-> 22€ 💎
Muchos Modelos 🎨"
32333,2026-04-19T09:24:01,photos/photo_30207@19-04-2026_09-24-01.jpg,,https://c.onlyaff.app/7W8Ezi,"ASICS Gel Cumulus 16 —-> 29€ 💎
Muchos colores 🎨"
32334,2026-04-19T09:30:22,photos/photo_30208@19-04-2026_09-30-22.jpg,,https://c.onlyaff.app/7W8G3c,ADIDAS Adilette Sandal —-> 31€ 💎
32335,2026-04-19T09:30:22,photos/photo_30209@19-04-2026_09-30-22.jpg,,,
32336,2026-04-19T09:30:22,photos/photo_30210@19-04-2026_09-30-22.jpg,,,
32337,2026-04-19T09:36:01,photos/photo_30211@19-04-2026_09-36-01.jpg,,https://c.onlyaff.app/7W8FuT,"ADIDAS SL72 —-> 28€ 💎
Varios Colores 🎨"
32338,2026-04-19T09:48:01,photos/photo_30212@19-04-2026_09-48-01.jpg,,https://c.onlyaff.app/7W8Hc1,"APPLE AirPods3 —-> 12€ 💎
Calidad 🔝
Muy recomendados✅
(Fotos realizadas por mi) 📸"
32339,2026-04-19T09:48:01,photos/photo_30213@19-04-2026_09-48-01.jpg,,,
32340,2026-04-19T09:48:01,photos/photo_30214@19-04-2026_09-48-01.jpg,,,
32341,2026-04-19T09:56:01,photos/photo_30215@19-04-2026_09-56-01.jpg,,https://c.onlyaff.app/NdgJo,"CAROLINA HERRERA —-> 24€ 💎
Varios Colores 🎨"
32342,2026-04-19T09:58:01,photos/photo_30216@19-04-2026_09-58-01.jpg,,https://c.onlyaff.app/7W8Hv1,"SCUFFERS —-> 20€ 💎
Varios Colores 🎨
🚨 Se agotan muy rápido 💨"
32343,2026-04-19T09:58:01,photos/photo_30217@19-04-2026_09-58-01.jpg,,,
32344,2026-04-19T10:11:01,photos/photo_30218@19-04-2026_10-11-01.jpg,,https://c.onlyaff.app/NdgCI,"ADIDAS Spezial —-> 20€ 💎
18 Nuevos Colores 🎨"
32345,2026-04-19T10:11:01,photos/photo_30219@19-04-2026_10-11-01.jpg,,,
32346,2026-04-19T10:11:01,photos/photo_30220@19-04-2026_10-11-01.jpg,,,
32347,2026-04-19T10:11:01,photos/photo_30221@19-04-2026_10-11-01.jpg,,,
32348,2026-04-19T10:11:01,photos/photo_30222@19-04-2026_10-11-01.jpg,,,
32349,2026-04-19T10:11:01,photos/photo_30223@19-04-2026_10-11-01.jpg,,,
32350,2026-04-19T10:11:01,photos/photo_30224@19-04-2026_10-11-01.jpg,,,
32351,2026-04-19T10:11:01,photos/photo_30225@19-04-2026_10-11-01.jpg,,,
32352,2026-04-19T10:11:01,photos/photo_30226@19-04-2026_10-11-01.jpg,,,
32353,2026-04-19T10:50:08,photos/photo_30227@19-04-2026_10-50-08.jpg,,https://c.onlyaff.app/7W8Ijw,ADIDAS —-> 28€ 💎
32354,2026-04-19T10:50:08,photos/photo_30228@19-04-2026_10-50-08.jpg,,,
32355,2026-04-19T10:50:08,photos/photo_30229@19-04-2026_10-50-08.jpg,,,
32356,2026-04-19T10:56:01,photos/photo_30230@19-04-2026_10-56-01.jpg,,https://c.onlyaff.app/7W8I5P,ADIDAS Denim —-> 38€ 💎
32357,2026-04-19T10:56:01,photos/photo_30231@19-04-2026_10-56-01.jpg,,,
32358,2026-04-19T10:56:01,photos/photo_30232@19-04-2026_10-56-01.jpg,,,
32359,2026-04-19T12:35:00,photos/photo_30233@19-04-2026_12-35-00.jpg,,https://c.onlyaff.app/NgsB4,"NEW BALANCE 204L —-> 33€ 💎
🚨 Se agotan muy rápido 💨"
32360,2026-04-19T12:35:00,photos/photo_30234@19-04-2026_12-35-00.jpg,,,
32361,2026-04-19T12:35:00,photos/photo_30235@19-04-2026_12-35-00.jpg,,,
32362,2026-04-19T12:35:00,photos/photo_30236@19-04-2026_12-35-00.jpg,,,
32363,2026-04-19T12:35:00,photos/photo_30237@19-04-2026_12-35-00.jpg,,,
32364,2026-04-19T17:27:19,photos/photo_30238@19-04-2026_17-27-19.jpg,,https://c.onlyaff.app/7WULgr,"NEW BALANCE Abzorb 2000 —-> 36€ 💎
Muchos Colores 🎨
🚨 Se agotan muy rápido 💨"
32365,2026-04-19T17:27:19,photos/photo_30239@19-04-2026_17-27-19.jpg,,,
32366,2026-04-19T17:27:19,photos/photo_30240@19-04-2026_17-27-19.jpg,,,
32367,2026-04-19T17:29:47,photos/photo_30241@19-04-2026_17-29-47.jpg,,https://c.onlyaff.app/7WUSw0,"THE NORTH FACE x KAWS (fina) —-> 46€ 💎
También en Blanco 🎨"
32368,2026-04-19T17:30:51,photos/photo_30242@19-04-2026_17-30-51.jpg,,https://c.onlyaff.app/7WUWz9,FRED PERRY (bañador) —-> 17€ 💎
32369,2026-04-19T17:43:17,photos/photo_30243@19-04-2026_17-43-17.jpg,,https://c.onlyaff.app/7WVukA,"NEW BALANCE x MIU MIU —-> 14€ 💎
Varios Colores 🎨"
32370,2026-04-19T18:06:50,photos/photo_30244@19-04-2026_18-06-50.jpg,,https://c.onlyaff.app/7WXi5C,POLO RALPH LAUREN —-> 16€ 💎
32371,2026-04-19T18:12:38,photos/photo_30245@19-04-2026_18-12-38.jpg,,https://c.onlyaff.app/NimFI,"NIKE Air Jordan 3 —-> 29€ 💎
20 Colores 🎨
(YepExpress)"
32372,2026-04-19T18:13:56,photos/photo_30246@19-04-2026_18-13-56.jpg,,https://c.onlyaff.app/7WXSaO,POLO RALPH LAUREN —-> 14€ 💎
32373,2026-04-19T18:18:46,photos/photo_30247@19-04-2026_18-18-46.jpg,,https://c.onlyaff.app/7WYuP0,COLE BUXTON —-> 21€ 💎
32374,2026-04-19T18:18:46,photos/photo_30248@19-04-2026_18-18-46.jpg,,,
32375,2026-04-19T18:18:46,photos/photo_30249@19-04-2026_18-18-46.jpg,,,
32376,2026-04-19T18:20:31,photos/photo_30250@19-04-2026_18-20-31.jpg,,https://c.onlyaff.app/7WYHQ7,"CARHARTT (conjunto) —-> 21€ 💎
Varios Modelos 🎨"
32377,2026-04-19T18:22:19,photos/photo_30251@19-04-2026_18-22-19.jpg,,https://c.onlyaff.app/7WYObu,STONE ISLAND (conjunto) —-> 21€ 💎
32378,2026-04-19T18:23:35,photos/photo_30252@19-04-2026_18-23-35.jpg,,https://c.onlyaff.app/7WYQsE,CARHARTT (conjunto bordado) —-> 20€ 💎
32379,2026-04-19T18:24:57,photos/photo_30253@19-04-2026_18-24-57.jpg,,https://c.onlyaff.app/7WYUMu,UNDER ARMOUR (pack 6) —-> 19€ 💎
32380,2026-04-19T18:26:14,photos/photo_30254@19-04-2026_18-26-14.jpg,,https://c.onlyaff.app/7WYYjL,"ADIDAS —-> 10€ 💎
Varios Colores 🎨"
32381,2026-04-19T20:05:12,photos/photo_30255@19-04-2026_20-05-12.jpg,,https://c.onlyaff.app/Nj6se,"ADIDAS Response CL —-> 36€ 💎
11 Colores 🎨"
32382,2026-04-19T20:29:25,photos/photo_30256@19-04-2026_20-29-25.jpg,,https://c.onlyaff.app/7XdAF6,"CROCS —-> 26€ 💎
Muchos Colores 🎨"
32383,2026-04-19T20:31:09,photos/photo_30257@19-04-2026_20-31-09.jpg,,https://c.onlyaff.app/7XejGe,"BIRKENSTOCK —-> 21€ 💎
Muchos Colores 🎨
Hasta la talla 47 🆙
(Fotos realizadas por mi) 📸"
32384,2026-04-19T20:31:09,photos/photo_30258@19-04-2026_20-31-09.jpg,,,
32385,2026-04-19T20:31:09,photos/photo_30259@19-04-2026_20-31-09.jpg,,,
32386,2026-04-19T20:38:21,photos/photo_30260@19-04-2026_20-38-21.jpg,,https://c.onlyaff.app/NkjhK,ASICS Magic Speed 4 —-> 28€ 💎
32387,2026-04-19T20:38:21,photos/photo_30261@19-04-2026_20-38-21.jpg,,,
32388,2026-04-19T20:38:21,photos/photo_30262@19-04-2026_20-38-21.jpg,,,
32389,2026-04-19T20:38:21,photos/photo_30263@19-04-2026_20-38-21.jpg,,,
32390,2026-04-19T20:38:21,photos/photo_30264@19-04-2026_20-38-21.jpg,,,
32391,2026-04-19T20:38:21,photos/photo_30265@19-04-2026_20-38-21.jpg,,,
32392,2026-04-19T20:38:21,photos/photo_30266@19-04-2026_20-38-21.jpg,,,
32393,2026-04-19T20:44:44,photos/photo_30267@19-04-2026_20-44-44.jpg,,,"🚨 CÓMO APROVECHAR EL -90% 🚨

💥 El -90% es para usuarios nuevos y se aplica al artículo más caro del carrito.

👉 ¿Cómo usarlo?

Crea una cuenta nueva (puedes usar otro móvil, email o el de un familiar/amigo para que se una a Hacoo y sean nuevos clientes)

Añade los productos que quieras al carrito
✅ La promo se aplica automáticamente al más caro

➕ Extra:
Usa el código SUPER14 y tendrás +14% de descuento en todo el pedido

⏳ Importante:
La promo es limitada (no hay fecha exacta). Puede durar… o desaparecer pronto 👀

🔥 Aprovechad mientras esté activa"
32394,2026-04-19T21:46:01,photos/photo_30268@19-04-2026_21-46-01.jpg,,https://c.onlyaff.app/7XsrZQ,"NIKE P6000 —-> 39€ 💎
🚨 Se agotan MUY rápido 💨"
32395,2026-04-19T21:46:01,photos/photo_30269@19-04-2026_21-46-01.jpg,,,
32396,2026-04-19T21:46:01,photos/photo_30270@19-04-2026_21-46-01.jpg,,,
32397,2026-04-19T21:46:01,photos/photo_30271@19-04-2026_21-46-01.jpg,,,
32398,2026-04-19T21:46:01,photos/photo_30272@19-04-2026_21-46-01.jpg,,,
32399,2026-04-19T21:46:01,photos/photo_30273@19-04-2026_21-46-01.jpg,,,
32400,2026-04-19T21:47:41,photos/photo_30274@19-04-2026_21-47-41.jpg,,https://c.onlyaff.app/7Xsynk,"KEEN —-> 34€ 💎
También en Negro 🎨"
32401,2026-04-19T22:21:14,photos/photo_30275@19-04-2026_22-21-14.jpg,,https://c.onlyaff.app/7XtZBf,STONE ISLAND —-> 18€ 💎
32402,2026-04-19T22:45:24,photos/photo_30276@19-04-2026_22-45-24.jpg,,https://c.onlyaff.app/7Xv4CJ,BIRKENSTOCK —-> 22€ 💎
32403,2026-04-20T08:36:01,photos/photo_30277@20-04-2026_08-36-01.jpg,,https://c.onlyaff.app/7XvzBV,"BIRKENSTOCK —-> 13€ 💎
Muchos Colores 🎨"
32404,2026-04-20T09:03:55,photos/photo_30278@20-04-2026_09-03-55.jpg,,https://c.onlyaff.app/7XvClW,"BIRKENSTOCK —-> 14€ 💎
Varios Colores 🎨"
32405,2026-04-20T09:10:11,photos/photo_30279@20-04-2026_09-10-11.jpg,,https://c.onlyaff.app/7XvFlr,"GUESS —-> 27€ 💎
Muchos Colores 🎨"
32406,2026-04-20T09:14:01,photos/photo_30280@20-04-2026_09-14-01.jpg,,https://c.onlyaff.app/7XvNfc,ALO —-> 10€ 💎
32407,2026-04-20T09:16:01,photos/photo_30281@20-04-2026_09-16-01.jpg,,https://c.onlyaff.app/7XvRiE,ADIDAS —-> 14€ 💎
32408,2026-04-20T09:20:14,photos/photo_30282@20-04-2026_09-20-14.jpg,,https://c.onlyaff.app/7XvTRk,MONCLER —-> 14€ 💎
32409,2026-04-20T09:24:01,photos/photo_30283@20-04-2026_09-24-01.jpg,,https://c.onlyaff.app/7XvV4z,"UNDER ARMOUR —-> 7€ 💎
Muchos Colores 🎨"
32410,2026-04-20T09:36:01,photos/photo_30284@20-04-2026_09-36-01.jpg,,https://c.onlyaff.app/7XvWPg,"POLO RALPH LAUREN —-> 15€ 💎
Muchos Colores 🎨"
32411,2026-04-20T09:42:01,photos/photo_30285@20-04-2026_09-42-01.jpg,,https://c.onlyaff.app/7XxFzi,"HOKA x GORE TEX —-> 37€ 💎
15 Colores 🎨"
32412,2026-04-20T09:58:01,photos/photo_30286@20-04-2026_09-58-01.jpg,,https://c.onlyaff.app/7Xw5YX,VANS SK8 —-> 32€ 💎
32413,2026-04-20T09:58:01,photos/photo_30287@20-04-2026_09-58-01.jpg,,,
32414,2026-04-20T09:58:01,photos/photo_30288@20-04-2026_09-58-01.jpg,,,
32415,2026-04-20T13:14:33,photos/photo_30289@20-04-2026_13-14-33.jpg,,https://c.onlyaff.app/7Y86ZV,CARHARTT —-> 18€ 💎
32416,2026-04-20T13:14:33,photos/photo_30290@20-04-2026_13-14-33.jpg,,,
32417,2026-04-20T13:14:33,photos/photo_30291@20-04-2026_13-14-33.jpg,,,
32418,2026-04-20T13:16:04,photos/photo_30292@20-04-2026_13-16-04.jpg,,https://c.onlyaff.app/7Y8aCZ,CARHARTT (bañador) —-> 13€ 💎
32419,2026-04-20T13:19:20,photos/photo_30293@20-04-2026_13-19-20.jpg,,https://c.onlyaff.app/7Y8fzL,"GOLDEN GOOSE —-> 29€ 💎
Muchos Colores 🎨"
32420,2026-04-20T15:09:21,photos/photo_30294@20-04-2026_15-09-21.jpg,,https://c.onlyaff.app/7Yfrdz,RHUDE —-> 32€ 💎
32421,2026-04-20T15:10:33,photos/photo_30295@20-04-2026_15-10-33.jpg,,https://c.onlyaff.app/7YfwTm,SYNA —-> 19€ 💎
32422,2026-04-20T15:21:41,photos/photo_30296@20-04-2026_15-21-41.jpg,,https://c.onlyaff.app/Nqp5i,SYNA —-> 15€ 💎
32423,2026-04-20T15:26:27,photos/photo_30297@20-04-2026_15-26-27.jpg,,https://c.onlyaff.app/7YgjBY,GALLERY DEPT —-> 14€ 💎
32424,2026-04-20T15:28:26,photos/photo_30298@20-04-2026_15-28-26.jpg,,https://c.onlyaff.app/7YgrkF,POLO RALPH LAUREN (pack 3) —-> 8€ 💎
32425,2026-04-20T15:30:14,photos/photo_30299@20-04-2026_15-30-14.jpg,,https://c.onlyaff.app/7Ygy30,AMI PARIS —-> 19€ 💎
32426,2026-04-20T15:30:14,photos/photo_30300@20-04-2026_15-30-14.jpg,,,
32427,2026-04-20T15:30:14,photos/photo_30301@20-04-2026_15-30-14.jpg,,,
32428,2026-04-20T15:30:14,photos/photo_30302@20-04-2026_15-30-14.jpg,,,
32429,2026-04-20T15:30:14,photos/photo_30303@20-04-2026_15-30-14.jpg,,,
32430,2026-04-20T15:30:14,photos/photo_30304@20-04-2026_15-30-14.jpg,,,
32431,2026-04-20T15:31:06,photos/photo_30305@20-04-2026_15-31-06.jpg,,https://c.onlyaff.app/7YgC4r,CORTEIZ —-> 17€ 💎
32432,2026-04-20T16:12:22,photos/photo_30306@20-04-2026_16-12-22.jpg,,https://c.onlyaff.app/7Yi8FY,"GYMSHARK (3 piezas) —-> 20€ 💎
Varios Colores 🎨"
32433,2026-04-20T16:17:21,photos/photo_30307@20-04-2026_16-17-21.jpg,,https://c.onlyaff.app/7YijuM,ALO —-> 8€ 💎
32434,2026-04-20T16:19:58,photos/photo_30308@20-04-2026_16-19-58.jpg,,https://c.onlyaff.app/7YiqVi,ESSENTIALS —-> 19€ 💎
32435,2026-04-20T16:19:58,photos/photo_30309@20-04-2026_16-19-58.jpg,,,
32436,2026-04-20T16:19:58,photos/photo_30310@20-04-2026_16-19-58.jpg,,,
32439,2026-04-20T18:26:45,photos/photo_30311@20-04-2026_18-26-45.jpg,,https://c.onlyaff.app/7Yjazq,"👉🏻 COMO PEDIR EN YepExpress

🚨 Aquí os dejamos un post en nuestro perfil de Hacoo con un ""TUTORIAL"" muuuy simple de cómo pedir en YepExpress ☺️

(También deciros que en nuestro perfil de Hacoo tenéis cientos de productos de YepExpress 👀)

👇🏼👇🏼👇🏼"
32440,2026-04-20T19:45:55,photos/photo_30312@20-04-2026_19-45-55.jpg,,https://c.onlyaff.app/7YtEnd,"ADIDAS Niteball —-> 38€ 💎
11 Colores 🎨"
32441,2026-04-20T19:45:55,photos/photo_30313@20-04-2026_19-45-55.jpg,,,
32442,2026-04-20T19:45:55,photos/photo_30314@20-04-2026_19-45-55.jpg,,,
32443,2026-04-20T19:45:55,photos/photo_30315@20-04-2026_19-45-55.jpg,,,
32444,2026-04-20T19:45:55,photos/photo_30316@20-04-2026_19-45-55.jpg,,,
32445,2026-04-20T19:45:55,photos/photo_30317@20-04-2026_19-45-55.jpg,,,
32446,2026-04-20T19:45:55,photos/photo_30318@20-04-2026_19-45-55.jpg,,,
32447,2026-04-20T19:45:56,photos/photo_30319@20-04-2026_19-45-56.jpg,,,
32448,2026-04-20T19:45:56,photos/photo_30320@20-04-2026_19-45-56.jpg,,,
32450,2026-04-20T20:21:04,photos/photo_30321@20-04-2026_20-21-04.jpg,,https://c.onlyaff.app/7YEqpu,"CONVERSE Ray Trainer —-> 32€ 💎
Varios Colores 🎨"
32451,2026-04-20T20:28:15,photos/photo_30322@20-04-2026_20-28-15.jpg,,https://c.onlyaff.app/7YGcIl,"SUPREME —-> 17€ 💎
Varios Colores 🎨"
32452,2026-04-20T20:31:28,photos/photo_30323@20-04-2026_20-31-28.jpg,,https://c.onlyaff.app/7YI9Oz,"SUPREME —-> 10€ 💎
Varios Colores 🎨"
32453,2026-04-20T20:42:49,photos/photo_30324@20-04-2026_20-42-49.jpg,,https://c.onlyaff.app/7YN5aK,"ESSENTIALS —-> 35€ 💎
Varios Colores 🎨"
32454,2026-04-20T20:42:49,photos/photo_30325@20-04-2026_20-42-49.jpg,,,
32455,2026-04-20T20:42:49,photos/photo_30326@20-04-2026_20-42-49.jpg,,,
32456,2026-04-20T20:45:22,photos/photo_30327@20-04-2026_20-45-22.jpg,,https://c.onlyaff.app/7YO8bG,"ADIDAS Spezial —-> 18€ 💎
12 Nuevos Colores 🎨"
32457,2026-04-20T20:47:30,photos/photo_30328@20-04-2026_20-47-30.jpg,,https://c.onlyaff.app/7YP5eW,"ADIDAS Samba —-> 16€ 💎
Precio Irresistible 🤯"
32458,2026-04-20T20:47:30,photos/photo_30329@20-04-2026_20-47-30.jpg,,,
32459,2026-04-20T20:47:30,photos/photo_30330@20-04-2026_20-47-30.jpg,,,
32460,2026-04-20T20:47:30,photos/photo_30331@20-04-2026_20-47-30.jpg,,,
32461,2026-04-20T20:47:30,photos/photo_30332@20-04-2026_20-47-30.jpg,,,
32462,2026-04-20T20:47:30,photos/photo_30333@20-04-2026_20-47-30.jpg,,,
32463,2026-04-20T20:47:30,photos/photo_30334@20-04-2026_20-47-30.jpg,,,
32464,2026-04-20T20:47:30,photos/photo_30335@20-04-2026_20-47-30.jpg,,,
32465,2026-04-20T20:47:30,photos/photo_30336@20-04-2026_20-47-30.jpg,,,
32466,2026-04-20T22:43:53,photos/photo_30337@20-04-2026_22-43-53.jpg,,https://c.onlyaff.app/7Z1mKY,"CONVERSE —-> 20€ 💎
También las bajas 🎨"
32467,2026-04-20T22:43:53,photos/photo_30338@20-04-2026_22-43-53.jpg,,,
32468,2026-04-20T22:43:53,photos/photo_30339@20-04-2026_22-43-53.jpg,,,
32469,2026-04-20T22:43:53,photos/photo_30340@20-04-2026_22-43-53.jpg,,,
32470,2026-04-20T22:43:53,photos/photo_30341@20-04-2026_22-43-53.jpg,,,
32472,2026-04-21T08:46:01,photos/photo_30342@21-04-2026_08-46-01.jpg,,https://c.onlyaff.app/7Z2Faw,TIMBERLAND —-> 32€ 💎
32473,2026-04-21T09:10:09,photos/photo_30343@21-04-2026_09-10-09.jpg,,https://c.onlyaff.app/7Z2HGv,"YEEZY Foam —-> 11€ 💎
Muchos Colores 🎨"
32474,2026-04-21T09:16:01,photos/photo_30344@21-04-2026_09-16-01.jpg,,https://c.onlyaff.app/7Z2MJ0,"ADIDAS ZX750 —-> 27€ 💎
Muchos Colores 🎨"
32475,2026-04-21T09:24:01,photos/photo_30345@21-04-2026_09-24-01.jpg,,https://c.onlyaff.app/7Z2S1w,"ASICS Gel Sekiran —-> 30€ 💎
Muchos Colores 🎨"
32476,2026-04-21T09:24:01,photos/photo_30346@21-04-2026_09-24-01.jpg,,,
32477,2026-04-21T09:24:01,photos/photo_30347@21-04-2026_09-24-01.jpg,,,
32478,2026-04-21T09:24:01,photos/photo_30348@21-04-2026_09-24-01.jpg,,,
32479,2026-04-21T09:24:01,photos/photo_30349@21-04-2026_09-24-01.jpg,,,
32480,2026-04-21T09:36:01,photos/photo_30350@21-04-2026_09-36-01.jpg,,https://c.onlyaff.app/7Z31Bu,"NEW BALANCE 327 —-> 23€ 💎
Muchos Colores 🎨
Tallas de Adulto y Niño
(YepExpress)"
32481,2026-04-21T13:04:34,photos/photo_30351@21-04-2026_13-04-34.jpg,,https://c.onlyaff.app/7ZDu4e,DR MARTENS —-> 34€ 💎
32482,2026-04-21T14:16:01,photos/photo_30352@21-04-2026_14-16-01.jpg,,https://c.onlyaff.app/7ZIjXQ,"DIESEL —-> 31€ 💎
Varios Colores 🎨"
32483,2026-04-21T14:17:31,photos/photo_30353@21-04-2026_14-17-31.jpg,,https://c.onlyaff.app/7ZIpUm,"ADIDAS —-> 27€ 💎
También en Negro 🎨"
32484,2026-04-21T14:18:37,photos/photo_30354@21-04-2026_14-18-37.jpg,,https://c.onlyaff.app/7ZIswv,AMIRI —-> 32€ 💎
32485,2026-04-21T14:19:48,photos/photo_30355@21-04-2026_14-19-48.jpg,,https://c.onlyaff.app/NzrVm,"TOM FORD —-> 11€ 💎
Varios Colores 🎨"
32486,2026-04-21T14:19:48,photos/photo_30356@21-04-2026_14-19-48.jpg,,,
32487,2026-04-21T14:19:49,photos/photo_30357@21-04-2026_14-19-49.jpg,,,
32488,2026-04-21T15:18:59,photos/photo_30358@21-04-2026_15-18-59.jpg,,https://c.onlyaff.app/7ZMvM6,BEATS Studio Pro x KIM KARDASHIAN —-> 26€ 💎
32489,2026-04-21T15:20:08,photos/photo_30359@21-04-2026_15-20-08.jpg,,https://c.onlyaff.app/7ZMz0L,ADIDAS Gazelle Bold —-> 21€ 💎
32490,2026-04-21T15:20:08,photos/photo_30360@21-04-2026_15-20-08.jpg,,,
32491,2026-04-21T15:20:08,photos/photo_30361@21-04-2026_15-20-08.jpg,,,
32492,2026-04-21T15:20:08,photos/photo_30362@21-04-2026_15-20-08.jpg,,,
32493,2026-04-21T15:20:08,photos/photo_30363@21-04-2026_15-20-08.jpg,,,
32494,2026-04-21T15:20:08,photos/photo_30364@21-04-2026_15-20-08.jpg,,,
32495,2026-04-21T15:20:08,photos/photo_30365@21-04-2026_15-20-08.jpg,,,
32496,2026-04-21T15:20:08,photos/photo_30366@21-04-2026_15-20-08.jpg,,,
32497,2026-04-21T16:09:36,photos/photo_30367@21-04-2026_16-09-36.jpg,,https://c.onlyaff.app/7ZOkl3,"CAROLINA HERRERA —-> 21€ 💎
Varios Colores 🎨
(Fotos realizadas por mi) 📸"
32498,2026-04-21T16:09:36,photos/photo_30368@21-04-2026_16-09-36.jpg,,,
32499,2026-04-21T16:09:37,photos/photo_30369@21-04-2026_16-09-37.jpg,,,
32500,2026-04-21T16:11:13,photos/photo_30370@21-04-2026_16-11-13.jpg,,https://c.onlyaff.app/7ZOoZA,"POLO RALPH LAUREN —-> 17€ 💎
Varios Colores 🎨"
32501,2026-04-21T16:13:49,photos/photo_30371@21-04-2026_16-13-49.jpg,,https://c.onlyaff.app/7ZOsnF,ON CLOUD XZ5 —-> 33€ 💎
32502,2026-04-21T17:18:40,photos/photo_30372@21-04-2026_17-18-40.jpg,,https://c.onlyaff.app/7ZQJd5,"FOX —-> 10€ 💎
19 Colores 🎨"
32503,2026-04-21T17:52:18,photos/photo_30373@21-04-2026_17-52-18.jpg,,https://c.onlyaff.app/7ZSCyP,FOX —-> 8€ 💎
32504,2026-04-21T17:53:41,photos/photo_30374@21-04-2026_17-53-41.jpg,,https://c.onlyaff.app/7ZSIiA,"100% —-> 10€ 💎
20 Colores 🎨"
32505,2026-04-21T17:54:24,photos/photo_30375@21-04-2026_17-54-24.jpg,,https://c.onlyaff.app/7ZSv6p,JACQUEMUS —-> 23€ 💎
32506,2026-04-21T19:38:44,photos/photo_30376@21-04-2026_19-38-44.jpg,,https://c.onlyaff.app/7ZYHus,STUSSY —-> 32€ 💎
32507,2026-04-21T19:52:07,photos/photo_30377@21-04-2026_19-52-07.jpg,,https://c.onlyaff.app/7ZZcSQ,AMI PARIS —-> 22€ 💎
32508,2026-04-21T19:52:07,photos/photo_30378@21-04-2026_19-52-07.jpg,,,
32509,2026-04-21T19:52:07,photos/photo_30379@21-04-2026_19-52-07.jpg,,,
32510,2026-04-21T19:58:07,photos/photo_30380@21-04-2026_19-58-07.jpg,,https://c.onlyaff.app/NB9z2,CORTEIZ —-> 7€ 💎
32511,2026-04-21T21:11:09,photos/photo_30381@21-04-2026_21-11-09.jpg,,https://c.onlyaff.app/80o2HS,CAROLINA HERRERA —-> 37€ 💎
32512,2026-04-21T21:11:09,photos/photo_30382@21-04-2026_21-11-09.jpg,,,
32513,2026-04-21T21:11:09,photos/photo_30383@21-04-2026_21-11-09.jpg,,,
32514,2026-04-21T22:34:35,photos/photo_30384@21-04-2026_22-34-35.jpg,,https://c.onlyaff.app/80tyrr,POLO RALPH LAUREN —-> 15€ 💎
32515,2026-04-21T22:35:24,photos/photo_30385@21-04-2026_22-35-24.jpg,,https://c.onlyaff.app/80tBlY,AMIRI —-> 20€ 💎
32516,2026-04-21T22:37:40,photos/photo_30386@21-04-2026_22-37-40.jpg,,https://c.onlyaff.app/NEaHs,CARHARTT (chándal completo) —-> 34€ 💎
32517,2026-04-21T22:48:30,photos/photo_30387@21-04-2026_22-48-30.jpg,,https://c.onlyaff.app/80u49G,"ADIDAS Gazelle Indoor —-> 22€ 💎
14 Nuevos Colores 🎨"
32518,2026-04-21T22:48:30,photos/photo_30388@21-04-2026_22-48-30.jpg,,,
32519,2026-04-21T22:48:30,photos/photo_30389@21-04-2026_22-48-30.jpg,,,
32520,2026-04-21T22:48:30,photos/photo_30390@21-04-2026_22-48-30.jpg,,,
32521,2026-04-21T22:48:30,photos/photo_30391@21-04-2026_22-48-30.jpg,,,
32522,2026-04-21T22:48:30,photos/photo_30392@21-04-2026_22-48-30.jpg,,,
32523,2026-04-21T22:48:30,photos/photo_30393@21-04-2026_22-48-30.jpg,,,
32524,2026-04-21T22:48:30,photos/photo_30394@21-04-2026_22-48-30.jpg,,,
32525,2026-04-21T22:48:30,photos/photo_30395@21-04-2026_22-48-30.jpg,,,
32527,2026-04-22T08:36:01,photos/photo_30396@22-04-2026_08-36-01.jpg,,https://c.onlyaff.app/80vvkV,ADIDAS —-> 14€ 💎
32528,2026-04-22T08:36:01,photos/photo_30397@22-04-2026_08-36-01.jpg,,,
32529,2026-04-22T08:36:01,photos/photo_30398@22-04-2026_08-36-01.jpg,,,
32530,2026-04-22T08:37:01,photos/photo_30399@22-04-2026_08-37-01.jpg,,https://c.onlyaff.app/80vxvk,ADIDAS —-> 15€ 💎
32531,2026-04-22T09:03:56,photos/photo_30400@22-04-2026_09-03-56.jpg,,https://c.onlyaff.app/4XPPn,"THE NORTH FACE 700 —-> 23€ 💎
Muy recomendada ✅"
32532,2026-04-22T09:03:56,photos/photo_30401@22-04-2026_09-03-56.jpg,,,
32533,2026-04-22T09:03:56,photos/photo_30402@22-04-2026_09-03-56.jpg,,,
32534,2026-04-22T09:03:56,photos/photo_30403@22-04-2026_09-03-56.jpg,,,
32535,2026-04-22T09:03:56,photos/photo_30404@22-04-2026_09-03-56.jpg,,,
32536,2026-04-22T09:03:56,photos/photo_30405@22-04-2026_09-03-56.jpg,,,
32537,2026-04-22T09:03:56,photos/photo_30406@22-04-2026_09-03-56.jpg,,,
32538,2026-04-22T09:06:01,photos/photo_30407@22-04-2026_09-06-01.jpg,,https://c.onlyaff.app/80vRPy,"CARHARTT —-> 18€ 💎
Varios Colores 🎨"
32539,2026-04-22T09:10:12,photos/photo_30408@22-04-2026_09-10-12.jpg,,https://c.onlyaff.app/80vKzD,ASICS Gel Flux 4 —-> 28€ 💎
32540,2026-04-22T09:10:12,photos/photo_30409@22-04-2026_09-10-12.jpg,,,
32541,2026-04-22T09:10:12,photos/photo_30410@22-04-2026_09-10-12.jpg,,,
32542,2026-04-22T09:10:12,photos/photo_30411@22-04-2026_09-10-12.jpg,,,
32543,2026-04-22T09:10:12,photos/photo_30412@22-04-2026_09-10-12.jpg,,,
32544,2026-04-22T09:24:01,photos/photo_30413@22-04-2026_09-24-01.jpg,,https://c.onlyaff.app/80vV8N,ADIDAS (3 pares) —-> 5€ 💎
32545,2026-04-22T10:19:25,photos/photo_30414@22-04-2026_10-19-25.jpg,,https://c.onlyaff.app/80OJ1m,PATAGONIA —-> 23€ 💎
32546,2026-04-22T10:38:19,photos/photo_30415@22-04-2026_10-38-19.jpg,,https://c.onlyaff.app/80Vxl3,"POLO RALPH LAUREN —-> 6€ 💎
Varios Colores 🎨"
32547,2026-04-22T12:13:42,photos/photo_30416@22-04-2026_12-13-42.jpg,,https://c.onlyaff.app/819paK,"UNDER ARMOUR Bandit 3 —-> 29€ 💎
Muchos Colores 🎨"
32548,2026-04-22T12:16:55,photos/photo_30417@22-04-2026_12-16-55.jpg,,https://c.onlyaff.app/819y4G,"GALLERY DEPT —-> 19€ 💎
También en Blanco 🎨"
32549,2026-04-22T12:16:55,photos/photo_30418@22-04-2026_12-16-55.jpg,,,
32550,2026-04-22T12:16:55,photos/photo_30419@22-04-2026_12-16-55.jpg,,,
32551,2026-04-22T14:36:20,photos/photo_30420@22-04-2026_14-36-20.jpg,,https://c.onlyaff.app/81gDSM,CONVERSE —-> 37€ 💎
32552,2026-04-22T14:36:20,photos/photo_30421@22-04-2026_14-36-20.jpg,,,
32553,2026-04-22T14:36:20,photos/photo_30422@22-04-2026_14-36-20.jpg,,,
32554,2026-04-22T14:37:49,photos/photo_30423@22-04-2026_14-37-49.jpg,,https://c.onlyaff.app/81gJYF,ASICS Gel Kayano 12.1 —-> 32€ 💎
32555,2026-04-22T14:37:50,photos/photo_30424@22-04-2026_14-37-50.jpg,,,
32556,2026-04-22T14:37:50,photos/photo_30425@22-04-2026_14-37-50.jpg,,,
32557,2026-04-22T14:37:50,photos/photo_30426@22-04-2026_14-37-50.jpg,,,
32558,2026-04-22T14:37:50,photos/photo_30427@22-04-2026_14-37-50.jpg,,,
32559,2026-04-22T14:37:50,photos/photo_30428@22-04-2026_14-37-50.jpg,,,
32560,2026-04-22T14:37:50,photos/photo_30429@22-04-2026_14-37-50.jpg,,,
32561,2026-04-22T14:37:50,photos/photo_30430@22-04-2026_14-37-50.jpg,,,
32562,2026-04-22T16:00:00,photos/photo_30431@22-04-2026_16-00-00.jpg,,https://c.onlyaff.app/NJv8u,"ADIDAS Superstar —-> 22€ 💎
11 Colores 🎨"
32563,2026-04-22T16:00:00,photos/photo_30432@22-04-2026_16-00-00.jpg,,,
32564,2026-04-22T16:00:00,photos/photo_30433@22-04-2026_16-00-00.jpg,,,
32565,2026-04-22T16:00:00,photos/photo_30434@22-04-2026_16-00-00.jpg,,,
32566,2026-04-22T16:00:00,photos/photo_30435@22-04-2026_16-00-00.jpg,,,
32567,2026-04-22T16:00:00,photos/photo_30436@22-04-2026_16-00-00.jpg,,,
32568,2026-04-22T16:00:00,photos/photo_30437@22-04-2026_16-00-00.jpg,,,
32569,2026-04-22T16:00:00,photos/photo_30438@22-04-2026_16-00-00.jpg,,,
32570,2026-04-22T17:56:45,photos/photo_30439@22-04-2026_17-56-45.jpg,,https://c.onlyaff.app/81qnwH,"RAYBAN Wayfarer —-> 7€ 💎
Muchos Colores 🎨"
32571,2026-04-22T20:41:13,photos/photo_30440@22-04-2026_20-41-13.jpg,,https://c.onlyaff.app/NMeS4,"ADIDAS (conjunto) —-> 25€ 💎
15 Colores 🎨"
32572,2026-04-22T20:41:13,photos/photo_30441@22-04-2026_20-41-13.jpg,,,
32573,2026-04-22T20:41:13,photos/photo_30442@22-04-2026_20-41-13.jpg,,,
32574,2026-04-22T20:42:03,photos/photo_30443@22-04-2026_20-42-03.jpg,,https://c.onlyaff.app/81NbMR,THE NORTH FACE —-> 32€ 💎
32575,2026-04-22T22:03:25,photos/photo_30444@22-04-2026_22-03-25.jpg,,https://c.onlyaff.app/81YL8N,"OFF WHITE Vulcanized —-> 33€ 💎
Varios Colores 🎨"
32576,2026-04-22T22:03:25,photos/photo_30445@22-04-2026_22-03-25.jpg,,,
32577,2026-04-22T22:03:25,photos/photo_30446@22-04-2026_22-03-25.jpg,,,
32578,2026-04-23T08:45:06,photos/photo_30447@23-04-2026_08-45-06.jpg,,https://c.onlyaff.app/82336k,"YEEZY Slide —-> 14€ 💎
Muchos Colores 🎨
Hasta la talla 48 🆙"
32579,2026-04-23T08:45:06,photos/photo_30448@23-04-2026_08-45-06.jpg,,,
32580,2026-04-23T08:45:06,photos/photo_30449@23-04-2026_08-45-06.jpg,,,
32581,2026-04-23T08:45:07,photos/photo_30450@23-04-2026_08-45-07.jpg,,,
32582,2026-04-23T08:45:07,photos/photo_30451@23-04-2026_08-45-07.jpg,,,
32583,2026-04-23T09:02:01,photos/photo_30452@23-04-2026_09-02-01.jpg,,https://c.onlyaff.app/82349o,PATAGONIA —-> 26€ 💎
32584,2026-04-23T09:02:01,photos/photo_30453@23-04-2026_09-02-01.jpg,,,
32585,2026-04-23T09:02:01,photos/photo_30454@23-04-2026_09-02-01.jpg,,,
32586,2026-04-23T09:05:08,photos/photo_30455@23-04-2026_09-05-08.jpg,,https://c.onlyaff.app/8234tu,CARHARTT —-> 41€ 💎
32587,2026-04-23T09:10:11,photos/photo_30456@23-04-2026_09-10-11.jpg,,https://c.onlyaff.app/8235TS,POLO RALPH LAUREN (conjunto) —-> 18€ 💎
32588,2026-04-23T09:11:01,photos/photo_30457@23-04-2026_09-11-01.jpg,,https://c.onlyaff.app/82369F,CARHARTT —-> 11€ 💎
32589,2026-04-23T09:14:01,photos/photo_30458@23-04-2026_09-14-01.jpg,,https://c.onlyaff.app/8236G5,"POLO RALPH LAUREN —-> 8€ 💎
Muchos Colores 🎨"
32590,2026-04-23T09:16:01,photos/photo_30459@23-04-2026_09-16-01.jpg,,https://c.onlyaff.app/8236Tb,POLO RALPH LAUREN (bañador) —-> 9€ 💎
32591,2026-04-23T09:16:01,photos/photo_30460@23-04-2026_09-16-01.jpg,,,
32592,2026-04-23T09:16:01,photos/photo_30461@23-04-2026_09-16-01.jpg,,,
32593,2026-04-23T09:20:07,photos/photo_30462@23-04-2026_09-20-07.jpg,,https://c.onlyaff.app/8237H7,"POLO RALPH LAUREN MotorSport —-> 14€ 💎
Varios Colores 🎨"
32594,2026-04-23T09:24:01,photos/photo_30463@23-04-2026_09-24-01.jpg,,https://c.onlyaff.app/NNUw2,"FRED PERRY —-> 14€ 💎
16 Modelos 🎨"
32595,2026-04-23T09:28:01,photos/photo_30464@23-04-2026_09-28-01.jpg,,https://c.onlyaff.app/NNUEW,"ADIDAS SL72 —-> 27€ 💎
Varios Colores 🎨
(Fotos realizadas por mi) 📸"
32596,2026-04-23T09:28:01,photos/photo_30465@23-04-2026_09-28-01.jpg,,,
32597,2026-04-23T09:28:01,photos/photo_30466@23-04-2026_09-28-01.jpg,,,
32598,2026-04-23T09:36:01,photos/photo_30467@23-04-2026_09-36-01.jpg,,https://c.onlyaff.app/NNUAg,"MAISON MARGIELA —-> 8€ 💎
Muchos Colores 🎨"
32599,2026-04-23T09:38:01,photos/photo_30468@23-04-2026_09-38-01.jpg,,https://c.onlyaff.app/82384I,"ADIDAS España Mundial 2026 —-> 9€ 💎
También la Roja 🎨
Muy recomendada ✅"
32600,2026-04-23T10:06:01,photos/photo_30469@23-04-2026_10-06-01.jpg,,https://c.onlyaff.app/82390h,"POLO RALPH LAUREN —-> 37€ 💎
Varios Colores 🎨"
32601,2026-04-23T10:08:01,photos/photo_30470@23-04-2026_10-08-01.jpg,,https://c.onlyaff.app/823955,"POLO RALPH LAUREN —-> 39€ 💎
También en Marrón 🎨
(Fotos realizadas por mi) 📸"
32602,2026-04-23T10:08:01,photos/photo_30471@23-04-2026_10-08-01.jpg,,,
32603,2026-04-23T10:08:01,photos/photo_30472@23-04-2026_10-08-01.jpg,,,
32604,2026-04-23T10:11:01,photos/photo_30473@23-04-2026_10-11-01.jpg,,https://c.onlyaff.app/8239qh,"ADIDAS Argentina 26/27 (chándal completo) —-> 40€ 💎
Varios Colores 🎨"
32605,2026-04-23T10:14:01,photos/photo_30474@23-04-2026_10-14-01.jpg,,https://c.onlyaff.app/8239II,ADIDAS x CP COMPANY —-> 32€ 💎
32606,2026-04-23T10:14:01,photos/photo_30475@23-04-2026_10-14-01.jpg,,,
32607,2026-04-23T10:14:01,photos/photo_30476@23-04-2026_10-14-01.jpg,,,
32608,2026-04-23T10:24:01,photos/photo_30477@23-04-2026_10-24-01.jpg,,https://c.onlyaff.app/8239Rf,"ASICS Gel Cumulus 16 x TOGA —-> 39€ 💎
También en Total Black 🎨"
32609,2026-04-23T10:24:01,photos/photo_30478@23-04-2026_10-24-01.jpg,,,
32610,2026-04-23T10:24:01,photos/photo_30479@23-04-2026_10-24-01.jpg,,,
32611,2026-04-23T10:33:03,photos/photo_30480@23-04-2026_10-33-03.jpg,,https://c.onlyaff.app/823as4,"NIKE Shox —-> 36€ 💎
Varias Colaboraciones 🎨
(YepExpress)"
32612,2026-04-23T10:33:03,photos/photo_30481@23-04-2026_10-33-03.jpg,,,
32613,2026-04-23T10:33:03,photos/photo_30482@23-04-2026_10-33-03.jpg,,,
32614,2026-04-23T10:33:03,photos/photo_30483@23-04-2026_10-33-03.jpg,,,
32615,2026-04-23T10:33:03,photos/photo_30484@23-04-2026_10-33-03.jpg,,,
32616,2026-04-23T10:33:03,photos/photo_30485@23-04-2026_10-33-03.jpg,,,
32617,2026-04-23T10:33:03,photos/photo_30486@23-04-2026_10-33-03.jpg,,,
32618,2026-04-23T10:33:03,photos/photo_30487@23-04-2026_10-33-03.jpg,,,
32619,2026-04-23T10:33:03,photos/photo_30488@23-04-2026_10-33-03.jpg,,,
32620,2026-04-23T10:36:01,photos/photo_30489@23-04-2026_10-36-01.jpg,,https://c.onlyaff.app/823aaS,"RAY BAN —-> 7€ 💎
Muchos Colores 🎨
(Fotos realizadas por mi) 📸"
32621,2026-04-23T10:36:01,photos/photo_30490@23-04-2026_10-36-01.jpg,,,
32622,2026-04-23T10:36:01,photos/photo_30491@23-04-2026_10-36-01.jpg,,,
32623,2026-04-23T10:50:10,photos/photo_30492@23-04-2026_10-50-10.jpg,,https://c.onlyaff.app/823bhe,"THE NORTH FACE —-> 22€ 💎
Muchos Colores 🎨"
32624,2026-04-23T11:10:15,photos/photo_30493@23-04-2026_11-10-15.jpg,,https://c.onlyaff.app/823b1p,"ADIDAS Supernova —-> 36€ 💎
11 Colores 🎨"
32625,2026-04-23T11:10:15,photos/photo_30494@23-04-2026_11-10-15.jpg,,,
32626,2026-04-23T11:10:15,photos/photo_30495@23-04-2026_11-10-15.jpg,,,
32627,2026-04-23T11:10:15,photos/photo_30496@23-04-2026_11-10-15.jpg,,,
32628,2026-04-23T13:16:13,photos/photo_30497@23-04-2026_13-16-13.jpg,,https://c.onlyaff.app/82FoDm,"APPLE AirPods Max —-> 39€ 💎
Muchos Colores 🎨"
32629,2026-04-23T18:45:52,photos/photo_30498@23-04-2026_18-45-52.jpg,,https://c.onlyaff.app/82XWHV,"MIU MIU —-> 15€ 💎
Muchos Colores 🎨"
32630,2026-04-23T18:58:47,photos/photo_30499@23-04-2026_18-58-47.jpg,,https://c.onlyaff.app/82YyXg,"EMESTUDIOS —-> 19€ 💎
🚨 Se agota muy rápido 💨"
32631,2026-04-23T20:10:36,photos/photo_30500@23-04-2026_20-10-36.jpg,,https://c.onlyaff.app/835GIa,"PALM ANGELS (conjunto) —-> 20€ 💎
También en Blanco 🎨"
32632,2026-04-23T21:08:46,photos/photo_30501@23-04-2026_21-08-46.jpg,,https://c.onlyaff.app/83qPSY,"POLO RALPH LAUREN (5 pares) —-> 14€ 💎
Varios Packs de Colores 🎨
(Fotos realizadas por mi) 📸"
32633,2026-04-23T21:08:46,photos/photo_30502@23-04-2026_21-08-46.jpg,,,
32634,2026-04-23T21:08:46,photos/photo_30503@23-04-2026_21-08-46.jpg,,,
32635,2026-04-23T21:10:42,photos/photo_30504@23-04-2026_21-10-42.jpg,,https://c.onlyaff.app/83qUnf,CARHARTT —-> 19€ 💎
32636,2026-04-23T21:10:42,photos/photo_30505@23-04-2026_21-10-42.jpg,,,
32637,2026-04-23T21:10:42,photos/photo_30506@23-04-2026_21-10-42.jpg,,,
32638,2026-04-23T21:10:42,photos/photo_30507@23-04-2026_21-10-42.jpg,,,
32639,2026-04-23T21:10:42,photos/photo_30508@23-04-2026_21-10-42.jpg,,,
32640,2026-04-23T21:12:18,photos/photo_30509@23-04-2026_21-12-18.jpg,,https://c.onlyaff.app/83qZ2r,PATAGONIA —-> 25€ 💎
32641,2026-04-23T21:14:23,photos/photo_30510@23-04-2026_21-14-23.jpg,,https://c.onlyaff.app/NWvEW,PATAGONIA —-> 26€ 💎
32642,2026-04-23T21:14:23,photos/photo_30511@23-04-2026_21-14-23.jpg,,,
32643,2026-04-23T21:14:23,photos/photo_30512@23-04-2026_21-14-23.jpg,,,
32644,2026-04-23T21:16:57,photos/photo_30513@23-04-2026_21-16-57.jpg,,https://c.onlyaff.app/83rfs1,COACH —-> 18€ 💎
32645,2026-04-23T21:16:57,photos/photo_30514@23-04-2026_21-16-57.jpg,,,
32646,2026-04-23T21:16:57,photos/photo_30515@23-04-2026_21-16-57.jpg,,,
32647,2026-04-23T21:16:58,photos/photo_30516@23-04-2026_21-16-58.jpg,,,
32648,2026-04-23T21:16:58,photos/photo_30517@23-04-2026_21-16-58.jpg,,,
32649,2026-04-23T21:16:58,photos/photo_30518@23-04-2026_21-16-58.jpg,,,
32650,2026-04-23T21:18:12,photos/photo_30519@23-04-2026_21-18-12.jpg,,https://c.onlyaff.app/83riWR,"ADIDAS Gazelle Indoor —-> 33€ 💎
Muchos Colores 🎨"
32651,2026-04-23T21:18:12,photos/photo_30520@23-04-2026_21-18-12.jpg,,,
32652,2026-04-23T21:18:12,photos/photo_30521@23-04-2026_21-18-12.jpg,,,
32653,2026-04-23T21:20:52,photos/photo_30522@23-04-2026_21-20-52.jpg,,https://c.onlyaff.app/83roOv,"VEJA —-> 24€ 💎
18 Colores 🎨"
32654,2026-04-23T21:43:27,photos/photo_30523@23-04-2026_21-43-27.jpg,,https://c.onlyaff.app/83swE4,CORTEIZ —-> 21€ 💎
32655,2026-04-23T21:44:28,photos/photo_30524@23-04-2026_21-44-28.jpg,,https://c.onlyaff.app/83szci,ESSENTIALS (bordado) —-> 18€ 💎
32656,2026-04-23T21:44:28,photos/photo_30525@23-04-2026_21-44-28.jpg,,,
32657,2026-04-23T21:44:28,photos/photo_30526@23-04-2026_21-44-28.jpg,,,
32658,2026-04-23T21:45:27,photos/photo_30527@23-04-2026_21-45-27.jpg,,https://c.onlyaff.app/83sDrO,CORTEIZ —-> 16€ 💎
32659,2026-04-23T21:51:37,photos/photo_30528@23-04-2026_21-51-37.jpg,,https://c.onlyaff.app/83sWIR,"ADIDAS Supernova Rise —-> 31€ 💎
30 Colores 🎨"
32660,2026-04-23T21:51:37,photos/photo_30529@23-04-2026_21-51-37.jpg,,,
32661,2026-04-23T21:51:37,photos/photo_30530@23-04-2026_21-51-37.jpg,,,
32662,2026-04-23T22:54:25,photos/photo_30531@23-04-2026_22-54-25.jpg,,https://c.onlyaff.app/83v6sx,"ADIDAS ""Año Nuevo Chino"" —-> 36€ 💎
9 Nuevos Colores 🎨"
32664,2026-04-23T23:44:58,photos/photo_30532@23-04-2026_23-44-58.jpg,,https://c.onlyaff.app/83w78Q,"POLO RALPH LAUREN Train —-> 39€ 💎
Muchos Colores 🎨
🚨 Se agotan muy rápido 💨"
32665,2026-04-24T08:52:01,photos/photo_30533@24-04-2026_08-52-01.jpg,,https://c.onlyaff.app/83wnzd,"ADIDAS Duramo Speed —-> 33€ 💎
Muchos Colores 🎨"
32666,2026-04-24T08:52:01,photos/photo_30534@24-04-2026_08-52-01.jpg,,,
32667,2026-04-24T08:52:01,photos/photo_30535@24-04-2026_08-52-01.jpg,,,
32668,2026-04-24T09:01:00,photos/photo_30536@24-04-2026_09-01-00.jpg,,https://c.onlyaff.app/83wqgb,MARTINE ROSE —-> 23€ 💎
32669,2026-04-24T09:01:00,photos/photo_30537@24-04-2026_09-01-00.jpg,,,
32670,2026-04-24T09:01:00,photos/photo_30538@24-04-2026_09-01-00.jpg,,,
32671,2026-04-24T09:04:01,photos/photo_30539@24-04-2026_09-04-01.jpg,,https://c.onlyaff.app/83wqZf,AMI PARIS —-> 25€ 💎
32672,2026-04-24T09:10:13,photos/photo_30540@24-04-2026_09-10-13.jpg,,https://c.onlyaff.app/83wreX,ESSENTIALS x FEAR OF GOD —-> 16€ 💎
32673,2026-04-24T09:10:13,photos/photo_30541@24-04-2026_09-10-13.jpg,,,
32674,2026-04-24T09:10:13,photos/photo_30542@24-04-2026_09-10-13.jpg,,,
32675,2026-04-24T09:11:01,photos/photo_30543@24-04-2026_09-11-01.jpg,,https://c.onlyaff.app/83wrHb,MARTINE ROSE —-> 24€ 💎
32676,2026-04-24T09:14:01,photos/photo_30544@24-04-2026_09-14-01.jpg,,https://c.onlyaff.app/83ws6p,GALLERY DEPT —-> 22€ 💎
32677,2026-04-24T09:15:09,photos/photo_30545@24-04-2026_09-15-09.jpg,,https://c.onlyaff.app/83wueI,"POLO RALPH LAUREN (bordado) —-> 23€ 💎
Varios Colores 🎨"
32678,2026-04-24T09:20:13,photos/photo_30546@24-04-2026_09-20-13.jpg,,https://c.onlyaff.app/83wwp7,"ONITSUKA TIGER Tokuten —-> 28€ 💎
15 Colores 🎨"
32679,2026-04-24T09:36:01,photos/photo_30547@24-04-2026_09-36-01.jpg,,https://c.onlyaff.app/83wxPp,"CROCS —-> 11€ 💎
Varios Colores 🎨"
32680,2026-04-24T09:36:01,photos/photo_30548@24-04-2026_09-36-01.jpg,,,
32681,2026-04-24T09:36:01,photos/photo_30549@24-04-2026_09-36-01.jpg,,,
32682,2026-04-24T09:40:16,photos/photo_30550@24-04-2026_09-40-16.jpg,,https://c.onlyaff.app/83wy5j,MIU MIU —-> 32€ 💎
32683,2026-04-24T09:56:01,photos/photo_30551@24-04-2026_09-56-01.jpg,,https://c.onlyaff.app/83wyHU,ADIDAS —-> 22€ 💎
32684,2026-04-24T09:56:01,photos/photo_30552@24-04-2026_09-56-01.jpg,,,
32685,2026-04-24T09:56:01,photos/photo_30553@24-04-2026_09-56-01.jpg,,,
32686,2026-04-24T10:04:01,photos/photo_30554@24-04-2026_10-04-01.jpg,,https://c.onlyaff.app/83wFLI,"ADIDAS ""Leopard"" —-> 20€ 💎"
32687,2026-04-24T10:05:01,photos/photo_30555@24-04-2026_10-05-01.jpg,,https://c.onlyaff.app/83wzbF,"ALO (conjunto) —-> 24€ 💎
También en Negro 🎨"
32688,2026-04-24T10:06:01,photos/photo_30556@24-04-2026_10-06-01.jpg,,https://c.onlyaff.app/83wzr8,ADIDAS Samba OG —-> 21€ 💎
32689,2026-04-24T10:06:01,photos/photo_30557@24-04-2026_10-06-01.jpg,,,
32690,2026-04-24T10:06:01,photos/photo_30558@24-04-2026_10-06-01.jpg,,,
32691,2026-04-24T10:06:01,photos/photo_30559@24-04-2026_10-06-01.jpg,,,
32692,2026-04-24T10:11:01,photos/photo_30560@24-04-2026_10-11-01.jpg,,https://c.onlyaff.app/83wAVI,"NUMERIS ""Denim""—-> 45€ 💎"
32694,2026-04-24T10:34:09,photos/photo_30561@24-04-2026_10-34-09.jpg,,https://c.onlyaff.app/NZdq2,"NIKE JumpMan x TRAVIS SCOTT —-> 56€ 💎
13 Colores 🎨
🚨 Se agotan muy rápido 💨"
32695,2026-04-24T10:36:01,photos/photo_30562@24-04-2026_10-36-01.jpg,,https://c.onlyaff.app/83wBJF,"ADIDAS BadBo 1.0 —-> 36€ 💎
Todos los Colores 🎨"
32696,2026-04-24T10:44:01,photos/photo_30563@24-04-2026_10-44-01.jpg,,https://c.onlyaff.app/83wCiG,"ASICS Gel NYC 2055 —-> 31€ 💎
Muchos Colores 🎨"
32697,2026-04-24T10:44:01,photos/photo_30564@24-04-2026_10-44-01.jpg,,,
32698,2026-04-24T10:44:01,photos/photo_30565@24-04-2026_10-44-01.jpg,,,
32699,2026-04-24T10:50:11,photos/photo_30566@24-04-2026_10-50-11.jpg,,https://c.onlyaff.app/83wD0X,"APPLE AirPods Pro2 —-> 12€ 💎
Artículo muy recomendado ✅
(Fotos realizadas por mi) 📸"
32700,2026-04-24T10:50:11,photos/photo_30567@24-04-2026_10-50-11.jpg,,,
32701,2026-04-24T10:50:11,photos/photo_30568@24-04-2026_10-50-11.jpg,,,
32702,2026-04-24T11:03:16,photos/photo_30569@24-04-2026_11-03-16.jpg,,https://c.onlyaff.app/83wEGt,ADIDAS Sambae —-> 25€ 💎
32703,2026-04-24T11:03:16,photos/photo_30570@24-04-2026_11-03-16.jpg,,,
32704,2026-04-24T11:03:16,photos/photo_30571@24-04-2026_11-03-16.jpg,,,
32705,2026-04-24T11:04:01,photos/photo_30572@24-04-2026_11-04-01.jpg,,https://c.onlyaff.app/83xy6D,"ADIDAS Argentina Mundial 2026 —-> 13€ 💎
Muchos Dorsales 🎨"
32706,2026-04-24T11:04:01,photos/photo_30573@24-04-2026_11-04-01.jpg,,,
32707,2026-04-24T11:04:01,photos/photo_30574@24-04-2026_11-04-01.jpg,,,
32708,2026-04-24T11:06:01,photos/photo_30575@24-04-2026_11-06-01.jpg,,https://c.onlyaff.app/83xwPz,"ADIDAS España Mundial 2026 —-> 13€ 💎
Muchos Dorsales 🎨"
32709,2026-04-24T11:06:01,photos/photo_30576@24-04-2026_11-06-01.jpg,,,
32710,2026-04-24T11:06:01,photos/photo_30577@24-04-2026_11-06-01.jpg,,,
32711,2026-04-24T12:47:01,photos/photo_30578@24-04-2026_12-47-01.jpg,,https://c.onlyaff.app/84aFxK,NEW ERA —-> 5€ 💎
32712,2026-04-24T14:18:15,photos/photo_30579@24-04-2026_14-18-15.jpg,,https://c.onlyaff.app/84g4yV,"HELLSTAR —-> 26€ 💎
30 Modelos 🎨"
32713,2026-04-24T14:20:56,photos/photo_30580@24-04-2026_14-20-56.jpg,,https://c.onlyaff.app/84gaOR,"AMIRI —-> 23€ 💎
También tenéis los pantalones a conjunto 🎨"
32714,2026-04-24T14:20:56,photos/photo_30581@24-04-2026_14-20-56.jpg,,,
32715,2026-04-24T14:20:56,photos/photo_30582@24-04-2026_14-20-56.jpg,,,
32716,2026-04-24T14:20:56,photos/photo_30583@24-04-2026_14-20-56.jpg,,,
32717,2026-04-24T14:20:56,photos/photo_30584@24-04-2026_14-20-56.jpg,,,
32718,2026-04-24T14:20:56,photos/photo_30585@24-04-2026_14-20-56.jpg,,,
32719,2026-04-24T14:20:56,photos/photo_30586@24-04-2026_14-20-56.jpg,,,
32720,2026-04-24T14:20:56,photos/photo_30587@24-04-2026_14-20-56.jpg,,,
32721,2026-04-24T14:20:56,photos/photo_30588@24-04-2026_14-20-56.jpg,,,
32722,2026-04-24T14:20:56,photos/photo_30589@24-04-2026_14-20-56.jpg,,,
32723,2026-04-24T14:22:40,photos/photo_30590@24-04-2026_14-22-40.jpg,,https://c.onlyaff.app/84gk2H,"AMIRI —-> 25€ 💎
30 Modelos 🎨"
32724,2026-04-24T14:55:33,photos/photo_30591@24-04-2026_14-55-33.jpg,,https://c.onlyaff.app/84hS5w,"CASA BLANCA (conjunto) —-> 48€ 💎
Muchos Colores 🎨"
32725,2026-04-24T14:55:33,photos/photo_30592@24-04-2026_14-55-33.jpg,,,
32726,2026-04-24T14:55:34,photos/photo_30593@24-04-2026_14-55-34.jpg,,,
32727,2026-04-24T15:00:44,photos/photo_30594@24-04-2026_15-00-44.jpg,,https://c.onlyaff.app/84hZSG,ADIDAS Samba LT —-> 24€ 💎
32728,2026-04-24T15:00:45,photos/photo_30595@24-04-2026_15-00-45.jpg,,,
32729,2026-04-24T15:00:45,photos/photo_30596@24-04-2026_15-00-45.jpg,,,
32730,2026-04-24T16:13:44,photos/photo_30597@24-04-2026_16-13-44.jpg,,https://c.onlyaff.app/84kI7H,POLO RALPH LAUREN —-> 9€ 💎
32731,2026-04-24T18:06:05,photos/photo_30598@24-04-2026_18-06-05.jpg,,https://c.onlyaff.app/84pwqc,"ADIDAS —-> 19€ 💎
Varios Colores 🎨"
32732,2026-04-24T18:39:53,photos/photo_30599@24-04-2026_18-39-53.jpg,,https://c.onlyaff.app/84sheb,"CROCS —-> 18€ 💎
Varios Colores 🎨"
32733,2026-04-24T18:39:54,photos/photo_30600@24-04-2026_18-39-54.jpg,,,
32734,2026-04-24T18:39:54,photos/photo_30601@24-04-2026_18-39-54.jpg,,,
32735,2026-04-24T19:32:49,photos/photo_30602@24-04-2026_19-32-49.jpg,,https://c.onlyaff.app/84uRq4,AMIRI Court —-> 43€ 💎
32736,2026-04-24T19:32:49,photos/photo_30603@24-04-2026_19-32-49.jpg,,,
32737,2026-04-24T19:32:49,photos/photo_30604@24-04-2026_19-32-49.jpg,,,
32738,2026-04-24T19:32:49,photos/photo_30605@24-04-2026_19-32-49.jpg,,,
32739,2026-04-24T19:32:49,photos/photo_30606@24-04-2026_19-32-49.jpg,,,
32740,2026-04-24T19:32:49,photos/photo_30607@24-04-2026_19-32-49.jpg,,,
32741,2026-04-24T19:32:49,photos/photo_30608@24-04-2026_19-32-49.jpg,,,
32742,2026-04-24T19:32:49,photos/photo_30609@24-04-2026_19-32-49.jpg,,,
32743,2026-04-24T19:32:50,photos/photo_30610@24-04-2026_19-32-50.jpg,,,
32744,2026-04-24T21:04:11,photos/photo_30611@24-04-2026_21-04-11.jpg,,https://c.onlyaff.app/84Vuey,"EMESTUDIOS —-> 21€ 💎
También en Negro 🎨
🚨 Se agota MUY rápido 💨"
32745,2026-04-24T21:06:43,photos/photo_30612@24-04-2026_21-06-43.jpg,,https://c.onlyaff.app/84VABR,ALO —-> 17€ 💎
32746,2026-04-24T21:22:28,photos/photo_30613@24-04-2026_21-22-28.jpg,,https://c.onlyaff.app/84Wzjp,ESSENTIALS —-> 36€ 💎
32747,2026-04-24T21:25:13,photos/photo_30614@24-04-2026_21-25-13.jpg,,https://c.onlyaff.app/84WHJH,"ASICS NovaBlast 5 —-> 31€ 💎
12 Colores 🎨"
32748,2026-04-24T21:56:23,photos/photo_30615@24-04-2026_21-56-23.jpg,,https://c.onlyaff.app/84XV30,ASICS Gel Pickax —-> 41€ 💎
32749,2026-04-24T21:56:23,photos/photo_30616@24-04-2026_21-56-23.jpg,,,
32750,2026-04-24T21:56:23,photos/photo_30617@24-04-2026_21-56-23.jpg,,,
32751,2026-04-24T21:56:24,photos/photo_30618@24-04-2026_21-56-24.jpg,,,
32752,2026-04-24T21:56:24,photos/photo_30619@24-04-2026_21-56-24.jpg,,,
32753,2026-04-24T22:02:31,photos/photo_30620@24-04-2026_22-02-31.jpg,,https://c.onlyaff.app/84Y9Bj,"NIKE Metcon 6 (crossfit) —-> 26€ 💎
Muchos Colores 🎨
(YepExpress)"
32754,2026-04-24T22:16:45,photos/photo_30621@24-04-2026_22-16-45.jpg,,https://c.onlyaff.app/84YyIr,"OFF WHITE —-> 32€ 💎
Muchos Colores 🎨"
32755,2026-04-24T22:28:15,photos/photo_30622@24-04-2026_22-28-15.jpg,,https://c.onlyaff.app/84YR4G,"HUNTER (mochila) —-> 24€ 💎
Varios Colores 🎨"
32757,2026-04-25T09:06:01,photos/photo_30623@25-04-2026_09-06-01.jpg,,https://c.onlyaff.app/850I5h,POLO RALPH LAUREN —-> 11€ 💎
32758,2026-04-25T09:08:01,photos/photo_30624@25-04-2026_09-08-01.jpg,,https://c.onlyaff.app/8511jA,ADIDAS —-> 16€ 💎
32759,2026-04-25T09:10:06,photos/photo_30625@25-04-2026_09-10-06.jpg,,https://c.onlyaff.app/850IWX,ADIDAS Samba OG —-> 21€ 💎
32760,2026-04-25T09:10:06,photos/photo_30626@25-04-2026_09-10-06.jpg,,,
32761,2026-04-25T09:10:07,photos/photo_30627@25-04-2026_09-10-07.jpg,,,
32762,2026-04-25T09:12:01,photos/photo_30628@25-04-2026_09-12-01.jpg,,https://c.onlyaff.app/O6jPP,"ADIDAS Argentina Mundial 2026 —-> 13€ 💎
Varios Dorsales 🎨"
32763,2026-04-25T09:12:01,photos/photo_30629@25-04-2026_09-12-01.jpg,,,
32764,2026-04-25T09:12:01,photos/photo_30630@25-04-2026_09-12-01.jpg,,,
32765,2026-04-25T09:24:01,photos/photo_30631@25-04-2026_09-24-01.jpg,,https://c.onlyaff.app/850Kay,"ASICS Gel NYC —-> 26€ 💎
15 Colores 🎨"
32766,2026-04-25T09:24:01,photos/photo_30632@25-04-2026_09-24-01.jpg,,,
32767,2026-04-25T09:24:01,photos/photo_30633@25-04-2026_09-24-01.jpg,,,
32768,2026-04-25T09:24:01,photos/photo_30634@25-04-2026_09-24-01.jpg,,,
32769,2026-04-25T09:24:01,photos/photo_30635@25-04-2026_09-24-01.jpg,,,
32770,2026-04-25T09:24:01,photos/photo_30636@25-04-2026_09-24-01.jpg,,,
32771,2026-04-25T09:24:01,photos/photo_30637@25-04-2026_09-24-01.jpg,,,
32772,2026-04-25T09:24:01,photos/photo_30638@25-04-2026_09-24-01.jpg,,,
32773,2026-04-25T09:32:53,photos/photo_30639@25-04-2026_09-32-53.jpg,,https://c.onlyaff.app/852vVd,LORO PIANA —-> 38€ 💎
32774,2026-04-25T09:36:01,photos/photo_30640@25-04-2026_09-36-01.jpg,,https://c.onlyaff.app/85188a,"ADIDAS Terrex TrailMaker 2 x GORE TEX —-> 37€ 💎
Muchos Colores 🎨"
32775,2026-04-25T09:50:14,photos/photo_30641@25-04-2026_09-50-14.jpg,,https://c.onlyaff.app/851aoh,TIMBERLAND —-> 32€ 💎
32776,2026-04-25T11:28:52,photos/photo_30642@25-04-2026_11-28-52.jpg,,https://c.onlyaff.app/85zFOG,"NIKE Mind 001 —-> 26€ 💎
(YepExpress)"
32777,2026-04-25T11:28:52,photos/photo_30643@25-04-2026_11-28-52.jpg,,,
32778,2026-04-25T11:28:52,photos/photo_30644@25-04-2026_11-28-52.jpg,,,
32779,2026-04-25T13:32:58,photos/photo_30645@25-04-2026_13-32-58.jpg,,https://c.onlyaff.app/85GikD,"RIMOWA —-> 44€ 💎
Varios Colores 🎨"
32780,2026-04-25T13:32:58,photos/photo_30646@25-04-2026_13-32-58.jpg,,,
32781,2026-04-25T13:32:58,photos/photo_30647@25-04-2026_13-32-58.jpg,,,
32782,2026-04-25T13:35:47,photos/photo_30648@25-04-2026_13-35-47.jpg,,https://c.onlyaff.app/85GnJn,CAROLINA HERRERA —-> 37€ 💎
32783,2026-04-25T13:35:47,photos/photo_30649@25-04-2026_13-35-47.jpg,,,
32784,2026-04-25T13:35:47,photos/photo_30650@25-04-2026_13-35-47.jpg,,,
32785,2026-04-25T13:35:47,photos/photo_30651@25-04-2026_13-35-47.jpg,,,
32786,2026-04-25T13:35:47,photos/photo_30652@25-04-2026_13-35-47.jpg,,,
32787,2026-04-25T17:40:21,photos/photo_30653@25-04-2026_17-40-21.jpg,,https://c.onlyaff.app/85TUHI,OFF WHITE —-> 11€ 💎
32788,2026-04-25T17:46:49,photos/photo_30654@25-04-2026_17-46-49.jpg,,https://c.onlyaff.app/85Uycf,"NEW BALANCE FullCell Elite x STONE ISLAND —-> 34€ 💎
🚨 Se agotan muy rápido 💨"
32789,2026-04-25T17:46:49,photos/photo_30655@25-04-2026_17-46-49.jpg,,,
32790,2026-04-25T17:46:49,photos/photo_30656@25-04-2026_17-46-49.jpg,,,
32791,2026-04-25T20:37:34,photos/photo_30657@25-04-2026_20-37-34.jpg,,https://c.onlyaff.app/86cGJ8,ADIDAS SL72 —-> 35€ 💎
32792,2026-04-25T21:32:50,photos/photo_30658@25-04-2026_21-32-50.jpg,,https://c.onlyaff.app/86nxrv,"POLO RALPH LAUREN (pack 3) —-> 9€ 💎
🚨 Se agotan muy rápido 💨"
32793,2026-04-25T21:47:10,photos/photo_30659@25-04-2026_21-47-10.jpg,,https://c.onlyaff.app/86o8aF,POLO RALPH LAUREN —-> 13€ 💎
32795,2026-04-26T08:46:01,photos/photo_30660@26-04-2026_08-46-01.jpg,,https://c.onlyaff.app/86uckz,"POLO RALPH LAUREN —-> 38€ 💎
Varios Colores 🎨"
32796,2026-04-26T09:06:01,photos/photo_30661@26-04-2026_09-06-01.jpg,,https://c.onlyaff.app/86uBZA,"ADIDAS —-> 11€ 💎
Varios Colores 🎨"
32797,2026-04-26T09:10:08,photos/photo_30662@26-04-2026_09-10-08.jpg,,https://c.onlyaff.app/86uici,VANS —-> 22€ 💎
32798,2026-04-26T09:10:08,photos/photo_30663@26-04-2026_09-10-08.jpg,,,
32799,2026-04-26T09:10:08,photos/photo_30664@26-04-2026_09-10-08.jpg,,,
32800,2026-04-26T09:18:01,photos/photo_30665@26-04-2026_09-18-01.jpg,,https://c.onlyaff.app/86uyA0,"CARHARTT —-> 19€ 💎
Varios Colores 🎨"
32801,2026-04-26T09:24:01,photos/photo_30666@26-04-2026_09-24-01.jpg,,https://c.onlyaff.app/86uip5,"CORTEIZ —-> 26€ 💎
30 Modelos 🎨"
32802,2026-04-26T09:31:50,photos/photo_30667@26-04-2026_09-31-50.jpg,,https://c.onlyaff.app/86uq4G,"UNDER ARMOUR —-> 10€ 💎
Muchos Colores 🎨"
32803,2026-04-26T09:36:01,photos/photo_30668@26-04-2026_09-36-01.jpg,,https://c.onlyaff.app/86ulE2,"BIRKENSTOCK —-> 23€ 💎
16 Colores 🎨"
32804,2026-04-26T09:40:12,photos/photo_30669@26-04-2026_09-40-12.jpg,,https://c.onlyaff.app/86uneO,"MONCLER —-> 34€ 💎
Varios Colores 🎨"
32805,2026-04-26T09:56:01,photos/photo_30670@26-04-2026_09-56-01.jpg,,https://c.onlyaff.app/86utlp,"GOLDEN GOOSE —-> 27€ 💎
8 Nuevos Colores 🎨"
32806,2026-04-26T10:02:55,photos/photo_30671@26-04-2026_10-02-55.jpg,,https://c.onlyaff.app/86us6u,"MARSHALL Minor 3 —-> 17€ 💎
También en Blanco 🎨"
32807,2026-04-26T10:02:55,photos/photo_30672@26-04-2026_10-02-55.jpg,,,
32808,2026-04-26T10:02:55,photos/photo_30673@26-04-2026_10-02-55.jpg,,,
32809,2026-04-26T10:06:01,photos/photo_30674@26-04-2026_10-06-01.jpg,,https://c.onlyaff.app/Ofsfc,"MIU MIU —-> 22€ 💎
Muchos Colores 🎨"
32810,2026-04-26T10:11:01,photos/photo_30675@26-04-2026_10-11-01.jpg,,https://c.onlyaff.app/86uxZd,"ASICS Gel Kayano 14 —-> 28€ 💎
Muchos Colores 🎨"
32811,2026-04-26T10:24:01,photos/photo_30676@26-04-2026_10-24-01.jpg,,https://c.onlyaff.app/86uyQw,ADIDAS Spezial —-> 20€ 💎
32812,2026-04-26T10:24:01,photos/photo_30677@26-04-2026_10-24-01.jpg,,,
32813,2026-04-26T10:24:01,photos/photo_30678@26-04-2026_10-24-01.jpg,,,
32814,2026-04-26T10:24:01,photos/photo_30679@26-04-2026_10-24-01.jpg,,,
32815,2026-04-26T10:24:01,photos/photo_30680@26-04-2026_10-24-01.jpg,,,
32816,2026-04-26T10:24:01,photos/photo_30681@26-04-2026_10-24-01.jpg,,,
32817,2026-04-26T10:24:01,photos/photo_30682@26-04-2026_10-24-01.jpg,,,
32818,2026-04-26T10:24:01,photos/photo_30683@26-04-2026_10-24-01.jpg,,,
32819,2026-04-26T10:24:01,photos/photo_30684@26-04-2026_10-24-01.jpg,,,
32820,2026-04-26T10:36:01,photos/photo_30685@26-04-2026_10-36-01.jpg,,https://c.onlyaff.app/86uCHG,"ADIDAS Forum —-> 31€ 💎
19 Colores 🎨"
32821,2026-04-26T10:36:01,photos/photo_30686@26-04-2026_10-36-01.jpg,,,
32822,2026-04-26T10:36:01,photos/photo_30687@26-04-2026_10-36-01.jpg,,,
32823,2026-04-26T10:36:01,photos/photo_30688@26-04-2026_10-36-01.jpg,,,
32824,2026-04-26T10:36:01,photos/photo_30689@26-04-2026_10-36-01.jpg,,,
32825,2026-04-26T10:36:01,photos/photo_30690@26-04-2026_10-36-01.jpg,,,
32826,2026-04-26T10:36:01,photos/photo_30691@26-04-2026_10-36-01.jpg,,,
32827,2026-04-26T10:36:01,photos/photo_30692@26-04-2026_10-36-01.jpg,,,
32828,2026-04-26T12:38:40,photos/photo_30693@26-04-2026_12-38-40.jpg,,https://c.onlyaff.app/874JOp,"CARHARTT (conjunto) —-> 46€ 💎
Varios Colores 🎨"
32829,2026-04-26T12:38:40,photos/photo_30694@26-04-2026_12-38-40.jpg,,,
32830,2026-04-26T12:38:40,photos/photo_30695@26-04-2026_12-38-40.jpg,,,
32831,2026-04-26T12:40:36,photos/photo_30696@26-04-2026_12-40-36.jpg,,https://c.onlyaff.app/874Rfg,CARHARTT —-> 30€ 💎
32832,2026-04-26T17:19:10,photos/photo_30697@26-04-2026_17-19-10.jpg,,https://c.onlyaff.app/87kmis,"ADIDAS Samba —-> 16€ 💎
Precio Irresistible 🤯"
32833,2026-04-26T17:19:10,photos/photo_30698@26-04-2026_17-19-10.jpg,,,
32834,2026-04-26T17:19:10,photos/photo_30699@26-04-2026_17-19-10.jpg,,,
32835,2026-04-26T17:19:10,photos/photo_30700@26-04-2026_17-19-10.jpg,,,
32836,2026-04-26T17:19:10,photos/photo_30701@26-04-2026_17-19-10.jpg,,,
32837,2026-04-26T18:34:16,photos/photo_30702@26-04-2026_18-34-16.jpg,,https://c.onlyaff.app/87oc2X,"CHROME HEARTS —-> 8€ 💎
Varios Modelos 🎨"
32838,2026-04-26T18:35:40,photos/photo_30703@26-04-2026_18-35-40.jpg,,https://c.onlyaff.app/87ogUg,JACQUEMUS —-> 9€ 💎
32839,2026-04-26T18:36:43,photos/photo_30704@26-04-2026_18-36-43.jpg,,https://c.onlyaff.app/87oje1,STUSSY —-> 5€ 💎
32840,2026-04-26T18:42:43,photos/photo_30705@26-04-2026_18-42-43.jpg,,https://c.onlyaff.app/87oDfb,"RAYBAN —-> 7€ 💎
Varios Colores 🎨"
32841,2026-04-26T18:44:35,photos/photo_30706@26-04-2026_18-44-35.jpg,,https://c.onlyaff.app/87oLBF,POLO RALPH LAUREN (pack 3) —-> 3€ 💎
32842,2026-04-26T19:06:25,photos/photo_30707@26-04-2026_19-06-25.jpg,,https://c.onlyaff.app/87pSt0,RHUDE x LAMBORGHINI —-> 27€ 💎
32843,2026-04-26T19:06:25,photos/photo_30708@26-04-2026_19-06-25.jpg,,,
32844,2026-04-26T19:06:25,photos/photo_30709@26-04-2026_19-06-25.jpg,,,
32845,2026-04-26T19:08:52,photos/photo_30710@26-04-2026_19-08-52.jpg,,https://c.onlyaff.app/87q2vE,AMI PARIS —-> 18€ 💎
32846,2026-04-26T19:09:42,photos/photo_30711@26-04-2026_19-09-42.jpg,,https://c.onlyaff.app/87q5hn,AMI PARIS —-> 18€ 💎
32847,2026-04-26T19:11:40,photos/photo_30712@26-04-2026_19-11-40.jpg,,https://c.onlyaff.app/87qbPd,ESSENTIALS (bordado) —-> 18€ 💎
32848,2026-04-26T19:11:40,photos/photo_30713@26-04-2026_19-11-40.jpg,,,
32849,2026-04-26T19:11:40,photos/photo_30714@26-04-2026_19-11-40.jpg,,,
32850,2026-04-26T19:13:28,photos/photo_30715@26-04-2026_19-13-28.jpg,,https://c.onlyaff.app/87qhcH,CORTEIZ —-> 22€ 💎
32851,2026-04-26T19:17:45,photos/photo_30716@26-04-2026_19-17-45.jpg,,https://c.onlyaff.app/87qqL7,"APPLE Watch Serie 10 —-> 20€ 💎
🚨 Se agota muy rápido 💨 
(Fotos realizadas por mi) 📸"
32852,2026-04-26T19:17:45,photos/photo_30717@26-04-2026_19-17-45.jpg,,,
32853,2026-04-26T19:17:46,photos/photo_30718@26-04-2026_19-17-46.jpg,,,
32854,2026-04-26T19:17:46,photos/photo_30719@26-04-2026_19-17-46.jpg,,,
32855,2026-04-26T19:25:23,photos/photo_30720@26-04-2026_19-25-23.jpg,,https://c.onlyaff.app/87qFPr,"NIKE Air Force 1 —-> 18€ 💎
También en Negro 🎨
(YepExpress)"
32856,2026-04-26T19:40:58,photos/photo_30721@26-04-2026_19-40-58.jpg,,https://c.onlyaff.app/OljJN,"NIKE Air Max 95 —-> 47€ 💎
Varias Colaboraciones 🎨
(YepExpress)"
32857,2026-04-26T19:40:58,photos/photo_30722@26-04-2026_19-40-58.jpg,,,
32858,2026-04-26T19:40:58,photos/photo_30723@26-04-2026_19-40-58.jpg,,,
32859,2026-04-26T19:40:58,photos/photo_30724@26-04-2026_19-40-58.jpg,,,
32860,2026-04-26T19:40:59,photos/photo_30725@26-04-2026_19-40-59.jpg,,,
32861,2026-04-26T19:40:59,photos/photo_30726@26-04-2026_19-40-59.jpg,,,
32862,2026-04-26T19:40:59,photos/photo_30727@26-04-2026_19-40-59.jpg,,,
32863,2026-04-26T19:40:59,photos/photo_30728@26-04-2026_19-40-59.jpg,,,
32864,2026-04-26T19:40:59,photos/photo_30729@26-04-2026_19-40-59.jpg,,,
32865,2026-04-26T19:43:53,photos/photo_30730@26-04-2026_19-43-53.jpg,,https://c.onlyaff.app/87riuI,"LORO PIANA —-> 35€ 💎
Varios Colores 🎨"
32866,2026-04-26T19:47:44,photos/photo_30731@26-04-2026_19-47-44.jpg,,https://c.onlyaff.app/87rsuW,"ADIDAS Terrex Agravic Speed 2 —-> 36€ 💎
Varios Colores 🎨"
32867,2026-04-26T19:52:19,photos/photo_30732@26-04-2026_19-52-19.jpg,,https://c.onlyaff.app/87rHd1,"ADIDAS HyperBoost Edge —-> 35€ 💎
Varios Colores 🎨"
32868,2026-04-26T19:54:26,photos/photo_30733@26-04-2026_19-54-26.jpg,,https://c.onlyaff.app/87rOPU,"NUMERIS ""Denim""—-> 42€ 💎"
32869,2026-04-26T19:57:34,photos/photo_30734@26-04-2026_19-57-34.jpg,,https://c.onlyaff.app/87s1bu,"CARHARTT —-> 22€ 💎
Varios Colores 🎨"
32870,2026-04-26T20:27:29,photos/photo_30735@26-04-2026_20-27-29.jpg,,https://c.onlyaff.app/87BzXw,ADIDAS Spezial —-> 25€ 💎
32871,2026-04-26T20:28:55,photos/photo_30736@26-04-2026_20-28-55.jpg,,https://c.onlyaff.app/Omqpr,CARHARTT —-> 9€ 💎
32872,2026-04-26T21:43:45,photos/photo_30737@26-04-2026_21-43-45.jpg,,https://c.onlyaff.app/87SChw,"SCUFFERS —-> 11€ 💎
Varios Colores 🎨
🚨 Se agota muy rápido 💨"
32873,2026-04-26T22:08:05,photos/photo_30738@26-04-2026_22-08-05.jpg,,https://c.onlyaff.app/87TVXd,PATAGONIA —-> 22€ 💎
32874,2026-04-26T22:10:30,photos/photo_30739@26-04-2026_22-10-30.jpg,,https://c.onlyaff.app/87U0PH,"ADIDAS España Mundial 2026 —-> 9€ 💎
También la Roja 🎨"
32875,2026-04-26T22:11:27,photos/photo_30740@26-04-2026_22-11-27.jpg,,https://c.onlyaff.app/87U2PU,CORTEIZ —-> 8€ 💎
32876,2026-04-26T22:46:33,photos/photo_30741@26-04-2026_22-46-33.jpg,,https://c.onlyaff.app/Ooirj,ADIDAS SL72 —-> 29€ 💎
32877,2026-04-26T22:46:33,photos/photo_30742@26-04-2026_22-46-33.jpg,,,
32878,2026-04-26T22:46:33,photos/photo_30743@26-04-2026_22-46-33.jpg,,,
32880,2026-04-27T08:40:11,photos/photo_30744@27-04-2026_08-40-11.jpg,,https://c.onlyaff.app/87XsbA,"X GEOCK —-> 17€ 💎
Varios Colores 🎨"
32881,2026-04-27T08:52:01,photos/photo_30745@27-04-2026_08-52-01.jpg,,https://c.onlyaff.app/87XBhE,"NEW BALANCE 990v6 —-> 38€ 💎
(YepExpress)"
32882,2026-04-27T08:52:01,photos/photo_30746@27-04-2026_08-52-01.jpg,,,
32883,2026-04-27T08:52:01,photos/photo_30747@27-04-2026_08-52-01.jpg,,,
32884,2026-04-27T09:02:05,photos/photo_30748@27-04-2026_09-02-05.jpg,,https://c.onlyaff.app/87XEC7,POLO RALPH LAUREN (conjunto) —-> 11€ 12€ 💎
32885,2026-04-27T09:06:01,photos/photo_30749@27-04-2026_09-06-01.jpg,,https://c.onlyaff.app/87Zcbp,Set 2 Micrófonos —-> 41€ 💎
32886,2026-04-27T09:10:11,photos/photo_30750@27-04-2026_09-10-11.jpg,,https://c.onlyaff.app/OozdA,"ADIDAS Campus 00’s —-> 22€ 💎
11 Colores 🎨"
32887,2026-04-27T09:10:11,photos/photo_30751@27-04-2026_09-10-11.jpg,,,
32888,2026-04-27T09:10:11,photos/photo_30752@27-04-2026_09-10-11.jpg,,,
32889,2026-04-27T09:10:11,photos/photo_30753@27-04-2026_09-10-11.jpg,,,
32890,2026-04-27T09:10:11,photos/photo_30754@27-04-2026_09-10-11.jpg,,,
32891,2026-04-27T09:10:11,photos/photo_30755@27-04-2026_09-10-11.jpg,,,
32892,2026-04-27T09:10:11,photos/photo_30756@27-04-2026_09-10-11.jpg,,,
32893,2026-04-27T09:10:11,photos/photo_30757@27-04-2026_09-10-11.jpg,,,
32894,2026-04-27T09:10:12,photos/photo_30758@27-04-2026_09-10-12.jpg,,,
32895,2026-04-27T09:22:01,photos/photo_30759@27-04-2026_09-22-01.jpg,,https://c.onlyaff.app/87Zbrl,STUSSY —-> 9€ 💎
32896,2026-04-27T09:24:01,photos/photo_30760@27-04-2026_09-24-01.jpg,,https://c.onlyaff.app/87Zb9V,"STUSSY —-> 24€ 💎
Varios Colores 🎨"
32897,2026-04-27T09:32:01,photos/photo_30761@27-04-2026_09-32-01.jpg,,https://c.onlyaff.app/87ZbGj,ADIDAS Argentina (firma Messi) —-> 16€ 💎
32898,2026-04-27T09:36:01,photos/photo_30762@27-04-2026_09-36-01.jpg,,https://c.onlyaff.app/87ZclR,"POLO RALPH LAUREN —-> 38€ 💎
Varios Colores 🎨"
32899,2026-04-27T12:25:41,photos/photo_30763@27-04-2026_12-25-41.jpg,,https://c.onlyaff.app/88AfDJ,"ADIDAS Wensley SPZL —-> 24€ 💎
También en Beige 🎨"
32900,2026-04-27T12:25:41,photos/photo_30764@27-04-2026_12-25-41.jpg,,,
32901,2026-04-27T12:25:41,photos/photo_30765@27-04-2026_12-25-41.jpg,,,
32902,2026-04-27T14:43:25,photos/photo_30766@27-04-2026_14-43-25.jpg,,https://c.onlyaff.app/88I6y6,CARHARTT —-> 19€ 💎
32903,2026-04-27T14:43:25,photos/photo_30767@27-04-2026_14-43-25.jpg,,,
32904,2026-04-27T14:43:25,photos/photo_30768@27-04-2026_14-43-25.jpg,,,
32905,2026-04-27T14:45:42,photos/photo_30769@27-04-2026_14-45-42.jpg,,https://c.onlyaff.app/88IcsO,"CARHARTT —-> 28€ 💎
Varios Colores 🎨"
32906,2026-04-27T14:50:07,photos/photo_30770@27-04-2026_14-50-07.jpg,,https://c.onlyaff.app/88IoUX,NIKE NBA x FEAR OF GOD —-> 9€ 💎
32907,2026-04-27T14:57:30,photos/photo_30771@27-04-2026_14-57-30.jpg,,https://c.onlyaff.app/88IHjL,"NIKE Mind 001 —-> 27€ 💎
Nuevos Colores 🎨
(YepExpress)"
32908,2026-04-27T14:57:30,photos/photo_30772@27-04-2026_14-57-30.jpg,,,
32909,2026-04-27T14:57:30,photos/photo_30773@27-04-2026_14-57-30.jpg,,,
32910,2026-04-27T14:57:30,photos/photo_30774@27-04-2026_14-57-30.jpg,,,
32912,2026-04-27T14:57:30,photos/photo_30775@27-04-2026_14-57-30.jpg,,,
32913,2026-04-27T14:57:30,photos/photo_30776@27-04-2026_14-57-30.jpg,,,
32915,2026-04-27T15:01:13,photos/photo_30777@27-04-2026_15-01-13.jpg,,https://c.onlyaff.app/88JhoG,"CARHARTT —-> 8€ 💎
También en Negro 🎨"
32916,2026-04-27T16:10:05,photos/photo_30778@27-04-2026_16-10-05.jpg,,https://c.onlyaff.app/88MSeh,"ADIDAS (falda) —-> 29€ 💎
También en Blanco 🎨"
32917,2026-04-27T16:23:21,photos/photo_30779@27-04-2026_16-23-21.jpg,,https://c.onlyaff.app/88Np9Y,"ADIDAS ZX500 —-> 33€ 💎
Muchos Colores 🎨"
32918,2026-04-27T16:23:21,photos/photo_30780@27-04-2026_16-23-21.jpg,,,
32919,2026-04-27T16:23:21,photos/photo_30781@27-04-2026_16-23-21.jpg,,,
32920,2026-04-27T16:23:21,photos/photo_30782@27-04-2026_16-23-21.jpg,,,
32921,2026-04-27T16:23:21,photos/photo_30783@27-04-2026_16-23-21.jpg,,,
32922,2026-04-27T16:23:21,photos/photo_30784@27-04-2026_16-23-21.jpg,,,
32923,2026-04-27T16:23:21,photos/photo_30785@27-04-2026_16-23-21.jpg,,,
32924,2026-04-27T16:23:21,photos/photo_30786@27-04-2026_16-23-21.jpg,,,
32925,2026-04-27T17:01:49,photos/photo_30787@27-04-2026_17-01-49.jpg,,https://c.onlyaff.app/88PhSb,GUESS —-> 26€ 💎
32926,2026-04-27T17:01:49,photos/photo_30788@27-04-2026_17-01-49.jpg,,,
32927,2026-04-27T17:01:49,photos/photo_30789@27-04-2026_17-01-49.jpg,,,
32928,2026-04-27T18:38:24,photos/photo_30790@27-04-2026_18-38-24.jpg,,https://c.onlyaff.app/88TXcB,STONE ISLAND —-> 25€ 💎
32929,2026-04-27T20:01:52,photos/photo_30791@27-04-2026_20-01-52.jpg,,https://c.onlyaff.app/88YFcS,THE NORTH FACE (conjunto) —-> 13€ 💎
32930,2026-04-27T20:17:47,photos/photo_30792@27-04-2026_20-17-47.jpg,,https://c.onlyaff.app/895pdf,ADIDAS Samba OG —-> 25€ 💎
32931,2026-04-27T20:20:33,photos/photo_30793@27-04-2026_20-20-33.jpg,,https://c.onlyaff.app/896zGG,ASICS Gel Kayano 12.1 —-> 30€ 💎
32932,2026-04-27T21:02:02,photos/photo_30794@27-04-2026_21-02-02.jpg,,https://c.onlyaff.app/89meHS,LONGCHAMP —-> 29€ 💎
32933,2026-04-27T21:02:02,photos/photo_30795@27-04-2026_21-02-02.jpg,,,
32934,2026-04-27T21:02:02,photos/photo_30796@27-04-2026_21-02-02.jpg,,,
32935,2026-04-27T21:05:06,photos/photo_30797@27-04-2026_21-05-06.jpg,,https://c.onlyaff.app/89ncPq,"CARHARTT —-> 6€ 💎
Muchos Colores 🎨
(Fotos realizadas por mi) 📸"
32936,2026-04-27T21:15:10,photos/photo_30798@27-04-2026_21-15-10.jpg,,https://c.onlyaff.app/89ob8u,"CAROLINA HERRERA —-> 24€ 💎
Varios Colores 🎨
(Fotos realizadas por mi) 📸"
32937,2026-04-27T21:15:10,photos/photo_30799@27-04-2026_21-15-10.jpg,,,
32938,2026-04-27T21:15:10,photos/photo_30800@27-04-2026_21-15-10.jpg,,,
32939,2026-04-27T21:40:59,photos/photo_30801@27-04-2026_21-40-59.jpg,,https://c.onlyaff.app/89qibY,FRED PERRY (bañador) —-> 13€ 💎
32940,2026-04-27T21:40:59,photos/photo_30802@27-04-2026_21-40-59.jpg,,,
32941,2026-04-27T21:40:59,photos/photo_30803@27-04-2026_21-40-59.jpg,,,
32942,2026-04-27T21:40:59,photos/photo_30804@27-04-2026_21-40-59.jpg,,,
32943,2026-04-27T21:40:59,photos/photo_30805@27-04-2026_21-40-59.jpg,,,
32944,2026-04-27T22:11:49,photos/photo_30806@27-04-2026_22-11-49.jpg,,https://c.onlyaff.app/89sC2F,STONE ISLAND —-> 21€ 💎
32945,2026-04-27T22:14:28,photos/photo_30807@27-04-2026_22-14-28.jpg,,https://c.onlyaff.app/53o0r,"ADIDAS PureChill —-> 17€ 💎
Muchos Colores 🎨"
32946,2026-04-27T22:16:05,photos/photo_30808@27-04-2026_22-16-05.jpg,,https://c.onlyaff.app/89sLiJ,"EMESTUDIOS —-> 39€ 💎
🚨 Se agota muy rápido 💨"
32947,2026-04-27T22:16:05,photos/photo_30809@27-04-2026_22-16-05.jpg,,,
32948,2026-04-27T22:16:05,photos/photo_30810@27-04-2026_22-16-05.jpg,,,
32949,2026-04-27T22:17:43,photos/photo_30811@27-04-2026_22-17-43.jpg,,https://c.onlyaff.app/89sQj4,GALLERY DEPT —-> 23€ 💎
32950,2026-04-27T22:20:31,photos/photo_30812@27-04-2026_22-20-31.jpg,,https://c.onlyaff.app/89sXzT,ADIDAS Samba XLG —-> 25€ 💎
32951,2026-04-27T22:20:31,photos/photo_30813@27-04-2026_22-20-31.jpg,,,
32952,2026-04-27T22:20:31,photos/photo_30814@27-04-2026_22-20-31.jpg,,,
32953,2026-04-27T22:25:22,photos/photo_30815@27-04-2026_22-25-22.jpg,,https://c.onlyaff.app/89taP9,"KANKEN —-> 14€ 💎
16 Colores 🎨"
32954,2026-04-27T22:45:31,photos/photo_30816@27-04-2026_22-45-31.jpg,,https://c.onlyaff.app/89tNQj,"MIU MIU —-> 38€ 💎
También en Azul 🎨"
32955,2026-04-27T22:56:18,photos/photo_30817@27-04-2026_22-56-18.jpg,,https://c.onlyaff.app/89u9pG,"ADIDAS Spezial ""pana"" —-> 23€ 💎"
32957,2026-04-28T08:36:01,photos/photo_30818@28-04-2026_08-36-01.jpg,,https://c.onlyaff.app/89wztO,"IIK —-> 7€ 💎
Muchos Colores 🎨"
32958,2026-04-28T08:52:01,photos/photo_30819@28-04-2026_08-52-01.jpg,,https://c.onlyaff.app/89wCCB,STONE ISLAND —-> 25€ 💎
32959,2026-04-28T08:58:01,photos/photo_30820@28-04-2026_08-58-01.jpg,,https://c.onlyaff.app/89wDYt,POLO RALPH LAUREN —-> 23€ 💎
32960,2026-04-28T09:01:59,photos/photo_30821@28-04-2026_09-01-59.jpg,,https://c.onlyaff.app/89wEYg,FRED PERRY —-> 7€ 💎
32961,2026-04-28T09:10:09,photos/photo_30822@28-04-2026_09-10-09.jpg,,https://c.onlyaff.app/89wFpE,POLO RALPH LAUREN —-> 13€ 💎
32962,2026-04-28T09:14:01,photos/photo_30823@28-04-2026_09-14-01.jpg,,https://c.onlyaff.app/89wITw,CP COMPANY —-> 28€ 💎
32963,2026-04-28T09:14:01,photos/photo_30824@28-04-2026_09-14-01.jpg,,,
32964,2026-04-28T09:14:01,photos/photo_30825@28-04-2026_09-14-01.jpg,,,
32965,2026-04-28T09:20:16,photos/photo_30826@28-04-2026_09-20-16.jpg,,https://c.onlyaff.app/89xf6L,VANS SK8 —-> 32€ 💎
32966,2026-04-28T09:20:16,photos/photo_30827@28-04-2026_09-20-16.jpg,,,
32967,2026-04-28T09:20:16,photos/photo_30828@28-04-2026_09-20-16.jpg,,,
32968,2026-04-28T09:28:01,photos/photo_30829@28-04-2026_09-28-01.jpg,,https://c.onlyaff.app/89xclw,"AMIRI Classic Low —-> 34€ 💎
Muchos Colores 🎨"
32969,2026-04-28T09:30:28,photos/photo_30830@28-04-2026_09-30-28.jpg,,https://c.onlyaff.app/89xgBc,DYSON —-> 67€ 💎
32970,2026-04-28T09:36:01,photos/photo_30831@28-04-2026_09-36-01.jpg,,https://c.onlyaff.app/89wMsw,MONCLER —-> 14€ 💎
32971,2026-04-28T09:38:01,photos/photo_30832@28-04-2026_09-38-01.jpg,,https://c.onlyaff.app/89wQrM,AMI PARIS —-> 20€ 💎
32972,2026-04-28T09:40:06,photos/photo_30833@28-04-2026_09-40-06.jpg,,https://c.onlyaff.app/89wYoC,"DSQUARED2 —-> 8€ 💎
Varios Colores 🎨"
32973,2026-04-28T09:41:00,photos/photo_30834@28-04-2026_09-41-00.jpg,,https://c.onlyaff.app/89wZ9E,"STUSSY —-> 9€ 💎
También en Blanco 🎨"
32975,2026-04-28T09:46:30,photos/photo_30835@28-04-2026_09-46-30.jpg,,https://c.onlyaff.app/OznyU,"NIKE Pro (conjunto) —-> 15€ 💎
Varios Modelos 🎨
(YepExpress)"
32976,2026-04-28T09:50:14,photos/photo_30836@28-04-2026_09-50-14.jpg,,https://c.onlyaff.app/OyjCG,ALO —-> 18€ 💎
32977,2026-04-28T09:50:14,photos/photo_30837@28-04-2026_09-50-14.jpg,,,
32978,2026-04-28T09:50:14,photos/photo_30838@28-04-2026_09-50-14.jpg,,,
32979,2026-04-28T09:50:14,photos/photo_30839@28-04-2026_09-50-14.jpg,,,
32980,2026-04-28T09:50:14,photos/photo_30840@28-04-2026_09-50-14.jpg,,,
32981,2026-04-28T10:08:01,photos/photo_30841@28-04-2026_10-08-01.jpg,,https://c.onlyaff.app/Oyje3,"SUPREME x CORTEIZ —-> 8€ 💎
Varios Colores 🎨"
32982,2026-04-28T10:11:01,photos/photo_30842@28-04-2026_10-11-01.jpg,,https://c.onlyaff.app/89xdiI,HOKA Bondi 8 —-> 33€ 💎
32983,2026-04-28T10:11:01,photos/photo_30843@28-04-2026_10-11-01.jpg,,,
32984,2026-04-28T10:11:02,photos/photo_30844@28-04-2026_10-11-02.jpg,,,
32985,2026-04-28T10:11:02,photos/photo_30845@28-04-2026_10-11-02.jpg,,,
32986,2026-04-28T10:11:02,photos/photo_30846@28-04-2026_10-11-02.jpg,,,
32987,2026-04-28T10:11:02,photos/photo_30847@28-04-2026_10-11-02.jpg,,,
32988,2026-04-28T10:11:02,photos/photo_30848@28-04-2026_10-11-02.jpg,,,
32989,2026-04-28T10:11:02,photos/photo_30849@28-04-2026_10-11-02.jpg,,,
32990,2026-04-28T10:11:02,photos/photo_30850@28-04-2026_10-11-02.jpg,,,
32991,2026-04-28T10:22:01,photos/photo_30851@28-04-2026_10-22-01.jpg,,https://c.onlyaff.app/89xhUR,POLO RALPH LAUREN —-> 14€ 💎
32992,2026-04-28T10:33:47,photos/photo_30852@28-04-2026_10-33-47.jpg,,https://c.onlyaff.app/89xhai,"GOYARD (tarjetero) —-> 3€ 💎
15 Colores 🎨"
32993,2026-04-28T10:35:38,photos/photo_30853@28-04-2026_10-35-38.jpg,,https://c.onlyaff.app/89xg1u,"NIKE Initiator —-> 29€ 💎
18 Colores 🎨
(YepExpress)"
32994,2026-04-28T10:35:38,photos/photo_30854@28-04-2026_10-35-38.jpg,,,
32995,2026-04-28T10:35:38,photos/photo_30855@28-04-2026_10-35-38.jpg,,,
32996,2026-04-28T10:35:38,photos/photo_30856@28-04-2026_10-35-38.jpg,,,
32997,2026-04-28T10:35:38,photos/photo_30857@28-04-2026_10-35-38.jpg,,,
32998,2026-04-28T10:35:38,photos/photo_30858@28-04-2026_10-35-38.jpg,,,
32999,2026-04-28T10:35:38,photos/photo_30859@28-04-2026_10-35-38.jpg,,,
33000,2026-04-28T10:35:38,photos/photo_30860@28-04-2026_10-35-38.jpg,,,
33001,2026-04-28T10:35:38,photos/photo_30861@28-04-2026_10-35-38.jpg,,,
33002,2026-04-28T10:35:38,photos/photo_30862@28-04-2026_10-35-38.jpg,,,
33003,2026-04-28T10:38:01,photos/photo_30863@28-04-2026_10-38-01.jpg,,https://c.onlyaff.app/89xhIz,CORTEIZ —-> 14€ 💎
33004,2026-04-28T10:38:01,photos/photo_30864@28-04-2026_10-38-01.jpg,,,
33005,2026-04-28T10:38:01,photos/photo_30865@28-04-2026_10-38-01.jpg,,,
33006,2026-04-28T10:40:15,photos/photo_30866@28-04-2026_10-40-15.jpg,,https://c.onlyaff.app/89xhrZ,"THE NORTH FACE —-> 22€ 💎
Muchos Colores 🎨"
33008,2026-04-28T10:50:12,photos/photo_30867@28-04-2026_10-50-12.jpg,,https://c.onlyaff.app/89ximN,ADIDAS SL72 RS —-> 32€ 💎
33009,2026-04-28T10:50:12,photos/photo_30868@28-04-2026_10-50-12.jpg,,,
33010,2026-04-28T10:50:12,photos/photo_30869@28-04-2026_10-50-12.jpg,,,
33011,2026-04-28T10:50:12,photos/photo_30870@28-04-2026_10-50-12.jpg,,,
33012,2026-04-28T10:50:12,photos/photo_30871@28-04-2026_10-50-12.jpg,,,
33013,2026-04-28T10:50:12,photos/photo_30872@28-04-2026_10-50-12.jpg,,,
33014,2026-04-28T11:52:43,photos/photo_30873@28-04-2026_11-52-43.jpg,,https://c.onlyaff.app/8acno7,FAKE GODS —-> 16€ 💎
33015,2026-04-28T12:50:20,photos/photo_30874@28-04-2026_12-50-20.jpg,,https://c.onlyaff.app/8agwxp,"ADIDAS Adizero EVO SL —-> 25€ 💎
20 Colores 🎨"
33016,2026-04-28T13:03:58,photos/photo_30875@28-04-2026_13-03-58.jpg,,https://c.onlyaff.app/8ah2Td,"NIKE Pro —-> 7€ 💎
(YepExpress)"
33017,2026-04-28T13:19:49,photos/photo_30876@28-04-2026_13-19-49.jpg,,https://c.onlyaff.app/8ahOlL,KEEN Jasper —-> 42€ 💎
33018,2026-04-28T13:19:49,photos/photo_30877@28-04-2026_13-19-49.jpg,,,
33019,2026-04-28T13:19:49,photos/photo_30878@28-04-2026_13-19-49.jpg,,,
33020,2026-04-28T13:23:29,photos/photo_30879@28-04-2026_13-23-29.jpg,,https://c.onlyaff.app/OCZBm,"BAPE Sta —-> 33€ 💎
12 Colores 🎨"
33021,2026-04-28T13:23:29,photos/photo_30880@28-04-2026_13-23-29.jpg,,,
33022,2026-04-28T13:23:29,photos/photo_30881@28-04-2026_13-23-29.jpg,,,
33023,2026-04-28T16:05:39,photos/photo_30882@28-04-2026_16-05-39.jpg,,https://c.onlyaff.app/8asz7Y,"CARHARTT (conjunto) —-> 19€ 💎
Varios Colores 🎨"
33024,2026-04-28T16:05:39,photos/photo_30883@28-04-2026_16-05-39.jpg,,,
33025,2026-04-28T16:05:39,photos/photo_30884@28-04-2026_16-05-39.jpg,,,
33026,2026-04-28T16:37:56,photos/photo_30885@28-04-2026_16-37-56.jpg,,https://c.onlyaff.app/8auXqL,ESSENTIALS x FEAR OF GOD —-> 11€ 💎
33027,2026-04-28T17:52:28,photos/photo_30886@28-04-2026_17-52-28.jpg,,https://c.onlyaff.app/8azEVc,BIRKENSTOCK —-> 21€ 💎
33028,2026-04-28T18:03:36,photos/photo_30887@28-04-2026_18-03-36.jpg,,https://c.onlyaff.app/8aAxro,"AMIRI —-> 18€ 💎
Varios Colores 🎨"
33029,2026-04-28T19:40:50,photos/photo_30888@28-04-2026_19-40-50.jpg,,https://c.onlyaff.app/8aGLds,"NIKE Jordan 1 x TRAVIS SCOTT —-> 24€ 💎
(YepExpress)"
33030,2026-04-28T19:40:50,photos/photo_30889@28-04-2026_19-40-50.jpg,,,
33031,2026-04-28T19:40:50,photos/photo_30890@28-04-2026_19-40-50.jpg,,,
33032,2026-04-28T19:40:50,photos/photo_30891@28-04-2026_19-40-50.jpg,,,
33033,2026-04-28T19:40:50,photos/photo_30892@28-04-2026_19-40-50.jpg,,,
33034,2026-04-28T19:40:50,photos/photo_30893@28-04-2026_19-40-50.jpg,,,
33035,2026-04-28T19:40:50,photos/photo_30894@28-04-2026_19-40-50.jpg,,,
33036,2026-04-28T19:40:51,photos/photo_30895@28-04-2026_19-40-51.jpg,,,
33037,2026-04-28T20:07:06,photos/photo_30896@28-04-2026_20-07-06.jpg,,https://c.onlyaff.app/8aKtva,"ADIDAS Samba ""Burgundy"" —-> 18€ 💎"
33038,2026-04-28T21:21:06,photos/photo_30897@28-04-2026_21-21-06.jpg,,https://c.onlyaff.app/8b7v7E,ADIDAS Spezial x CP COMPANY —-> 27€ 💎
33039,2026-04-28T21:32:27,photos/photo_30898@28-04-2026_21-32-27.jpg,,https://c.onlyaff.app/8b86f1,BIRKENSTOCK —-> 26€ 💎
33040,2026-04-28T22:06:17,photos/photo_30899@28-04-2026_22-06-17.jpg,,https://c.onlyaff.app/8b9pNW,"ESSENTIALS x FEAR OF GOD (chándal completo) —-> 51€ 💎
Muchos Colores 🎨"
33042,2026-04-29T08:40:11,photos/photo_30900@29-04-2026_08-40-11.jpg,,https://c.onlyaff.app/8bdqez,"THE NORTH FACE —-> 20€ 💎
Varios Colores 🎨"
33043,2026-04-29T08:42:01,photos/photo_30901@29-04-2026_08-42-01.jpg,,https://c.onlyaff.app/8bdqtH,"ALO —-> 22€ 💎
También en Negro 🎨"
33044,2026-04-29T08:52:01,photos/photo_30902@29-04-2026_08-52-01.jpg,,https://c.onlyaff.app/8bdqQJ,"ALO (riñonera) —-> 15€ 💎
Varios Colores 🎨"
33045,2026-04-29T08:54:01,photos/photo_30903@29-04-2026_08-54-01.jpg,,https://c.onlyaff.app/8bdtjx,"YETI —-> 33€ 💎
Varios Colores 🎨"
33046,2026-04-29T08:58:01,photos/photo_30904@29-04-2026_08-58-01.jpg,,https://c.onlyaff.app/8bdxTg,"ADIDAS —-> 12€ 💎
También en Negro 🎨"
33047,2026-04-29T09:04:01,photos/photo_30905@29-04-2026_09-04-01.jpg,,https://c.onlyaff.app/8bdB9e,"ADIDAS F50 Elite —-> 30€ 💎
12 Colores 🎨"
33048,2026-04-29T09:10:11,photos/photo_30906@29-04-2026_09-10-11.jpg,,https://c.onlyaff.app/8bdz2y,"ASICS Gel NYC —-> 25€ 💎
Muchos Colores 🎨"
33049,2026-04-29T09:20:08,photos/photo_30907@29-04-2026_09-20-08.jpg,,https://c.onlyaff.app/8bdBTG,"ON CLOUD Nova Rift —-> 32€ 💎
Varios Colores 🎨"
33050,2026-04-29T09:20:08,photos/photo_30908@29-04-2026_09-20-08.jpg,,,
33051,2026-04-29T09:20:08,photos/photo_30909@29-04-2026_09-20-08.jpg,,,
33052,2026-04-29T09:42:01,photos/photo_30910@29-04-2026_09-42-01.jpg,,https://c.onlyaff.app/8bduXS,"CAROLINA HERRERA —-> 37€ 💎
Varios Colores 🎨"
33053,2026-04-29T09:48:01,photos/photo_30911@29-04-2026_09-48-01.jpg,,https://c.onlyaff.app/8bdrPA,"SAINT BARTH —-> 6€ 💎
20 Modelos 🎨"
33054,2026-04-29T09:50:13,photos/photo_30912@29-04-2026_09-50-13.jpg,,https://c.onlyaff.app/8bdsVi,"ISABEL MARANT —-> 26€ 💎
23 Colores 🎨"
33055,2026-04-29T09:56:01,photos/photo_30913@29-04-2026_09-56-01.jpg,,https://c.onlyaff.app/OILnx,"ONITSUKA TIGER —-> 24€ 💎
16 Colores 🎨"
33056,2026-04-29T09:56:01,photos/photo_30914@29-04-2026_09-56-01.jpg,,,
33057,2026-04-29T09:56:01,photos/photo_30915@29-04-2026_09-56-01.jpg,,,
33058,2026-04-29T09:56:01,photos/photo_30916@29-04-2026_09-56-01.jpg,,,
33059,2026-04-29T09:56:01,photos/photo_30917@29-04-2026_09-56-01.jpg,,,
33060,2026-04-29T09:56:02,photos/photo_30918@29-04-2026_09-56-02.jpg,,,
33061,2026-04-29T09:56:02,photos/photo_30919@29-04-2026_09-56-02.jpg,,,
33062,2026-04-29T09:56:02,photos/photo_30920@29-04-2026_09-56-02.jpg,,,
33063,2026-04-29T11:24:25,photos/photo_30921@29-04-2026_11-24-25.jpg,,https://c.onlyaff.app/8bONOC,AMIRI —-> 18€ 💎
33064,2026-04-29T11:26:24,photos/photo_30922@29-04-2026_11-26-24.jpg,,https://c.onlyaff.app/OMuzc,"AMIRI —-> 9€ 💎
Varios Colores 🎨"
33065,2026-04-29T11:26:25,photos/photo_30923@29-04-2026_11-26-25.jpg,,,
33066,2026-04-29T11:26:25,photos/photo_30924@29-04-2026_11-26-25.jpg,,,
33067,2026-04-29T11:30:43,photos/photo_30925@29-04-2026_11-30-43.jpg,,https://c.onlyaff.app/8bPiP1,"DYSON —-> 33€ 💎
Muchos Colores y También la Maleta 🎨"
33068,2026-04-29T11:30:43,photos/photo_30926@29-04-2026_11-30-43.jpg,,,
33069,2026-04-29T11:30:43,photos/photo_30927@29-04-2026_11-30-43.jpg,,,
33070,2026-04-29T16:15:17,photos/photo_30928@29-04-2026_16-15-17.jpg,,https://c.onlyaff.app/8c9oW5,ADIDAS Real Madrid 26/27 —-> 13€ 💎
33071,2026-04-29T16:15:17,photos/photo_30929@29-04-2026_16-15-17.jpg,,,
33072,2026-04-29T16:15:17,photos/photo_30930@29-04-2026_16-15-17.jpg,,,
33073,2026-04-29T16:16:52,photos/photo_30931@29-04-2026_16-16-52.jpg,,https://c.onlyaff.app/8c9uBj,AIME LEON DORE —-> 19€ 💎
33074,2026-04-29T16:16:52,photos/photo_30932@29-04-2026_16-16-52.jpg,,,
33075,2026-04-29T16:16:52,photos/photo_30933@29-04-2026_16-16-52.jpg,,,
33076,2026-04-29T16:19:20,photos/photo_30934@29-04-2026_16-19-20.jpg,,https://c.onlyaff.app/8c9z8K,STUSSY —-> 8€ 💎
33077,2026-04-29T16:22:46,photos/photo_30935@29-04-2026_16-22-46.jpg,,https://c.onlyaff.app/8c9OUH,"WAVE Nautilus —-> 7€ 💎
Muchos Colores 🎨"
33081,2026-04-29T17:11:16,photos/photo_30936@29-04-2026_17-11-16.jpg,,https://c.onlyaff.app/8ccIef,ADIDAS SL72 —-> 28€ 💎
33082,2026-04-29T17:11:17,photos/photo_30937@29-04-2026_17-11-17.jpg,,,
33083,2026-04-29T17:11:17,photos/photo_30938@29-04-2026_17-11-17.jpg,,,
33084,2026-04-29T17:28:46,photos/photo_30939@29-04-2026_17-28-46.jpg,,https://c.onlyaff.app/8cdb1n,"NIKE Zoom Vomero Plus —-> 35€ 💎
30 Colores 🎨
(YepExpress)"
33085,2026-04-29T17:28:47,photos/photo_30940@29-04-2026_17-28-47.jpg,,,
33086,2026-04-29T17:28:47,photos/photo_30941@29-04-2026_17-28-47.jpg,,,
33087,2026-04-29T18:45:19,photos/photo_30942@29-04-2026_18-45-19.jpg,,https://c.onlyaff.app/8chNow,POLO RALPH LAUREN (bañador) —-> 19€ 💎
33088,2026-04-29T18:47:06,photos/photo_30943@29-04-2026_18-47-06.jpg,,https://c.onlyaff.app/8chTqq,"AMI PARIS (vestido) —-> 26€ 💎
También en Verde 🎨"
33089,2026-04-29T18:47:06,photos/photo_30944@29-04-2026_18-47-06.jpg,,,
33090,2026-04-29T18:47:06,photos/photo_30945@29-04-2026_18-47-06.jpg,,,
33091,2026-04-29T18:48:16,photos/photo_30946@29-04-2026_18-48-16.jpg,,https://c.onlyaff.app/8chYke,"CORTEIZ (conjunto) —-> 36€ 💎
También en Gris 🎨"
33092,2026-04-29T19:18:46,photos/photo_30947@29-04-2026_19-18-46.jpg,,https://c.onlyaff.app/8cBiIU,"BIRKENSTOCK —-> 24€ 💎
22 Colores 🎨"
33093,2026-04-29T20:35:20,photos/photo_30948@29-04-2026_20-35-20.jpg,,https://c.onlyaff.app/8cBXIx,"CONVERSE —-> 25€ 💎
También en Blanco y Bajas 🎨"
33094,2026-04-29T20:36:59,photos/photo_30949@29-04-2026_20-36-59.jpg,,https://c.onlyaff.app/8cCFHC,"CONVERSE —-> 29€ 💎
También en Blanco y Bajas 🎨"
33095,2026-04-29T20:42:20,photos/photo_30950@29-04-2026_20-42-20.jpg,,https://c.onlyaff.app/OREgE,"NIKE Air Max 95 x CENTRAL CEE —-> 32€ 💎
23 Colores 🎨
(YepExpress)"
33096,2026-04-29T20:43:52,photos/photo_30951@29-04-2026_20-43-52.jpg,,https://c.onlyaff.app/8cFsOq,"CONVERSE —-> 20€ 💎
También las bajas 🎨"
33097,2026-04-29T20:43:52,photos/photo_30952@29-04-2026_20-43-52.jpg,,,
33098,2026-04-29T20:43:52,photos/photo_30953@29-04-2026_20-43-52.jpg,,,
33099,2026-04-29T20:43:52,photos/photo_30954@29-04-2026_20-43-52.jpg,,,
33100,2026-04-29T20:43:52,photos/photo_30955@29-04-2026_20-43-52.jpg,,,
33101,2026-04-29T20:47:06,photos/photo_30956@29-04-2026_20-47-06.jpg,,https://c.onlyaff.app/8cGMRq,"AMIRI —-> 8€ 💎
También en Blanco 🎨"
33102,2026-04-29T20:48:30,photos/photo_30957@29-04-2026_20-48-30.jpg,,https://c.onlyaff.app/8cHuOS,"NUDE PROJECT —-> 8€ 💎
Varios Colores 🎨
🚨 Se agota muy rápido 💨"
33103,2026-04-29T20:54:39,photos/photo_30958@29-04-2026_20-54-39.jpg,,https://c.onlyaff.app/8cKdM2,ALO —-> 9€ 💎
33104,2026-04-29T20:54:39,photos/photo_30959@29-04-2026_20-54-39.jpg,,,
33105,2026-04-29T20:54:39,photos/photo_30960@29-04-2026_20-54-39.jpg,,,
33106,2026-04-29T20:54:39,photos/photo_30961@29-04-2026_20-54-39.jpg,,,
33107,2026-04-29T20:54:39,photos/photo_30962@29-04-2026_20-54-39.jpg,,,
33108,2026-04-29T20:54:39,photos/photo_30963@29-04-2026_20-54-39.jpg,,,
33109,2026-04-29T20:54:39,photos/photo_30964@29-04-2026_20-54-39.jpg,,,
33110,2026-04-29T20:54:40,photos/photo_30965@29-04-2026_20-54-40.jpg,,,
33111,2026-04-29T20:54:40,photos/photo_30966@29-04-2026_20-54-40.jpg,,,
33112,2026-04-29T21:10:57,photos/photo_30967@29-04-2026_21-10-57.jpg,,https://c.onlyaff.app/8cO5wk,"ALO —-> 8€ 💎
Varios Colores 🎨"
33113,2026-04-29T21:12:44,photos/photo_30968@29-04-2026_21-12-44.jpg,,https://c.onlyaff.app/8cOhOq,"ALO —-> 9€ 💎
Muchos Colores 🎨"
33114,2026-04-29T21:20:36,photos/photo_30969@29-04-2026_21-20-36.jpg,,https://c.onlyaff.app/8cONEP,PATAGONIA —-> 5€ 💎
33115,2026-04-29T21:20:37,photos/photo_30970@29-04-2026_21-20-37.jpg,,,
33116,2026-04-29T21:20:37,photos/photo_30971@29-04-2026_21-20-37.jpg,,,
33117,2026-04-29T21:20:37,photos/photo_30972@29-04-2026_21-20-37.jpg,,,
33118,2026-04-29T21:20:37,photos/photo_30973@29-04-2026_21-20-37.jpg,,,
33119,2026-04-29T21:20:37,photos/photo_30974@29-04-2026_21-20-37.jpg,,,
33120,2026-04-29T21:20:37,photos/photo_30975@29-04-2026_21-20-37.jpg,,,
33121,2026-04-29T21:20:37,photos/photo_30976@29-04-2026_21-20-37.jpg,,,
33122,2026-04-29T21:23:26,photos/photo_30977@29-04-2026_21-23-26.jpg,,https://c.onlyaff.app/8cOY0W,PATAGONIA —-> 8€ 💎
33123,2026-04-29T21:48:06,photos/photo_30978@29-04-2026_21-48-06.jpg,,https://c.onlyaff.app/8cPSbz,ADIDAS Gazelle x BAD BUNNY —-> 27€ 💎
33124,2026-04-29T21:48:06,photos/photo_30979@29-04-2026_21-48-06.jpg,,,
33125,2026-04-29T21:48:06,photos/photo_30980@29-04-2026_21-48-06.jpg,,,
33126,2026-04-29T22:24:23,photos/photo_30981@29-04-2026_22-24-23.jpg,,https://c.onlyaff.app/8cR5qJ,GALLERY DEPT —-> 23€ 💎
33127,2026-04-29T22:24:23,photos/photo_30982@29-04-2026_22-24-23.jpg,,,
33128,2026-04-29T22:24:23,photos/photo_30983@29-04-2026_22-24-23.jpg,,,
33129,2026-04-29T22:26:56,photos/photo_30984@29-04-2026_22-26-56.jpg,,https://c.onlyaff.app/8cRaY8,"YEEZY 350v2 —-> 20€ 💎
24 Colores 🎨"
33130,2026-04-29T22:31:37,photos/photo_30985@29-04-2026_22-31-37.jpg,,https://c.onlyaff.app/8cRllY,GUESS —-> 22€ 💎
33131,2026-04-29T22:33:38,photos/photo_30986@29-04-2026_22-33-38.jpg,,https://c.onlyaff.app/8cRrAB,GUESS (pack 3) —-> 6€ 💎
33132,2026-04-29T22:42:46,photos/photo_30987@29-04-2026_22-42-46.jpg,,https://c.onlyaff.app/8cRZ0j,"MONCLER —-> 14€ 💎
Varios Colores 🎨"
33134,2026-04-30T08:46:01,photos/photo_30988@30-04-2026_08-46-01.jpg,,https://c.onlyaff.app/8cSUX3,"VEJA Rio —-> 30€ 💎
Muchos Colores 🎨"
33135,2026-04-30T09:10:11,photos/photo_30989@30-04-2026_09-10-11.jpg,,https://c.onlyaff.app/8cT1dO,"ADIDAS Adistar C.Rdy —-> 36€ 💎
Muchos Colores 🎨"
33136,2026-04-30T09:10:11,photos/photo_30990@30-04-2026_09-10-11.jpg,,,
33137,2026-04-30T09:10:11,photos/photo_30991@30-04-2026_09-10-11.jpg,,,
33138,2026-04-30T09:24:01,photos/photo_30992@30-04-2026_09-24-01.jpg,,https://c.onlyaff.app/8cTbXX,"NEW BALANCE 530 —-> 19€ 💎
Muchos Colores 🎨
(YepExpress)"
33139,2026-04-30T10:55:37,photos/photo_30993@30-04-2026_10-55-37.jpg,,https://c.onlyaff.app/8drvHz,"POLO RALPH LAUREN —-> 7€ 💎
Varios Modelos 🎨"
33140,2026-04-30T11:07:57,photos/photo_30994@30-04-2026_11-07-57.jpg,,https://c.onlyaff.app/8dvNHq,"MAISON MARGIELA —-> 37€ 💎
También en Azul 🎨"
33141,2026-04-30T11:07:57,photos/photo_30995@30-04-2026_11-07-57.jpg,,,
33142,2026-04-30T11:07:57,photos/photo_30996@30-04-2026_11-07-57.jpg,,,
33143,2026-04-30T11:07:57,photos/photo_30997@30-04-2026_11-07-57.jpg,,,
33144,2026-04-30T11:30:23,photos/photo_30998@30-04-2026_11-30-23.jpg,,https://c.onlyaff.app/8dxzlR,"POLO RALPH LAUREN —-> 36€ 💎
Varios Colores 🎨"
33145,2026-04-30T14:09:44,photos/photo_30999@30-04-2026_14-09-44.jpg,,https://c.onlyaff.app/8dHp3N,CORTEIZ —-> 36€ 💎
33146,2026-04-30T16:15:26,photos/photo_31000@30-04-2026_16-15-26.jpg,,https://c.onlyaff.app/8dOZC1,"POLO RALPH LAUREN —-> 12€ 💎
También con Botones 🎨"
33147,2026-04-30T16:23:27,photos/photo_31001@30-04-2026_16-23-27.jpg,,https://c.onlyaff.app/8dPnt8,AIME LEON DORE —-> 7€ 💎
33148,2026-04-30T16:24:29,photos/photo_31002@30-04-2026_16-24-29.jpg,,https://c.onlyaff.app/8b9FB0,BIRKENSTOCK —-> 31€💎
33149,2026-04-30T17:30:03,photos/photo_31003@30-04-2026_17-30-03.jpg,,https://c.onlyaff.app/89ugEe,MIU MIU —-> 14€ 💎
33150,2026-04-30T17:54:46,photos/photo_31004@30-04-2026_17-54-46.jpg,,https://c.onlyaff.app/8dUi5J,"ASICS Gel  1090 —-> 31€ 💎
Muchos Colores 🎨
(Fotos realizadas por mi) 📸"
33151,2026-04-30T17:54:46,photos/photo_31005@30-04-2026_17-54-46.jpg,,,
33152,2026-04-30T17:54:46,photos/photo_31006@30-04-2026_17-54-46.jpg,,,
33153,2026-04-30T20:00:14,photos/photo_31007@30-04-2026_20-00-14.jpg,,https://c.onlyaff.app/OZVh6,"NIKE Comfort Ride —-> 33€ 💎
🚨 Se agotan muy rápido 💨"
33154,2026-04-30T20:00:14,photos/photo_31008@30-04-2026_20-00-14.jpg,,,
33155,2026-04-30T20:00:14,photos/photo_31009@30-04-2026_20-00-14.jpg,,,
33156,2026-04-30T20:00:14,photos/photo_31010@30-04-2026_20-00-14.jpg,,,
33157,2026-04-30T20:00:14,photos/photo_31011@30-04-2026_20-00-14.jpg,,,
33158,2026-04-30T20:00:14,photos/photo_31012@30-04-2026_20-00-14.jpg,,,
33159,2026-04-30T20:58:44,photos/photo_31013@30-04-2026_20-58-44.jpg,,https://c.onlyaff.app/8el9Er,STUSSY —-> 25€ 💎
33160,2026-04-30T21:23:13,photos/photo_31014@30-04-2026_21-23-13.jpg,,https://c.onlyaff.app/8enQ7z,AMI PARIS —-> 23€ 💎
33161,2026-04-30T21:23:13,photos/photo_31015@30-04-2026_21-23-13.jpg,,,
33162,2026-04-30T21:23:14,photos/photo_31016@30-04-2026_21-23-14.jpg,,,
33163,2026-04-30T21:25:17,photos/photo_31017@30-04-2026_21-25-17.jpg,,https://c.onlyaff.app/P2ojI,CORTEIZ —-> 21€ 💎
33164,2026-04-30T21:26:15,photos/photo_31018@30-04-2026_21-26-15.jpg,,https://c.onlyaff.app/8enXSW,CORTEIZ —-> 15€ 💎
33165,2026-04-30T21:29:20,photos/photo_31019@30-04-2026_21-29-20.jpg,,https://c.onlyaff.app/8eo41d,ADIDAS Spezial —-> 20€ 💎
33166,2026-04-30T21:29:20,photos/photo_31020@30-04-2026_21-29-20.jpg,,,
33167,2026-04-30T21:29:20,photos/photo_31021@30-04-2026_21-29-20.jpg,,,
33168,2026-04-30T21:29:20,photos/photo_31022@30-04-2026_21-29-20.jpg,,,
33169,2026-04-30T21:29:20,photos/photo_31023@30-04-2026_21-29-20.jpg,,,
33170,2026-04-30T21:29:20,photos/photo_31024@30-04-2026_21-29-20.jpg,,,
33171,2026-04-30T21:29:20,photos/photo_31025@30-04-2026_21-29-20.jpg,,,
33172,2026-04-30T21:29:20,photos/photo_31026@30-04-2026_21-29-20.jpg,,,
33173,2026-04-30T21:29:20,photos/photo_31027@30-04-2026_21-29-20.jpg,,,
33175,2026-05-01T09:02:42,photos/photo_31028@01-05-2026_09-02-42.jpg,,https://c.onlyaff.app/8ety6R,STUSSY —-> 16€ 💎
33176,2026-05-01T09:04:01,photos/photo_31029@01-05-2026_09-04-01.jpg,,https://c.onlyaff.app/8etAi9,CASA BLANCA (conjunto) —-> 33€ 💎
33177,2026-05-01T09:10:08,photos/photo_31030@01-05-2026_09-10-08.jpg,,https://c.onlyaff.app/8etvO4,"ESSENTIALS x FEAR OF GOD (conjunto) —-> 16€ 💎
12 Colores 🎨"
33178,2026-05-01T10:04:05,photos/photo_31031@01-05-2026_10-04-05.jpg,,https://c.onlyaff.app/8eErkS,"BOSE Ultra —-> 20€ 💎
También en Negro 🎨"
33179,2026-05-01T13:18:12,photos/photo_31032@01-05-2026_13-18-12.jpg,,https://c.onlyaff.app/8fajiV,POLO RALPH LAUREN (unidad)—-> 3€ 💎
33180,2026-05-01T13:22:06,photos/photo_31033@01-05-2026_13-22-06.jpg,,https://c.onlyaff.app/8faARq,ASICS Gel NYC Utility —-> 33€ 💎
33181,2026-05-01T13:22:06,photos/photo_31034@01-05-2026_13-22-06.jpg,,,
33182,2026-05-01T13:22:06,photos/photo_31035@01-05-2026_13-22-06.jpg,,,
33183,2026-05-01T17:13:32,photos/photo_31036@01-05-2026_17-13-32.jpg,,https://c.onlyaff.app/8flymi,"VANS UltraRange Neo VR3 —-> 32€ 💎
14 Colores 🎨"
33184,2026-05-01T17:13:32,photos/photo_31037@01-05-2026_17-13-32.jpg,,,
33185,2026-05-01T17:13:32,photos/photo_31038@01-05-2026_17-13-32.jpg,,,
33186,2026-05-01T17:13:32,photos/photo_31039@01-05-2026_17-13-32.jpg,,,
33187,2026-05-01T17:13:32,photos/photo_31040@01-05-2026_17-13-32.jpg,,,
33188,2026-05-01T17:13:32,photos/photo_31041@01-05-2026_17-13-32.jpg,,,
33189,2026-05-01T17:13:32,photos/photo_31042@01-05-2026_17-13-32.jpg,,,
33191,2026-05-01T17:13:32,photos/photo_31043@01-05-2026_17-13-32.jpg,,,
33192,2026-05-01T17:13:32,photos/photo_31044@01-05-2026_17-13-32.jpg,,,
33193,2026-05-01T18:22:18,photos/photo_31045@01-05-2026_18-22-18.jpg,,https://c.onlyaff.app/8foAdK,FAKE GODS —-> 35€ 💎
33194,2026-05-01T18:24:03,photos/photo_31046@01-05-2026_18-24-03.jpg,,https://c.onlyaff.app/8foEkD,"POLO RALPH LAUREN (bañador) —-> 7€ 💎
Muchos Colores 🎨"
33195,2026-05-01T18:50:11,photos/photo_31047@01-05-2026_18-50-11.jpg,,https://c.onlyaff.app/8fpqO3,"CARHARTT (conjunto) —-> 39€ 💎
Muchos Colores 🎨"
33196,2026-05-01T18:52:14,photos/photo_31048@01-05-2026_18-52-14.jpg,,https://c.onlyaff.app/8fpH8V,TRAPSTAR (chándal completo) —-> 58€ 💎
33197,2026-05-01T18:54:37,photos/photo_31049@01-05-2026_18-54-37.jpg,,https://c.onlyaff.app/8fpQyw,"ADIDAS España Mundial 2026 —-> 16€ 💎
Muchos Dorsales 🎨"
33198,2026-05-01T18:54:37,photos/photo_31050@01-05-2026_18-54-37.jpg,,,
33199,2026-05-01T18:54:37,photos/photo_31051@01-05-2026_18-54-37.jpg,,,
33200,2026-05-01T19:07:10,photos/photo_31052@01-05-2026_19-07-10.jpg,,https://c.onlyaff.app/8fqxFW,APPLE Watch Ultra 2 —-> 32€ 💎
33201,2026-05-01T19:08:24,photos/photo_31053@01-05-2026_19-08-24.jpg,,https://c.onlyaff.app/8fqDr9,ALO (bordado) —-> 5€ 💎
33202,2026-05-01T19:09:40,photos/photo_31054@01-05-2026_19-09-40.jpg,,https://c.onlyaff.app/8fqGH5,MARSHALL Emberton —-> 21€ 💎
33203,2026-05-01T19:13:30,photos/photo_31055@01-05-2026_19-13-30.jpg,,https://c.onlyaff.app/8fqTHP,"ADIDAS SL72 —-> 28€ 💎
18 Colores 🎨"
33204,2026-05-01T19:13:30,photos/photo_31056@01-05-2026_19-13-30.jpg,,,
33205,2026-05-01T19:13:30,photos/photo_31057@01-05-2026_19-13-30.jpg,,,
33206,2026-05-01T19:13:30,photos/photo_31058@01-05-2026_19-13-30.jpg,,,
33207,2026-05-01T19:13:30,photos/photo_31059@01-05-2026_19-13-30.jpg,,,
33208,2026-05-01T19:13:30,photos/photo_31060@01-05-2026_19-13-30.jpg,,,
33209,2026-05-01T19:13:31,photos/photo_31061@01-05-2026_19-13-31.jpg,,,
33210,2026-05-01T19:13:31,photos/photo_31062@01-05-2026_19-13-31.jpg,,,
33211,2026-05-01T19:13:31,photos/photo_31063@01-05-2026_19-13-31.jpg,,,
33212,2026-05-01T19:23:01,photos/photo_31064@01-05-2026_19-23-01.jpg,,https://c.onlyaff.app/P2EkL,ALO (pack 5) —-> 10€ 💎
33213,2026-05-01T20:40:17,photos/photo_31065@01-05-2026_20-40-17.jpg,,https://c.onlyaff.app/8fIQ6K,STONE ISLAND —-> 8€ 💎
33214,2026-05-01T20:41:34,photos/photo_31066@01-05-2026_20-41-34.jpg,,https://c.onlyaff.app/PaJp1,ADIDAS Response CL x BAD BUNNY —-> 38€ 💎
33215,2026-05-01T20:41:34,photos/photo_31067@01-05-2026_20-41-34.jpg,,,
33216,2026-05-01T20:41:34,photos/photo_31068@01-05-2026_20-41-34.jpg,,,
33217,2026-05-01T20:41:35,photos/photo_31069@01-05-2026_20-41-35.jpg,,,
33218,2026-05-01T22:25:53,photos/photo_31070@01-05-2026_22-25-53.jpg,,https://c.onlyaff.app/8fWc1O,"CARHARTT (conjunto) —-> 39€ 💎
Varios Colores 🎨"
33221,2026-05-02T09:35:29,photos/photo_31071@02-05-2026_09-35-29.jpg,,https://c.onlyaff.app/8g3L7P,COACH —-> 6€ 💎
33222,2026-05-02T10:26:51,photos/photo_31072@02-05-2026_10-26-51.jpg,,https://c.onlyaff.app/8gegvS,ADIDAS Adizero EVO SL —-> 21€ 💎
33223,2026-05-02T10:26:51,photos/photo_31073@02-05-2026_10-26-51.jpg,,,
33224,2026-05-02T10:26:51,photos/photo_31074@02-05-2026_10-26-51.jpg,,,
33225,2026-05-02T10:26:51,photos/photo_31075@02-05-2026_10-26-51.jpg,,,
33226,2026-05-02T10:26:51,photos/photo_31076@02-05-2026_10-26-51.jpg,,,
33227,2026-05-02T10:26:51,photos/photo_31077@02-05-2026_10-26-51.jpg,,,
33228,2026-05-02T12:04:30,photos/photo_31078@02-05-2026_12-04-30.jpg,,https://c.onlyaff.app/Pfxyg,"ADIDAS Jeans —-> 23€ 💎
Varios Colores 🎨"
33229,2026-05-02T13:59:23,photos/photo_31079@02-05-2026_13-59-23.jpg,,https://c.onlyaff.app/8gBg6W,"ADIDAS Bélgica Mundial 2026 —-> 16€ 💎
Muchos Dorsales 🎨"
33230,2026-05-02T13:59:23,photos/photo_31080@02-05-2026_13-59-23.jpg,,,
33231,2026-05-02T13:59:24,photos/photo_31081@02-05-2026_13-59-24.jpg,,,
33232,2026-05-02T14:06:04,photos/photo_31082@02-05-2026_14-06-04.jpg,,https://c.onlyaff.app/8gBBLW,"CORTEIZ (conjunto) —-> 20€ 💎
Varios Colores 🎨"
33233,2026-05-02T14:06:55,photos/photo_31083@02-05-2026_14-06-55.jpg,,https://c.onlyaff.app/8gBGNV,AMIRI —-> 8€ 💎
33234,2026-05-02T14:15:07,photos/photo_31084@02-05-2026_14-15-07.jpg,,https://c.onlyaff.app/8gCdUf,"SAUCONY Progrid Omni 9 —-> 35€ 💎
26 Colores 🎨"
33235,2026-05-02T14:15:07,photos/photo_31085@02-05-2026_14-15-07.jpg,,,
33236,2026-05-02T14:15:07,photos/photo_31086@02-05-2026_14-15-07.jpg,,,
33237,2026-05-02T14:15:08,photos/photo_31087@02-05-2026_14-15-08.jpg,,,
33238,2026-05-02T14:15:08,photos/photo_31088@02-05-2026_14-15-08.jpg,,,
33239,2026-05-02T14:15:08,photos/photo_31089@02-05-2026_14-15-08.jpg,,,
33240,2026-05-02T14:15:08,photos/photo_31090@02-05-2026_14-15-08.jpg,,,
33241,2026-05-02T14:15:08,photos/photo_31091@02-05-2026_14-15-08.jpg,,,
33242,2026-05-02T14:17:14,photos/photo_31092@02-05-2026_14-17-14.jpg,,https://c.onlyaff.app/8gCkcQ,"ON CLOUD Tilt —-> 29€ 💎
Muchos Colores 🎨"
33243,2026-05-02T14:17:14,photos/photo_31093@02-05-2026_14-17-14.jpg,,,
33244,2026-05-02T14:17:14,photos/photo_31094@02-05-2026_14-17-14.jpg,,,
33245,2026-05-02T14:17:14,photos/photo_31095@02-05-2026_14-17-14.jpg,,,
33246,2026-05-02T14:17:14,photos/photo_31096@02-05-2026_14-17-14.jpg,,,
33247,2026-05-02T14:17:14,photos/photo_31097@02-05-2026_14-17-14.jpg,,,
33248,2026-05-02T14:17:14,photos/photo_31098@02-05-2026_14-17-14.jpg,,,
33249,2026-05-02T14:17:14,photos/photo_31099@02-05-2026_14-17-14.jpg,,,
33250,2026-05-02T15:56:55,photos/photo_31100@02-05-2026_15-56-55.jpg,,https://c.onlyaff.app/8gJ0LA,"THE NORTH FACE (conjunto) —-> 16€ 💎
Muchos Colores 🎨"
33251,2026-05-02T16:00:26,photos/photo_31101@02-05-2026_16-00-26.jpg,,https://c.onlyaff.app/8gJ9kH,"NEW BALANCE 2002R —-> 30€ 💎
22 Colores 🎨
(YepExpress)"
33252,2026-05-02T16:00:26,photos/photo_31102@02-05-2026_16-00-26.jpg,,,
33253,2026-05-02T16:00:26,photos/photo_31103@02-05-2026_16-00-26.jpg,,,
33254,2026-05-02T16:00:26,photos/photo_31104@02-05-2026_16-00-26.jpg,,,
33255,2026-05-02T16:00:26,photos/photo_31105@02-05-2026_16-00-26.jpg,,,
33256,2026-05-02T16:00:26,photos/photo_31106@02-05-2026_16-00-26.jpg,,,
33257,2026-05-02T16:00:26,photos/photo_31107@02-05-2026_16-00-26.jpg,,,
33258,2026-05-02T16:00:26,photos/photo_31108@02-05-2026_16-00-26.jpg,,,
33260,2026-05-02T16:18:06,photos/photo_31109@02-05-2026_16-18-06.jpg,,https://c.onlyaff.app/8gJQrP,"ALO —-> 20€ 💎
Muchos Colores 🎨"
33261,2026-05-02T16:50:03,photos/photo_31110@02-05-2026_16-50-03.jpg,,https://c.onlyaff.app/8gLrRN,RAYBAN —-> 11€ 💎
33262,2026-05-02T16:57:46,photos/photo_31111@02-05-2026_16-57-46.jpg,,https://c.onlyaff.app/8gLRBx,PALM ANGELS —-> 12€ 💎
33263,2026-05-02T16:57:46,photos/photo_31112@02-05-2026_16-57-46.jpg,,,
33264,2026-05-02T16:57:46,photos/photo_31113@02-05-2026_16-57-46.jpg,,,
33265,2026-05-02T17:00:58,photos/photo_31114@02-05-2026_17-00-58.jpg,,https://c.onlyaff.app/8gM45b,MIU MIU —-> 11€ 💎
33266,2026-05-02T17:02:21,photos/photo_31115@02-05-2026_17-02-21.jpg,,https://c.onlyaff.app/PhdrR,"ASICS Gel GT2160 —-> 32€ 💎
Varios Colores 🎨"
33267,2026-05-02T17:20:22,photos/photo_31116@02-05-2026_17-20-22.jpg,,https://c.onlyaff.app/8gNmLY,"GOYARD —-> 25€ 💎
Muchos Colores 🎨"
33268,2026-05-02T20:09:44,photos/photo_31117@02-05-2026_20-09-44.jpg,,https://c.onlyaff.app/Pimxo,"ADIDAS Supernova Rise 3 —-> 32€ 💎
Muchos Colores 🎨"
33269,2026-05-02T21:11:27,photos/photo_31118@02-05-2026_21-11-27.jpg,,https://c.onlyaff.app/Pkrpa,"ALEXANDER MCQUEEN —-> 26€ 💎
15 Colores 🎨"
33278,2026-05-02T21:18:26,photos/photo_31119@02-05-2026_21-18-26.jpg,,https://c.onlyaff.app/8hiFmU,ADIDAS Campus —-> 21€ 💎
33279,2026-05-02T21:18:26,photos/photo_31120@02-05-2026_21-18-26.jpg,,,
33280,2026-05-02T21:18:26,photos/photo_31121@02-05-2026_21-18-26.jpg,,,
33281,2026-05-02T21:18:26,photos/photo_31122@02-05-2026_21-18-26.jpg,,,
33282,2026-05-02T21:18:26,photos/photo_31123@02-05-2026_21-18-26.jpg,,,
33283,2026-05-02T21:18:26,photos/photo_31124@02-05-2026_21-18-26.jpg,,,
33284,2026-05-02T21:18:26,photos/photo_31125@02-05-2026_21-18-26.jpg,,,
33285,2026-05-02T21:18:26,photos/photo_31126@02-05-2026_21-18-26.jpg,,,
33286,2026-05-02T21:25:54,photos/photo_31127@02-05-2026_21-25-54.jpg,,https://c.onlyaff.app/8hjbvo,BIRKENSTOCK —-> 25€ 💎
33287,2026-05-02T21:32:22,photos/photo_31128@02-05-2026_21-32-22.jpg,,https://c.onlyaff.app/8hjz5e,ESSENTIALS x FEAR OF GOD (bañador) —-> 16€ 💎
33288,2026-05-02T22:14:00,photos/photo_31129@02-05-2026_22-14-00.jpg,,https://c.onlyaff.app/8hmsrL,"BIRKENSTOCK —-> 21€ 💎
Varios Colores 🎨"
33289,2026-05-02T22:14:00,photos/photo_31130@02-05-2026_22-14-00.jpg,,,
33290,2026-05-02T22:14:00,photos/photo_31131@02-05-2026_22-14-00.jpg,,,
33291,2026-05-02T22:33:49,photos/photo_31132@02-05-2026_22-33-49.jpg,,https://c.onlyaff.app/8hn4yY,"ADIDAS Spezial —-> 29€ 💎
8 Nuevos Colores 🎨"
33293,2026-05-03T08:52:01,photos/photo_31133@03-05-2026_08-52-01.jpg,,https://c.onlyaff.app/8hokkr,CARHARTT —-> 24€ 💎
33294,2026-05-03T09:03:03,photos/photo_31134@03-05-2026_09-03-03.jpg,,https://c.onlyaff.app/8hoEfV,CARHARTT —-> 18€ 💎
33295,2026-05-03T09:06:01,photos/photo_31135@03-05-2026_09-06-01.jpg,,https://c.onlyaff.app/8hqc3C,CORTEIZ —-> 7€ 💎
33296,2026-05-03T09:08:01,photos/photo_31136@03-05-2026_09-08-01.jpg,,https://c.onlyaff.app/8hqcl4,POLO RALPH LAUREN —-> 7€ 💎
33297,2026-05-03T09:16:01,photos/photo_31137@03-05-2026_09-16-01.jpg,,https://c.onlyaff.app/8hpXcR,"ADIDAS Samba —-> 15€ 💎
Precio Irresistible 🤯"
33298,2026-05-03T09:16:01,photos/photo_31138@03-05-2026_09-16-01.jpg,,,
33299,2026-05-03T09:16:01,photos/photo_31139@03-05-2026_09-16-01.jpg,,,
33300,2026-05-03T09:16:01,photos/photo_31140@03-05-2026_09-16-01.jpg,,,
33301,2026-05-03T09:16:01,photos/photo_31141@03-05-2026_09-16-01.jpg,,,
33302,2026-05-03T09:16:01,photos/photo_31142@03-05-2026_09-16-01.jpg,,,
33303,2026-05-03T09:16:01,photos/photo_31143@03-05-2026_09-16-01.jpg,,,
33304,2026-05-03T09:16:01,photos/photo_31144@03-05-2026_09-16-01.jpg,,,
33305,2026-05-03T09:36:01,photos/photo_31145@03-05-2026_09-36-01.jpg,,https://c.onlyaff.app/8hqcZi,"STANLEY —-> 20€ 💎
Muchos Colores 🎨
Muy recomendada, retiene tanto el calor como el frío ✅
(Fotos realizadas por mi) 📸"
33306,2026-05-03T09:36:01,photos/photo_31146@03-05-2026_09-36-01.jpg,,,
33307,2026-05-03T09:36:01,photos/photo_31147@03-05-2026_09-36-01.jpg,,,
33308,2026-05-03T09:36:01,photos/photo_31148@03-05-2026_09-36-01.jpg,,,
33309,2026-05-03T11:59:52,photos/photo_31149@03-05-2026_11-59-52.jpg,,https://c.onlyaff.app/8i0AyO,CARHARTT —-> 34€ 💎
33310,2026-05-03T12:02:24,photos/photo_31150@03-05-2026_12-02-24.jpg,,https://c.onlyaff.app/8i0HuI,"VEJA Rio —-> 27€ 💎
11 Colores 🎨"
33311,2026-05-03T13:12:06,photos/photo_31151@03-05-2026_13-12-06.jpg,,https://c.onlyaff.app/8i4oHQ,JACQUEMUS —-> 21€ 💎
33312,2026-05-03T13:15:51,photos/photo_31152@03-05-2026_13-15-51.jpg,,https://c.onlyaff.app/8i4rTN,JACQUEMUS (conjunto) ——> 21€ 💎
33313,2026-05-03T13:15:51,photos/photo_31153@03-05-2026_13-15-51.jpg,,,
33314,2026-05-03T13:15:51,photos/photo_31154@03-05-2026_13-15-51.jpg,,,
33315,2026-05-03T15:46:05,photos/photo_31155@03-05-2026_15-46-05.jpg,,https://c.onlyaff.app/8iczHj,"NIKE Shox —-> 39€ 💎
19 Modelos 🎨
(YepExpress)"
33316,2026-05-03T15:46:05,photos/photo_31156@03-05-2026_15-46-05.jpg,,,
33317,2026-05-03T15:46:05,photos/photo_31157@03-05-2026_15-46-05.jpg,,,
33318,2026-05-03T15:46:06,photos/photo_31158@03-05-2026_15-46-06.jpg,,,
33319,2026-05-03T15:46:06,photos/photo_31159@03-05-2026_15-46-06.jpg,,,
33320,2026-05-03T15:46:06,photos/photo_31160@03-05-2026_15-46-06.jpg,,,
33321,2026-05-03T15:46:06,photos/photo_31161@03-05-2026_15-46-06.jpg,,,
33322,2026-05-03T15:46:06,photos/photo_31162@03-05-2026_15-46-06.jpg,,,
33323,2026-05-03T15:46:06,photos/photo_31163@03-05-2026_15-46-06.jpg,,,
33324,2026-05-03T16:58:06,photos/photo_31164@03-05-2026_16-58-06.jpg,,https://c.onlyaff.app/8ifL1Y,AMIRI (conjunto) —-> 48€ 💎
33325,2026-05-03T16:58:47,photos/photo_31165@03-05-2026_16-58-47.jpg,,https://c.onlyaff.app/8ifQ58,AMIRI (conjunto) —-> 48€ 💎
33326,2026-05-03T17:00:42,photos/photo_31166@03-05-2026_17-00-42.jpg,,https://c.onlyaff.app/8ifXsw,POLO RALPH LAUREN —-> 49€ 💎
33327,2026-05-03T17:03:35,photos/photo_31167@03-05-2026_17-03-35.jpg,,https://c.onlyaff.app/8igfOV,MONCLER —-> 18€ 💎
33328,2026-05-03T17:04:46,photos/photo_31168@03-05-2026_17-04-46.jpg,,https://c.onlyaff.app/PqqQp,PATAGONIA —-> 24€ 💎
33329,2026-05-03T17:07:15,photos/photo_31169@03-05-2026_17-07-15.jpg,,https://c.onlyaff.app/8igslh,POLO RALPH LAUREN —-> 32€ 💎
33330,2026-05-03T17:10:13,photos/photo_31170@03-05-2026_17-10-13.jpg,,https://c.onlyaff.app/8igDFW,CAROLINA HERRERA —-> 25€ 💎
33331,2026-05-03T17:10:13,photos/photo_31171@03-05-2026_17-10-13.jpg,,,
33332,2026-05-03T17:10:13,photos/photo_31172@03-05-2026_17-10-13.jpg,,,
33333,2026-05-03T17:10:13,photos/photo_31173@03-05-2026_17-10-13.jpg,,,
33334,2026-05-03T17:10:14,photos/photo_31174@03-05-2026_17-10-14.jpg,,,
33335,2026-05-03T17:20:22,photos/photo_31175@03-05-2026_17-20-22.jpg,,https://c.onlyaff.app/8ihhEt,CAROLINA HERRERA (reversible) —-> 27€ 💎
33336,2026-05-03T17:20:22,photos/photo_31176@03-05-2026_17-20-22.jpg,,,
33337,2026-05-03T17:20:22,photos/photo_31177@03-05-2026_17-20-22.jpg,,,
33338,2026-05-03T17:20:22,photos/photo_31178@03-05-2026_17-20-22.jpg,,,
33339,2026-05-03T17:20:22,photos/photo_31179@03-05-2026_17-20-22.jpg,,,
33340,2026-05-03T17:20:22,photos/photo_31180@03-05-2026_17-20-22.jpg,,,
33341,2026-05-03T17:41:44,photos/photo_31181@03-05-2026_17-41-44.jpg,,https://c.onlyaff.app/8iiheT,"CONVERSE Run Star —-> 29€ 💎
11 Colores 🎨"
33342,2026-05-03T17:41:44,photos/photo_31182@03-05-2026_17-41-44.jpg,,,
33343,2026-05-03T17:41:44,photos/photo_31183@03-05-2026_17-41-44.jpg,,,
33344,2026-05-03T17:41:44,photos/photo_31184@03-05-2026_17-41-44.jpg,,,
33345,2026-05-03T17:41:45,photos/photo_31185@03-05-2026_17-41-45.jpg,,,
33346,2026-05-03T17:41:45,photos/photo_31186@03-05-2026_17-41-45.jpg,,,
33347,2026-05-03T17:41:45,photos/photo_31187@03-05-2026_17-41-45.jpg,,,
33348,2026-05-03T17:41:45,photos/photo_31188@03-05-2026_17-41-45.jpg,,,
33349,2026-05-03T18:42:44,photos/photo_31189@03-05-2026_18-42-44.jpg,,https://c.onlyaff.app/8ikQN6,"POLO RALPH LAUREN —-> 9€ 💎
Varios Colores 🎨"
33350,2026-05-03T18:44:56,photos/photo_31190@03-05-2026_18-44-56.jpg,,https://c.onlyaff.app/8iloJn,"ADIDAS Spezial ""Preloved"" —-> 26€ 💎"
33351,2026-05-03T18:44:56,photos/photo_31191@03-05-2026_18-44-56.jpg,,,
33352,2026-05-03T18:44:56,photos/photo_31192@03-05-2026_18-44-56.jpg,,,
33353,2026-05-03T18:47:01,photos/photo_31193@03-05-2026_18-47-01.jpg,,https://c.onlyaff.app/PqX17,"ASICS Gel Kahana 8 —-> 35€ 💎
Muchos Colores 🎨"
33354,2026-05-03T18:56:53,photos/photo_31194@03-05-2026_18-56-53.jpg,,https://c.onlyaff.app/8ilUu2,"ADIDAS Campus —-> 18€ 💎
Tallas de niñ@s"
33355,2026-05-03T19:01:59,photos/photo_31195@03-05-2026_19-01-59.jpg,,https://c.onlyaff.app/8imiZP,DSQUARED2 —-> 19€ 💎
33356,2026-05-03T19:15:58,photos/photo_31196@03-05-2026_19-15-58.jpg,,https://c.onlyaff.app/8imYvH,"SCUFFERS —-> 19€ 💎
Varios Colores 🎨"
33357,2026-05-03T19:26:40,photos/photo_31197@03-05-2026_19-26-40.jpg,,https://c.onlyaff.app/8inzfi,"SCUFFERS —-> 20€ 💎
Varios Colores 🎨"
33358,2026-05-03T19:26:41,photos/photo_31198@03-05-2026_19-26-41.jpg,,,
33359,2026-05-03T19:26:41,photos/photo_31199@03-05-2026_19-26-41.jpg,,,
33360,2026-05-03T19:45:15,photos/photo_31200@03-05-2026_19-45-15.jpg,,https://c.onlyaff.app/8iq4Em,"SCUFFERS —-> 20€ 💎
Varios Colores 🎨"
33361,2026-05-03T19:51:43,photos/photo_31201@03-05-2026_19-51-43.jpg,,https://c.onlyaff.app/8iqnQp,"ADIDAS Spezial ""pana"" —-> 20€ 💎
Muchos Colores 🎨"
33362,2026-05-03T19:51:43,photos/photo_31202@03-05-2026_19-51-43.jpg,,,
33363,2026-05-03T19:51:43,photos/photo_31203@03-05-2026_19-51-43.jpg,,,
33364,2026-05-03T19:52:48,photos/photo_31204@03-05-2026_19-52-48.jpg,,https://c.onlyaff.app/8iqqHk,GUESS (2 Bolsos) —-> 28€ 💎
33365,2026-05-03T19:52:48,photos/photo_31205@03-05-2026_19-52-48.jpg,,,
33366,2026-05-03T19:52:48,photos/photo_31206@03-05-2026_19-52-48.jpg,,,
33367,2026-05-03T19:52:48,photos/photo_31207@03-05-2026_19-52-48.jpg,,,
33368,2026-05-03T19:52:48,photos/photo_31208@03-05-2026_19-52-48.jpg,,,
33369,2026-05-03T19:54:57,photos/photo_31209@03-05-2026_19-54-57.jpg,,https://c.onlyaff.app/8iqyqj,"GUESS (riñonera) —-> 17€ 💎
Varios Colores 🎨"
33370,2026-05-03T20:50:19,photos/photo_31210@03-05-2026_20-50-19.jpg,,https://c.onlyaff.app/8iJWJ2,"NIKE P6000 —-> 37€ 💎
🚨 Se agotan MUY rápido 💨"
33371,2026-05-03T20:50:19,photos/photo_31211@03-05-2026_20-50-19.jpg,,,
33372,2026-05-03T20:50:19,photos/photo_31212@03-05-2026_20-50-19.jpg,,,
33373,2026-05-03T20:50:19,photos/photo_31213@03-05-2026_20-50-19.jpg,,,
33374,2026-05-03T20:50:19,photos/photo_31214@03-05-2026_20-50-19.jpg,,,
33375,2026-05-03T20:50:19,photos/photo_31215@03-05-2026_20-50-19.jpg,,,
33376,2026-05-03T20:50:19,photos/photo_31216@03-05-2026_20-50-19.jpg,,,
33377,2026-05-03T20:50:19,photos/photo_31217@03-05-2026_20-50-19.jpg,,,
33378,2026-05-03T22:21:08,photos/photo_31218@03-05-2026_22-21-08.jpg,,https://c.onlyaff.app/Pun9t,"RALPH LAUREN —-> 23€ 💎
Varios Colores 🎨"
33379,2026-05-03T22:26:33,photos/photo_31219@03-05-2026_22-26-33.jpg,,https://c.onlyaff.app/8iU2h5,"JBL Tune 520Bt —-> 29€ 💎
Varios Colores 🎨"
33381,2026-05-04T09:15:59,photos/photo_31220@04-05-2026_09-15-59.jpg,,https://c.onlyaff.app/8j1MIP,"DC —-> 34€ 💎
Muchos Colores 🎨"
33382,2026-05-04T10:27:20,photos/photo_31221@04-05-2026_10-27-20.jpg,,https://c.onlyaff.app/8jaxi7,"ADIDAS Samba —-> 23€ 💎
Nuevas Colaboraciones 🎨"
33383,2026-05-04T10:27:20,photos/photo_31222@04-05-2026_10-27-20.jpg,,,
33384,2026-05-04T10:27:20,photos/photo_31223@04-05-2026_10-27-20.jpg,,,
33385,2026-05-04T10:27:20,photos/photo_31224@04-05-2026_10-27-20.jpg,,,
33386,2026-05-04T10:27:20,photos/photo_31225@04-05-2026_10-27-20.jpg,,,
33387,2026-05-04T10:59:25,photos/photo_31226@04-05-2026_10-59-25.jpg,,https://c.onlyaff.app/8jn8cG,"KANKEN —-> 11€ 💎
24 Colores 🎨"
33388,2026-05-04T12:24:08,photos/photo_31227@04-05-2026_12-24-08.jpg,,https://c.onlyaff.app/8jyUeu,"ALO (conjunto) —-> 17€ 💎
También en Blanco 🎨"
33389,2026-05-04T12:25:53,photos/photo_31228@04-05-2026_12-25-53.jpg,,https://c.onlyaff.app/PyuYs,ALO (conjunto) —-> 28€ 💎
33390,2026-05-04T12:25:53,photos/photo_31229@04-05-2026_12-25-53.jpg,,,
33391,2026-05-04T12:25:53,photos/photo_31230@04-05-2026_12-25-53.jpg,,,
33392,2026-05-04T12:32:07,photos/photo_31231@04-05-2026_12-32-07.jpg,,https://c.onlyaff.app/8jzfsy,"MAISON MARGIELA —-> 36€ 💎
Varios Colores 🎨"
33393,2026-05-04T13:02:42,photos/photo_31232@04-05-2026_13-02-42.jpg,,https://c.onlyaff.app/8jAvKP,"YEEZY Slide —-> 10€ 💎
11 Colores 🎨"
33394,2026-05-04T13:02:42,photos/photo_31233@04-05-2026_13-02-42.jpg,,,
33395,2026-05-04T13:02:42,photos/photo_31234@04-05-2026_13-02-42.jpg,,,
33396,2026-05-04T13:02:42,photos/photo_31235@04-05-2026_13-02-42.jpg,,,
33397,2026-05-04T13:02:42,photos/photo_31236@04-05-2026_13-02-42.jpg,,,
33398,2026-05-04T13:46:52,photos/photo_31237@04-05-2026_13-46-52.jpg,,https://c.onlyaff.app/8jCMyq,DIESEL —-> 31€ 💎
33399,2026-05-04T14:24:40,photos/photo_31238@04-05-2026_14-24-40.jpg,,https://c.onlyaff.app/8jFbf3,"ADIDAS Terrex FreeHiker SL —-> 35€ 💎
12 Colores 🎨"
33400,2026-05-04T15:45:23,photos/photo_31239@04-05-2026_15-45-23.jpg,,https://c.onlyaff.app/8jJ5oF,"POLO RALPH LAUREN —-> 10€ 💎
Varios Colores 🎨"
33401,2026-05-04T16:45:47,photos/photo_31240@04-05-2026_16-45-47.jpg,,https://c.onlyaff.app/8jLMvT,BLUE BANANA —-> 18€ 💎
33402,2026-05-04T16:47:08,photos/photo_31241@04-05-2026_16-47-08.jpg,,https://c.onlyaff.app/8jLOva,"CP COMPANY —-> 8€ 💎
Varios Colores 🎨"
33403,2026-05-04T16:49:28,photos/photo_31242@04-05-2026_16-49-28.jpg,,https://c.onlyaff.app/8jLWLr,"APPLE AirPods Max —-> 40€ 💎
Muchos Colores 🎨"
33404,2026-05-04T16:59:39,photos/photo_31243@04-05-2026_16-59-39.jpg,,https://c.onlyaff.app/8jMolP,DIESEL —-> 31€ 💎
33405,2026-05-04T16:59:39,photos/photo_31244@04-05-2026_16-59-39.jpg,,,
33411,2026-05-04T17:09:15,photos/photo_31245@04-05-2026_17-09-15.jpg,,https://c.onlyaff.app/8jN2UN,"NIKE Blazer City Low —-> 28€ 💎
(YepExpress)"
33412,2026-05-04T17:09:15,photos/photo_31246@04-05-2026_17-09-15.jpg,,,
33413,2026-05-04T17:09:15,photos/photo_31247@04-05-2026_17-09-15.jpg,,,
33414,2026-05-04T17:09:15,photos/photo_31248@04-05-2026_17-09-15.jpg,,,
33415,2026-05-04T17:09:15,photos/photo_31249@04-05-2026_17-09-15.jpg,,,
33416,2026-05-04T17:17:08,photos/photo_31250@04-05-2026_17-17-08.jpg,,https://c.onlyaff.app/8jNq6e,"NEW BALANCE 9060 —-> 24€ 💎
Varios Colores 🎨
(YepExpress)"
33417,2026-05-04T17:17:08,photos/photo_31251@04-05-2026_17-17-08.jpg,,,
33418,2026-05-04T17:17:08,photos/photo_31252@04-05-2026_17-17-08.jpg,,,
33419,2026-05-04T17:20:10,photos/photo_31253@04-05-2026_17-20-10.jpg,,https://c.onlyaff.app/8jNAjG,"GOLDEN GOOSE —-> 46€ 💎
Nuevos Colores 🎨"
33420,2026-05-04T17:20:10,photos/photo_31254@04-05-2026_17-20-10.jpg,,,
33421,2026-05-04T17:20:10,photos/photo_31255@04-05-2026_17-20-10.jpg,,,
33422,2026-05-04T17:20:10,photos/photo_31256@04-05-2026_17-20-10.jpg,,,
33423,2026-05-04T17:20:10,photos/photo_31257@04-05-2026_17-20-10.jpg,,,
33424,2026-05-04T17:20:10,photos/photo_31258@04-05-2026_17-20-10.jpg,,,
33425,2026-05-04T17:20:10,photos/photo_31259@04-05-2026_17-20-10.jpg,,,
33426,2026-05-04T17:20:10,photos/photo_31260@04-05-2026_17-20-10.jpg,,,
33427,2026-05-04T17:30:26,photos/photo_31261@04-05-2026_17-30-26.jpg,,https://c.onlyaff.app/8jO4rD,"ADIDAS x OASIS —-> 11€ 💎
Varios Colores 🎨"
33428,2026-05-04T17:30:26,photos/photo_31262@04-05-2026_17-30-26.jpg,,,
33429,2026-05-04T17:30:26,photos/photo_31263@04-05-2026_17-30-26.jpg,,,
33430,2026-05-04T17:35:27,photos/photo_31264@04-05-2026_17-35-27.jpg,,https://c.onlyaff.app/59NKd,"ADIDAS España Mundial 2026 —-> 21€ 21€ 💎
También el Rojo 🎨"
33431,2026-05-04T17:37:22,photos/photo_31265@04-05-2026_17-37-22.jpg,,https://c.onlyaff.app/8jOktu,"ACNE STUDIOS —-> 18€ 💎
Varios Colores 🎨"
33432,2026-05-04T17:51:36,photos/photo_31266@04-05-2026_17-51-36.jpg,,https://c.onlyaff.app/8jOP3a,"ADIDAS Campus ""Collegiate"" —-> 30€ 💎"
33433,2026-05-04T19:04:05,photos/photo_31267@04-05-2026_19-04-05.jpg,,https://c.onlyaff.app/8jS3aK,"SCUFFERS —-> 15€ 💎
🚨 Se agota muy rápido 💨"
33434,2026-05-04T19:05:57,photos/photo_31268@04-05-2026_19-05-57.jpg,,https://c.onlyaff.app/8jS985,"ADIDAS Terrex Daroga —-> 33€ 💎
Varios Colores 🎨"
33435,2026-05-04T19:05:57,photos/photo_31269@04-05-2026_19-05-57.jpg,,,
33436,2026-05-04T19:05:57,photos/photo_31270@04-05-2026_19-05-57.jpg,,,
33437,2026-05-04T19:05:58,photos/photo_31271@04-05-2026_19-05-58.jpg,,,
33438,2026-05-04T19:05:58,photos/photo_31272@04-05-2026_19-05-58.jpg,,,
33439,2026-05-04T20:07:01,photos/photo_31273@04-05-2026_20-07-01.jpg,,https://c.onlyaff.app/8jYumL,NEW BALANCE x MIU MIU —-> 50€ 💎
33440,2026-05-04T20:07:01,photos/photo_31274@04-05-2026_20-07-01.jpg,,,
33441,2026-05-04T20:07:02,photos/photo_31275@04-05-2026_20-07-02.jpg,,,
33442,2026-05-04T20:07:02,photos/photo_31276@04-05-2026_20-07-02.jpg,,,
33443,2026-05-04T20:07:02,photos/photo_31277@04-05-2026_20-07-02.jpg,,,
33444,2026-05-04T21:25:33,photos/photo_31278@04-05-2026_21-25-33.jpg,,https://c.onlyaff.app/8kscaX,STONE ISLAND —-> 8€ 💎
33445,2026-05-04T21:26:50,photos/photo_31279@04-05-2026_21-26-50.jpg,,https://c.onlyaff.app/8kshRu,THE NORTH FACE —-> 8€ 💎
33446,2026-05-04T21:52:12,photos/photo_31280@04-05-2026_21-52-12.jpg,,https://c.onlyaff.app/8ku0jH,ALO —-> 6€ 💎
33447,2026-05-04T21:53:27,photos/photo_31281@04-05-2026_21-53-27.jpg,,https://c.onlyaff.app/8ku8fM,"PATAGONIA —-> 11€ 💎
Muchos Colores 🎨"
33448,2026-05-04T21:54:56,photos/photo_31282@04-05-2026_21-54-56.jpg,,https://c.onlyaff.app/8kueVo,"PATAGONIA —-> 7€ 💎
Muchos Colores 🎨"
33449,2026-05-04T21:55:40,photos/photo_31283@04-05-2026_21-55-40.jpg,,https://c.onlyaff.app/8kuic5,CARHARTT —-> 5€ 💎
33450,2026-05-04T21:57:06,photos/photo_31284@04-05-2026_21-57-06.jpg,,https://c.onlyaff.app/8kuoGZ,ALO —-> 17€ 💎
33451,2026-05-04T21:57:06,photos/photo_31285@04-05-2026_21-57-06.jpg,,,
33452,2026-05-04T21:57:06,photos/photo_31286@04-05-2026_21-57-06.jpg,,,
33453,2026-05-04T22:02:13,photos/photo_31287@04-05-2026_22-02-13.jpg,,https://c.onlyaff.app/8kuFaE,"NUMERIS —-> 39€ 💎
15 Colores 🎨"
33454,2026-05-04T22:03:35,photos/photo_31288@04-05-2026_22-03-35.jpg,,https://c.onlyaff.app/8kuIUy,ADIDAS SambaRose —-> 21€ 💎
33455,2026-05-04T22:03:35,photos/photo_31289@04-05-2026_22-03-35.jpg,,,
33456,2026-05-04T22:03:35,photos/photo_31290@04-05-2026_22-03-35.jpg,,,
33458,2026-05-05T09:10:10,photos/photo_31291@05-05-2026_09-10-10.jpg,,https://c.onlyaff.app/8kuPUD,ADIDAS Superstar —-> 20€ 💎
33459,2026-05-05T09:10:10,photos/photo_31292@05-05-2026_09-10-10.jpg,,,
33460,2026-05-05T09:10:10,photos/photo_31293@05-05-2026_09-10-10.jpg,,,
33461,2026-05-05T09:10:10,photos/photo_31294@05-05-2026_09-10-10.jpg,,,
33462,2026-05-05T09:10:10,photos/photo_31295@05-05-2026_09-10-10.jpg,,,
33463,2026-05-05T09:10:10,photos/photo_31296@05-05-2026_09-10-10.jpg,,,
33464,2026-05-05T09:52:40,photos/photo_31297@05-05-2026_09-52-40.jpg,,https://c.onlyaff.app/8kErzc,"POLO RALPH LAUREN —-> 40€ 💎
Muchos Colores 🎨"
33465,2026-05-05T09:52:40,photos/photo_31298@05-05-2026_09-52-40.jpg,,,
33466,2026-05-05T09:52:40,photos/photo_31299@05-05-2026_09-52-40.jpg,,,
33467,2026-05-05T11:44:59,photos/photo_31300@05-05-2026_11-44-59.jpg,,https://c.onlyaff.app/8l74rS,"POLO RALPH LAUREN —-> 5€ 💎
Muchos Colores 🎨"
33468,2026-05-05T12:22:48,photos/photo_31301@05-05-2026_12-22-48.jpg,,https://c.onlyaff.app/8l9pX2,"RAYBAN —-> 7€ 💎
Muchos Colores 🎨"
33469,2026-05-05T14:28:33,photos/photo_31302@05-05-2026_14-28-33.jpg,,https://c.onlyaff.app/8lgGQr,"STUSSY (conjunto) —-> 18€ 💎
Varios Colores 🎨"
33470,2026-05-05T14:28:33,photos/photo_31303@05-05-2026_14-28-33.jpg,,,
33471,2026-05-05T14:28:33,photos/photo_31304@05-05-2026_14-28-33.jpg,,,
33472,2026-05-05T14:29:36,photos/photo_31305@05-05-2026_14-29-36.jpg,,https://c.onlyaff.app/8lgJUu,"STUSSY (conjunto) —-> 18€ 💎
Varios Colores 🎨"
33473,2026-05-05T14:30:44,photos/photo_31306@05-05-2026_14-30-44.jpg,,https://c.onlyaff.app/8lgPt9,"AMIRI —-> 17€ 💎
También en Negro 🎨"
33474,2026-05-05T14:31:52,photos/photo_31307@05-05-2026_14-31-52.jpg,,https://c.onlyaff.app/8lgUOz,STUSSY —-> 33€ 💎
33475,2026-05-05T15:26:43,photos/photo_31308@05-05-2026_15-26-43.jpg,,https://c.onlyaff.app/8ljaMk,"ADIDAS —-> 23€ 💎
También en Azul 🎨"
33476,2026-05-05T18:17:34,photos/photo_31309@05-05-2026_18-17-34.jpg,,https://c.onlyaff.app/8lrQwE,POLO RALPH LAUREN —-> 12€ 💎
33477,2026-05-05T18:27:18,photos/photo_31310@05-05-2026_18-27-18.jpg,,https://c.onlyaff.app/8lsOkV,STUSSY —-> 14€ 💎
33478,2026-05-05T18:54:31,photos/photo_31311@05-05-2026_18-54-31.jpg,,https://c.onlyaff.app/PKqSX,DSQUARED2 —-> 18€ 💎
33479,2026-05-05T19:06:24,photos/photo_31312@05-05-2026_19-06-24.jpg,,https://c.onlyaff.app/8lvcOD,FRED PERRY —-> 16€ 💎
33480,2026-05-05T20:20:31,photos/photo_31313@05-05-2026_20-20-31.jpg,,https://c.onlyaff.app/8lJhEE,UGG PeakMod —-> 32€ 💎
33481,2026-05-05T20:53:39,photos/photo_31314@05-05-2026_20-53-39.jpg,,https://c.onlyaff.app/8lVxSw,ALO (conjunto) —-> 25€ 💎
33482,2026-05-05T20:56:23,photos/photo_31315@05-05-2026_20-56-23.jpg,,https://c.onlyaff.app/8lWE3s,"ON CLOUD Tilt Remix —-> 38€ 💎
Muchos Colores 🎨"
33483,2026-05-05T20:56:24,photos/photo_31316@05-05-2026_20-56-24.jpg,,,
33484,2026-05-05T20:56:24,photos/photo_31317@05-05-2026_20-56-24.jpg,,,
33485,2026-05-05T20:58:56,photos/photo_31318@05-05-2026_20-58-56.jpg,,https://c.onlyaff.app/8lXS9k,STUSSY (bañador) —-> 10€ 💎
33486,2026-05-05T21:57:01,photos/photo_31319@05-05-2026_21-57-01.jpg,,https://c.onlyaff.app/8m2Cbn,SUPREME —-> 57€ 💎
33487,2026-05-05T21:57:01,photos/photo_31320@05-05-2026_21-57-01.jpg,,,
33488,2026-05-05T21:58:10,photos/photo_31321@05-05-2026_21-58-10.jpg,,https://c.onlyaff.app/8m2Fjc,AMIRI —-> 10€ 💎
33489,2026-05-05T22:05:32,photos/photo_31322@05-05-2026_22-05-32.jpg,,https://c.onlyaff.app/8m2UbX,AMIRI —-> 18€ 💎
33490,2026-05-05T22:07:22,photos/photo_31323@05-05-2026_22-07-22.jpg,,https://c.onlyaff.app/8m31Xk,HELLSTAR —-> 19€ 💎
33491,2026-05-05T22:11:21,photos/photo_31324@05-05-2026_22-11-21.jpg,,https://c.onlyaff.app/8m3cwV,"BIRKENSTOCK —-> 21€ 💎
Muchos Colores 🎨
(Fotos realizadas por mi) 📸"
33492,2026-05-05T22:11:21,photos/photo_31325@05-05-2026_22-11-21.jpg,,,
33493,2026-05-05T22:11:21,photos/photo_31326@05-05-2026_22-11-21.jpg,,,
33494,2026-05-05T22:16:51,photos/photo_31327@05-05-2026_22-16-51.jpg,,https://c.onlyaff.app/8m3y9K,"ASICS Gel Kayano 14 —-> 25€ 💎
16 Colores 🎨"
33495,2026-05-05T22:16:51,photos/photo_31328@05-05-2026_22-16-51.jpg,,,
33496,2026-05-05T22:16:51,photos/photo_31329@05-05-2026_22-16-51.jpg,,,
33497,2026-05-05T22:16:51,photos/photo_31330@05-05-2026_22-16-51.jpg,,,
33498,2026-05-05T22:16:51,photos/photo_31331@05-05-2026_22-16-51.jpg,,,
33499,2026-05-05T22:16:51,photos/photo_31332@05-05-2026_22-16-51.jpg,,,
33500,2026-05-05T22:16:51,photos/photo_31333@05-05-2026_22-16-51.jpg,,,
33502,2026-05-06T09:08:52,photos/photo_31334@06-05-2026_09-08-52.jpg,,https://c.onlyaff.app/8maZfY,POLO RALPH LAUREN —-> 42€ 💎
33503,2026-05-06T09:08:52,photos/photo_31335@06-05-2026_09-08-52.jpg,,,
33504,2026-05-06T09:08:52,photos/photo_31336@06-05-2026_09-08-52.jpg,,,
33505,2026-05-06T09:08:52,photos/photo_31337@06-05-2026_09-08-52.jpg,,,
33506,2026-05-06T09:08:52,photos/photo_31338@06-05-2026_09-08-52.jpg,,,
33507,2026-05-06T11:09:08,photos/photo_31339@06-05-2026_11-09-08.jpg,,https://c.onlyaff.app/8mG45x,"CARHARTT (conjunto) —-> 19€ 💎
Muchos Colores 🎨"
33508,2026-05-06T11:09:08,photos/photo_31340@06-05-2026_11-09-08.jpg,,,
33509,2026-05-06T11:09:09,photos/photo_31341@06-05-2026_11-09-09.jpg,,,
33510,2026-05-06T12:10:04,photos/photo_31342@06-05-2026_12-10-04.jpg,,https://c.onlyaff.app/8mJnlV,"ADIDAS Superstar —-> 37€ 💎
Nuevos Modelos 🎨"
33511,2026-05-06T12:10:04,photos/photo_31343@06-05-2026_12-10-04.jpg,,,
33512,2026-05-06T12:10:04,photos/photo_31344@06-05-2026_12-10-04.jpg,,,
33513,2026-05-06T12:10:04,photos/photo_31345@06-05-2026_12-10-04.jpg,,,
33514,2026-05-06T12:13:43,photos/photo_31346@06-05-2026_12-13-43.jpg,,https://c.onlyaff.app/8mJxpU,VANS Old Skool —-> 24€ 💎
33515,2026-05-06T12:13:43,photos/photo_31347@06-05-2026_12-13-43.jpg,,,
33516,2026-05-06T12:13:44,photos/photo_31348@06-05-2026_12-13-44.jpg,,,
33517,2026-05-06T12:13:44,photos/photo_31349@06-05-2026_12-13-44.jpg,,,
33518,2026-05-06T12:13:44,photos/photo_31350@06-05-2026_12-13-44.jpg,,,
33519,2026-05-06T13:00:12,photos/photo_31351@06-05-2026_13-00-12.jpg,,https://c.onlyaff.app/8mMaAb,POLO RALPH LAUREN (pack 3)—-> 10€ 💎
33520,2026-05-06T15:07:41,photos/photo_31352@06-05-2026_15-07-41.jpg,,https://c.onlyaff.app/8mTsxz,PALM ANGELS —-> 19€ 💎
33521,2026-05-06T15:07:41,photos/photo_31353@06-05-2026_15-07-41.jpg,,,
33522,2026-05-06T15:07:41,photos/photo_31354@06-05-2026_15-07-41.jpg,,,
33523,2026-05-06T15:09:20,photos/photo_31355@06-05-2026_15-09-20.jpg,,https://c.onlyaff.app/8mTu0s,GALLERY DEPT —-> 15€ 💎
33524,2026-05-06T15:10:28,photos/photo_31356@06-05-2026_15-10-28.jpg,,https://c.onlyaff.app/8mTvDV,GALLERY DEPT —-> 15€ 💎
33525,2026-05-06T15:12:33,photos/photo_31357@06-05-2026_15-12-33.jpg,,https://c.onlyaff.app/8mTAJA,FRED PERRY —-> 19€ 💎
33526,2026-05-06T15:16:17,photos/photo_31358@06-05-2026_15-16-17.jpg,,https://c.onlyaff.app/8mTHDY,"POLO RALPH LAUREN x NY Yankees —-> 11€ 💎
Varios Colores 🎨"
33527,2026-05-06T15:19:43,photos/photo_31359@06-05-2026_15-19-43.jpg,,https://c.onlyaff.app/8mTVeG,"GUESS —-> 28€ 💎
Muchos Colores 🎨"
33528,2026-05-06T15:19:43,photos/photo_31360@06-05-2026_15-19-43.jpg,,,
33529,2026-05-06T15:19:43,photos/photo_31361@06-05-2026_15-19-43.jpg,,,
33530,2026-05-06T15:19:43,photos/photo_31362@06-05-2026_15-19-43.jpg,,,
33531,2026-05-06T15:22:01,photos/photo_31363@06-05-2026_15-22-01.jpg,,https://c.onlyaff.app/8mU2ST,ASICS Gel Sonoma —-> 33€ 💎
33532,2026-05-06T15:22:01,photos/photo_31364@06-05-2026_15-22-01.jpg,,,
33533,2026-05-06T15:22:01,photos/photo_31365@06-05-2026_15-22-01.jpg,,,
33534,2026-05-06T15:22:02,photos/photo_31366@06-05-2026_15-22-02.jpg,,,
33535,2026-05-06T15:22:02,photos/photo_31367@06-05-2026_15-22-02.jpg,,,
33536,2026-05-06T15:22:02,photos/photo_31368@06-05-2026_15-22-02.jpg,,,
33537,2026-05-06T15:22:02,photos/photo_31369@06-05-2026_15-22-02.jpg,,,
33538,2026-05-06T15:22:02,photos/photo_31370@06-05-2026_15-22-02.jpg,,,
33539,2026-05-06T15:22:02,photos/photo_31371@06-05-2026_15-22-02.jpg,,,
33540,2026-05-06T15:22:33,photos/photo_31372@06-05-2026_15-22-33.jpg,,https://c.onlyaff.app/PTcSb,ON CLOUD Monster 2 —-> 30€ 💎
33541,2026-05-06T15:22:33,photos/photo_31373@06-05-2026_15-22-33.jpg,,,
33542,2026-05-06T15:22:33,photos/photo_31374@06-05-2026_15-22-33.jpg,,,
33543,2026-05-06T15:22:33,photos/photo_31375@06-05-2026_15-22-33.jpg,,,
33544,2026-05-06T15:22:33,photos/photo_31376@06-05-2026_15-22-33.jpg,,,
33545,2026-05-06T18:33:21,photos/photo_31377@06-05-2026_18-33-21.jpg,,https://c.onlyaff.app/8n38b2,"ASICS Gel Kayano 32 —-> 31€ 💎
17 Colores 🎨"
33546,2026-05-06T18:33:21,photos/photo_31378@06-05-2026_18-33-21.jpg,,,
33547,2026-05-06T18:33:21,photos/photo_31379@06-05-2026_18-33-21.jpg,,,
33548,2026-05-06T18:33:21,photos/photo_31380@06-05-2026_18-33-21.jpg,,,
33549,2026-05-06T18:33:21,photos/photo_31381@06-05-2026_18-33-21.jpg,,,
33550,2026-05-06T18:33:21,photos/photo_31382@06-05-2026_18-33-21.jpg,,,
33551,2026-05-06T18:33:21,photos/photo_31383@06-05-2026_18-33-21.jpg,,,
33552,2026-05-06T18:33:21,photos/photo_31384@06-05-2026_18-33-21.jpg,,,
33553,2026-05-06T18:33:21,photos/photo_31385@06-05-2026_18-33-21.jpg,,,
33554,2026-05-06T20:17:25,photos/photo_31386@06-05-2026_20-17-25.jpg,,https://c.onlyaff.app/8nfHay,"LONGCHAMP —-> 25€ 💎
Muchos Colores 🎨"
33555,2026-05-06T20:17:26,photos/photo_31387@06-05-2026_20-17-26.jpg,,,
33556,2026-05-06T20:17:26,photos/photo_31388@06-05-2026_20-17-26.jpg,,,
33557,2026-05-06T20:17:26,photos/photo_31389@06-05-2026_20-17-26.jpg,,,
33558,2026-05-06T20:45:15,photos/photo_31390@06-05-2026_20-45-15.jpg,,https://c.onlyaff.app/PWnXp,ADIDAS Samba OG —-> 22€ 💎
33559,2026-05-06T21:06:43,photos/photo_31391@06-05-2026_21-06-43.jpg,,https://c.onlyaff.app/8nxBLb,"ALO (conjunto) —-> 14€ 💎
Varios Colores 🎨"
33560,2026-05-06T22:04:19,photos/photo_31392@06-05-2026_22-04-19.jpg,,https://c.onlyaff.app/8nBv2B,"STONE ISLAND —-> 15€ 💎
También en Blanco 🎨"
33561,2026-05-06T22:06:29,photos/photo_31393@06-05-2026_22-06-29.jpg,,https://c.onlyaff.app/8nBzQE,"MONCLER —-> 12€ 💎
Muchos Modelos 🎨"
33562,2026-05-06T22:08:47,photos/photo_31394@06-05-2026_22-08-47.jpg,,https://c.onlyaff.app/8nBFBU,"POLO RALPH LAUREN —-> 35€ 💎
Muchos Colores 🎨"
33563,2026-05-06T22:09:56,photos/photo_31395@06-05-2026_22-09-56.jpg,,https://c.onlyaff.app/8nBIrT,FRED PERRY —-> 11€ 💎
33564,2026-05-06T22:12:36,photos/photo_31396@06-05-2026_22-12-36.jpg,,https://c.onlyaff.app/8nBT4u,"ADIDAS Samba OG ""Legacy"" —-> 23€ 💎"
33566,2026-05-07T08:56:01,photos/photo_31397@07-05-2026_08-56-01.jpg,,https://c.onlyaff.app/8nDLeG,"CAROLINA HERRERA —-> 23€ 💎
Varios Modelos 🎨"
33567,2026-05-07T09:10:12,photos/photo_31398@07-05-2026_09-10-12.jpg,,https://c.onlyaff.app/8nDNHn,DR MARTENS (unisex) —-> 38€ 💎
33568,2026-05-07T09:16:01,photos/photo_31399@07-05-2026_09-16-01.jpg,,https://c.onlyaff.app/8nDSnE,"JBL Flip 6 —-> 28€ 💎
Muchos Colores 🎨
Producto MUY recomendado ✅
(Fotos realizadas por mi) 📸"
33569,2026-05-07T09:16:01,photos/photo_31400@07-05-2026_09-16-01.jpg,,,
33570,2026-05-07T09:16:01,photos/photo_31401@07-05-2026_09-16-01.jpg,,,
33571,2026-05-07T11:21:27,photos/photo_31402@07-05-2026_11-21-27.jpg,,https://c.onlyaff.app/8nXG04,"POLO RALPH LAUREN —-> 16€ 💎
16 Nuevos Colores 🎨"
33572,2026-05-07T12:48:01,photos/photo_31403@07-05-2026_12-48-01.jpg,,https://c.onlyaff.app/8o7xIg,ADIDAS (chándal clmpleto) —-> 30€ 💎
33573,2026-05-07T14:02:58,photos/photo_31404@07-05-2026_14-02-58.jpg,,https://c.onlyaff.app/8ogWUF,"ADIDAS —-> 27€ 💎
También en Marrón 🎨"
33574,2026-05-07T14:05:19,photos/photo_31405@07-05-2026_14-05-19.jpg,,https://c.onlyaff.app/8ohhOB,"ADIDAS Campus x BAD BUNNY —-> 33€ 💎
Muchos Colores 🎨"
33575,2026-05-07T14:05:19,photos/photo_31406@07-05-2026_14-05-19.jpg,,,
33576,2026-05-07T14:05:19,photos/photo_31407@07-05-2026_14-05-19.jpg,,,
33577,2026-05-07T14:05:19,photos/photo_31408@07-05-2026_14-05-19.jpg,,,
33578,2026-05-07T14:05:19,photos/photo_31409@07-05-2026_14-05-19.jpg,,,
33579,2026-05-07T14:34:07,photos/photo_31410@07-05-2026_14-34-07.jpg,,https://c.onlyaff.app/8okWDN,COACH —-> 27€ 💎
33580,2026-05-07T16:20:05,photos/photo_31411@07-05-2026_16-20-05.jpg,,https://c.onlyaff.app/8owu0k,"ADIDAS Gazelle Sala —-> 36€ 💎
(Futbol Sala ⚽️)"
33581,2026-05-07T16:20:06,photos/photo_31412@07-05-2026_16-20-06.jpg,,,
33582,2026-05-07T16:20:06,photos/photo_31413@07-05-2026_16-20-06.jpg,,,
33583,2026-05-07T16:20:06,photos/photo_31414@07-05-2026_16-20-06.jpg,,,
33584,2026-05-07T16:20:06,photos/photo_31415@07-05-2026_16-20-06.jpg,,,
33585,2026-05-07T16:20:06,photos/photo_31416@07-05-2026_16-20-06.jpg,,,
33586,2026-05-07T16:20:06,photos/photo_31417@07-05-2026_16-20-06.jpg,,,
33587,2026-05-07T16:20:06,photos/photo_31418@07-05-2026_16-20-06.jpg,,,
33588,2026-05-07T16:55:13,photos/photo_31419@07-05-2026_16-55-13.jpg,,https://c.onlyaff.app/8oy3fI,CARHARTT —-> 17€ 💎
33589,2026-05-07T18:45:09,photos/photo_31420@07-05-2026_18-45-09.jpg,,https://c.onlyaff.app/8oEiqr,"LORO PIANA —-> 40€ 💎
Muchos Colores 🎨"
33590,2026-05-07T18:45:10,photos/photo_31421@07-05-2026_18-45-10.jpg,,,
33591,2026-05-07T18:45:10,photos/photo_31422@07-05-2026_18-45-10.jpg,,,
33592,2026-05-07T19:52:57,photos/photo_31423@07-05-2026_19-52-57.jpg,,https://c.onlyaff.app/Q4nz2,"ADIDAS Adizero Adios Pro 4 —-> 24€ 💎
12 Colores 🎨"
33593,2026-05-07T21:05:51,photos/photo_31424@07-05-2026_21-05-51.jpg,,https://c.onlyaff.app/8oQfDP,PATAGONIA (chaqueta fina) —-> 27€ 💎
33594,2026-05-07T21:32:34,photos/photo_31425@07-05-2026_21-32-34.jpg,,https://c.onlyaff.app/8oTbZb,MONCLER —-> 19€ 💎
33595,2026-05-07T22:27:42,photos/photo_31426@07-05-2026_22-27-42.jpg,,https://c.onlyaff.app/8p1qvD,PATAGONIA (bañador/pantalon) —-> 23€ 💎
33599,2026-05-07T22:33:32,photos/photo_31427@07-05-2026_22-33-32.jpg,,https://c.onlyaff.app/8p2blt,"PRADA —-> 38€ 💎
12 Colores 🎨
🚨 Se agotan MUY rápido 💨"
33600,2026-05-07T22:33:32,photos/photo_31428@07-05-2026_22-33-32.jpg,,,
33601,2026-05-07T22:33:32,photos/photo_31429@07-05-2026_22-33-32.jpg,,,
33602,2026-05-07T22:33:32,photos/photo_31430@07-05-2026_22-33-32.jpg,,,
33603,2026-05-07T22:33:33,photos/photo_31431@07-05-2026_22-33-33.jpg,,,
33604,2026-05-07T22:33:33,photos/photo_31432@07-05-2026_22-33-33.jpg,,,
33605,2026-05-07T22:35:53,photos/photo_31433@07-05-2026_22-35-53.jpg,,https://c.onlyaff.app/8p2zwD,"NIKE VaporFly 4 —-> 38€ 💎
11 Colores 🎨
🚨 Se agotan MUY rápido 💨"
33607,2026-05-08T09:42:14,photos/photo_31434@08-05-2026_09-42-14.jpg,,https://c.onlyaff.app/8prnzZ,ADIDAS Predator Mundial —-> 37€ 💎
33608,2026-05-08T09:42:14,photos/photo_31435@08-05-2026_09-42-14.jpg,,,
33609,2026-05-08T09:42:14,photos/photo_31436@08-05-2026_09-42-14.jpg,,,
33610,2026-05-08T09:42:14,photos/photo_31437@08-05-2026_09-42-14.jpg,,,
33611,2026-05-08T09:42:14,photos/photo_31438@08-05-2026_09-42-14.jpg,,,
33612,2026-05-08T09:42:14,photos/photo_31439@08-05-2026_09-42-14.jpg,,,
33613,2026-05-08T09:42:14,photos/photo_31440@08-05-2026_09-42-14.jpg,,,
33614,2026-05-08T09:42:14,photos/photo_31441@08-05-2026_09-42-14.jpg,,,
33615,2026-05-08T09:42:14,photos/photo_31442@08-05-2026_09-42-14.jpg,,,
33616,2026-05-08T09:44:21,photos/photo_31443@08-05-2026_09-44-21.jpg,,https://c.onlyaff.app/8prs4w,ADIDAS Samba LT —-> 26€ 💎
33617,2026-05-08T09:44:21,photos/photo_31444@08-05-2026_09-44-21.jpg,,,
33618,2026-05-08T09:44:21,photos/photo_31445@08-05-2026_09-44-21.jpg,,,
33619,2026-05-08T14:03:07,photos/photo_31446@08-05-2026_14-03-07.jpg,,https://c.onlyaff.app/8iJWJ2,"NIKE P6000 —-> 37€ 💎
🚨 Se agotan MUY rápido 💨"
33620,2026-05-08T14:03:07,photos/photo_31447@08-05-2026_14-03-07.jpg,,,
33621,2026-05-08T14:03:07,photos/photo_31448@08-05-2026_14-03-07.jpg,,,
33622,2026-05-08T14:03:07,photos/photo_31449@08-05-2026_14-03-07.jpg,,,
33623,2026-05-08T14:03:07,photos/photo_31450@08-05-2026_14-03-07.jpg,,,
33624,2026-05-08T14:03:07,photos/photo_31451@08-05-2026_14-03-07.jpg,,,
33625,2026-05-08T14:03:07,photos/photo_31452@08-05-2026_14-03-07.jpg,,,
33626,2026-05-08T14:03:08,photos/photo_31453@08-05-2026_14-03-08.jpg,,,
33627,2026-05-08T15:48:55,photos/photo_31454@08-05-2026_15-48-55.jpg,,https://c.onlyaff.app/8qbI6U,AMIRI —-> 19€ 💎
33628,2026-05-08T15:53:59,photos/photo_31455@08-05-2026_15-53-59.jpg,,https://c.onlyaff.app/8qc5w1,"POLO RALPH LAUREN (bañador) —-> 17€ 💎
11 Colores 🎨"
33629,2026-05-08T17:41:35,photos/photo_31456@08-05-2026_17-41-35.jpg,,https://c.onlyaff.app/8qiMj6,BAPE —-> 29€ 💎
33630,2026-05-08T18:50:37,photos/photo_31457@08-05-2026_18-50-37.jpg,,https://c.onlyaff.app/8vNXaf,ADIDAS Samba x MollyMae —-> 25€ 💎
33631,2026-05-08T18:52:14,photos/photo_31458@08-05-2026_18-52-14.jpg,,https://c.onlyaff.app/8qmtqp,"ADIDAS HyperBoost Edge —-> 37€ 💎
Muchos Colores 🎨"
33632,2026-05-08T18:55:25,photos/photo_31459@08-05-2026_18-55-25.jpg,,https://c.onlyaff.app/8qmDHx,"UNDER ARMOUR (conjunto) —-> 18€ 💎
Muchos Colores 🎨"
33633,2026-05-08T18:57:33,photos/photo_31460@08-05-2026_18-57-33.jpg,,https://c.onlyaff.app/8qmNRN,SYNA —-> 22€ 💎
33634,2026-05-08T18:57:34,photos/photo_31461@08-05-2026_18-57-34.jpg,,,
33635,2026-05-08T18:57:34,photos/photo_31462@08-05-2026_18-57-34.jpg,,,
33636,2026-05-08T20:39:32,photos/photo_31463@08-05-2026_20-39-32.jpg,,https://c.onlyaff.app/8qt77S,SYNA —-> 20€ 💎
33638,2026-05-09T08:46:01,photos/photo_31464@09-05-2026_08-46-01.jpg,,https://c.onlyaff.app/8qNy3M,ASICS Gel NYC 2.0 —-> 32€ 💎
33639,2026-05-09T08:46:01,photos/photo_31465@09-05-2026_08-46-01.jpg,,,
33640,2026-05-09T08:46:01,photos/photo_31466@09-05-2026_08-46-01.jpg,,,
33641,2026-05-09T08:52:01,photos/photo_31467@09-05-2026_08-52-01.jpg,,https://c.onlyaff.app/8qNMU9,"THE NORTH FACE Summit Vectiv Pro 3 —-> 35€ 💎
Varios Colores 🎨"
33642,2026-05-09T09:03:37,photos/photo_31468@09-05-2026_09-03-37.jpg,,https://c.onlyaff.app/8qOook,ADIDAS Gazelle Bold —-> 22€ 💎
33643,2026-05-09T09:03:37,photos/photo_31469@09-05-2026_09-03-37.jpg,,,
33644,2026-05-09T09:03:37,photos/photo_31470@09-05-2026_09-03-37.jpg,,,
33645,2026-05-09T09:03:37,photos/photo_31471@09-05-2026_09-03-37.jpg,,,
33646,2026-05-09T09:03:37,photos/photo_31472@09-05-2026_09-03-37.jpg,,,
33647,2026-05-09T09:03:37,photos/photo_31473@09-05-2026_09-03-37.jpg,,,
33648,2026-05-09T09:03:37,photos/photo_31474@09-05-2026_09-03-37.jpg,,,
33649,2026-05-09T09:03:37,photos/photo_31475@09-05-2026_09-03-37.jpg,,,
33650,2026-05-09T09:06:01,photos/photo_31476@09-05-2026_09-06-01.jpg,,https://c.onlyaff.app/8qWCLX,STUSSY —-> 21€ 💎
33651,2026-05-09T09:08:01,photos/photo_31477@09-05-2026_09-08-01.jpg,,https://c.onlyaff.app/8qWD47,ALO (conjunto) —-> 11€ 💎
33652,2026-05-09T09:10:13,photos/photo_31478@09-05-2026_09-10-13.jpg,,https://c.onlyaff.app/8qOAmi,"ADIDAS Terrex FreeHiker SL x GORE TEX —-> 33€ 💎
Muchos Colores 🎨"
33653,2026-05-09T09:24:01,photos/photo_31479@09-05-2026_09-24-01.jpg,,https://c.onlyaff.app/8qOQnr,"POLO RALPH LAUREN —-> 20€ 💎
Varios Colores 🎨"
33654,2026-05-09T09:34:01,photos/photo_31480@09-05-2026_09-34-01.jpg,,https://c.onlyaff.app/QifJ7,POLO RALPH LAUREN —-> 16€ 💎
33655,2026-05-09T09:34:30,photos/photo_31481@09-05-2026_09-34-30.jpg,,https://c.onlyaff.app/8qP9LW,"BIRKENSTOCK —-> 22€ 💎
Varios Colores 🎨"
33656,2026-05-09T09:36:01,photos/photo_31482@09-05-2026_09-36-01.jpg,,https://c.onlyaff.app/8qP2I3,"CORTEIZ —-> 24€ 💎
26 Modelos Diferentes 🎨"
33657,2026-05-09T09:44:01,photos/photo_31483@09-05-2026_09-44-01.jpg,,https://c.onlyaff.app/8qPgZF,BIRKENSTOCK —-> 22€ 💎
33658,2026-05-09T09:55:14,photos/photo_31484@09-05-2026_09-55-14.jpg,,https://c.onlyaff.app/8qWDhB,CORTEIZ —-> 18€ 💎
33659,2026-05-09T10:00:24,photos/photo_31485@09-05-2026_10-00-24.jpg,,https://c.onlyaff.app/8qWDyZ,STUSSY (bordado) —-> 21€ 💎
33660,2026-05-09T10:11:01,photos/photo_31486@09-05-2026_10-11-01.jpg,,https://c.onlyaff.app/8qWDON,ALO (unisex) —-> 18€ 💎
33661,2026-05-09T11:17:24,photos/photo_31487@09-05-2026_11-17-24.jpg,,https://c.onlyaff.app/8rxlea,"NEW BALANCE 530 —-> 19€ 💎
(YepExpress)"
33662,2026-05-09T11:17:24,photos/photo_31488@09-05-2026_11-17-24.jpg,,,
33663,2026-05-09T11:17:24,photos/photo_31489@09-05-2026_11-17-24.jpg,,,
33664,2026-05-09T11:17:24,photos/photo_31490@09-05-2026_11-17-24.jpg,,,
33665,2026-05-09T11:17:24,photos/photo_31491@09-05-2026_11-17-24.jpg,,,
33666,2026-05-09T11:17:24,photos/photo_31492@09-05-2026_11-17-24.jpg,,,
33667,2026-05-09T11:17:24,photos/photo_31493@09-05-2026_11-17-24.jpg,,,
33668,2026-05-09T12:19:22,photos/photo_31494@09-05-2026_12-19-22.jpg,,https://c.onlyaff.app/QmmDc,"POLO RALPH LAUREN —-> 38€ 💎
Muchos Colores 🎨"
33669,2026-05-09T13:21:51,photos/photo_31495@09-05-2026_13-21-51.jpg,,https://c.onlyaff.app/8rF51D,"APPLE Watch Serie 10 —-> 20€ 💎
🚨 Se agota muy rápido 💨 
(Fotos realizadas por mi) 📸"
33670,2026-05-09T13:21:52,photos/photo_31496@09-05-2026_13-21-52.jpg,,,
33671,2026-05-09T13:21:52,photos/photo_31497@09-05-2026_13-21-52.jpg,,,
33672,2026-05-09T13:24:26,photos/photo_31498@09-05-2026_13-24-26.jpg,,https://c.onlyaff.app/8rF9PF,ADIDAS x España —-> 20€ 💎
33673,2026-05-09T13:48:41,photos/photo_31499@09-05-2026_13-48-41.jpg,,https://c.onlyaff.app/8rGq1T,ADIDAS (pack 5) —-> 5€ 💎
33674,2026-05-09T15:54:57,photos/photo_31500@09-05-2026_15-54-57.jpg,,https://c.onlyaff.app/8rNqSD,"ADIDAS SL72 x BAD BUNNY —-> 36€ 💎
Nuevos Colores 🎨"
33675,2026-05-09T15:54:57,photos/photo_31501@09-05-2026_15-54-57.jpg,,,
33676,2026-05-09T15:54:57,photos/photo_31502@09-05-2026_15-54-57.jpg,,,
33677,2026-05-09T16:29:48,photos/photo_31503@09-05-2026_16-29-48.jpg,,https://c.onlyaff.app/8rQ1IW,SUPREME x DUCATI —-> 57€ 💎
33678,2026-05-09T16:29:48,photos/photo_31504@09-05-2026_16-29-48.jpg,,,
33679,2026-05-09T16:29:48,photos/photo_31505@09-05-2026_16-29-48.jpg,,,
33680,2026-05-09T16:30:39,photos/photo_31506@09-05-2026_16-30-39.jpg,,https://c.onlyaff.app/8rQ5Yf,JACQUEMUS —-> 22€ 💎
33681,2026-05-09T16:32:30,photos/photo_31507@09-05-2026_16-32-30.jpg,,https://c.onlyaff.app/8rQcuc,MERTRA —-> 31€ 💎
33682,2026-05-09T16:32:30,photos/photo_31508@09-05-2026_16-32-30.jpg,,,
33683,2026-05-09T16:32:30,photos/photo_31509@09-05-2026_16-32-30.jpg,,,
33684,2026-05-09T16:32:30,photos/photo_31510@09-05-2026_16-32-30.jpg,,,
33685,2026-05-09T16:32:30,photos/photo_31511@09-05-2026_16-32-30.jpg,,,
33686,2026-05-09T16:32:30,photos/photo_31512@09-05-2026_16-32-30.jpg,,,
33687,2026-05-09T16:32:30,photos/photo_31513@09-05-2026_16-32-30.jpg,,,
33688,2026-05-09T16:34:06,photos/photo_31514@09-05-2026_16-34-06.jpg,,https://c.onlyaff.app/8rQlbt,STUSSY —-> 38€ 💎
33689,2026-05-09T16:34:06,photos/photo_31515@09-05-2026_16-34-06.jpg,,,
33690,2026-05-09T16:35:39,photos/photo_31516@09-05-2026_16-35-39.jpg,,https://c.onlyaff.app/8rQvgF,AMIRI —-> 21€ 💎
33691,2026-05-09T16:42:05,photos/photo_31517@09-05-2026_16-42-05.jpg,,https://c.onlyaff.app/8rQPgR,"COACH —-> 35€ 💎
También en Denim 🎨"
33692,2026-05-09T16:42:05,photos/photo_31518@09-05-2026_16-42-05.jpg,,,
33693,2026-05-09T16:42:05,photos/photo_31519@09-05-2026_16-42-05.jpg,,,
33694,2026-05-09T16:47:39,photos/photo_31520@09-05-2026_16-47-39.jpg,,https://c.onlyaff.app/8rR1eH,ON CLOUD x FKA —-> 35€ 💎
33695,2026-05-09T16:47:39,photos/photo_31521@09-05-2026_16-47-39.jpg,,,
33696,2026-05-09T16:47:40,photos/photo_31522@09-05-2026_16-47-40.jpg,,,
33697,2026-05-09T16:47:40,photos/photo_31523@09-05-2026_16-47-40.jpg,,,
33698,2026-05-09T16:47:40,photos/photo_31524@09-05-2026_16-47-40.jpg,,,
33699,2026-05-09T16:57:16,photos/photo_31525@09-05-2026_16-57-16.jpg,,https://c.onlyaff.app/8rRpi5,ADIDAS Denim —-> 34€ 💎
33700,2026-05-09T17:04:52,photos/photo_31526@09-05-2026_17-04-52.jpg,,https://c.onlyaff.app/8rRFWQ,VANS Knu Skool —-> 35€ 💎
33701,2026-05-09T17:04:52,photos/photo_31527@09-05-2026_17-04-52.jpg,,,
33702,2026-05-09T17:04:52,photos/photo_31528@09-05-2026_17-04-52.jpg,,,
33703,2026-05-09T17:06:16,photos/photo_31529@09-05-2026_17-06-16.jpg,,https://c.onlyaff.app/8rRKnu,CARHARTT —-> 14€ 💎
33704,2026-05-09T18:12:00,photos/photo_31530@09-05-2026_18-12-00.jpg,,https://c.onlyaff.app/8rVBjE,ADIDAS Paris x ANFU —-> 38€ 💎
33705,2026-05-09T18:19:53,photos/photo_31531@09-05-2026_18-19-53.jpg,,https://c.onlyaff.app/8rVZAM,NEW ERA —-> 5€ 💎
33706,2026-05-09T18:54:58,photos/photo_31532@09-05-2026_18-54-58.jpg,,https://c.onlyaff.app/8rXkGp,"ADIDAS ""Animal Print"" —-> 20€ 💎"
33707,2026-05-09T18:54:58,photos/photo_31533@09-05-2026_18-54-58.jpg,,,
33708,2026-05-09T18:54:58,photos/photo_31534@09-05-2026_18-54-58.jpg,,,
33709,2026-05-09T19:45:02,photos/photo_31535@09-05-2026_19-45-02.jpg,,https://c.onlyaff.app/8rZSqJ,CORTEIZ —-> 8€ 💎
33710,2026-05-09T19:47:01,photos/photo_31536@09-05-2026_19-47-01.jpg,,https://c.onlyaff.app/8s05jr,CARHARTT —-> 8€ 💎
33711,2026-05-09T19:53:59,photos/photo_31537@09-05-2026_19-53-59.jpg,,https://c.onlyaff.app/8s0pSk,"ADIDAS Spezial —-> 20€ 💎
14 Nuevos Colores 🎨"
33712,2026-05-09T19:53:59,photos/photo_31538@09-05-2026_19-53-59.jpg,,,
33713,2026-05-09T19:53:59,photos/photo_31539@09-05-2026_19-53-59.jpg,,,
33714,2026-05-09T19:53:59,photos/photo_31540@09-05-2026_19-53-59.jpg,,,
33715,2026-05-09T19:54:00,photos/photo_31541@09-05-2026_19-54-00.jpg,,,
33716,2026-05-09T19:54:00,photos/photo_31542@09-05-2026_19-54-00.jpg,,,
33717,2026-05-09T19:54:00,photos/photo_31543@09-05-2026_19-54-00.jpg,,,
33718,2026-05-09T19:54:00,photos/photo_31544@09-05-2026_19-54-00.jpg,,,
33719,2026-05-09T19:54:00,photos/photo_31545@09-05-2026_19-54-00.jpg,,,
33720,2026-05-09T19:54:00,photos/photo_31546@09-05-2026_19-54-00.jpg,,,
33723,2026-05-10T08:56:01,photos/photo_31547@10-05-2026_08-56-01.jpg,,https://c.onlyaff.app/QskT0,"BIRKENSTOCK —-> 14€ 💎
Muchos Colores 🎨"
33724,2026-05-10T09:03:39,photos/photo_31548@10-05-2026_09-03-39.jpg,,https://c.onlyaff.app/8sznmJ,ESSENTIALS —-> 31€ 💎
33725,2026-05-10T09:05:09,photos/photo_31549@10-05-2026_09-05-09.jpg,,https://c.onlyaff.app/8szodo,ADIDAS —-> 23€ 💎
33726,2026-05-10T09:10:12,photos/photo_31550@10-05-2026_09-10-12.jpg,,https://c.onlyaff.app/8szop2,"BAPE —-> 27€ 💎
También en Blanco 🎨"
33727,2026-05-10T09:12:01,photos/photo_31551@10-05-2026_09-12-01.jpg,,https://c.onlyaff.app/8szoKp,"ADIDAS (chándal completo unisex) —-> 35€ 💎
Varios Colores 🎨"
33728,2026-05-10T09:15:10,photos/photo_31552@10-05-2026_09-15-10.jpg,,https://c.onlyaff.app/8szrdv,ADIDAS —-> 26€ 💎
33729,2026-05-10T09:18:01,photos/photo_31553@10-05-2026_09-18-01.jpg,,https://c.onlyaff.app/8szKQV,"POLO RALPH LAUREN —-> 9€ 💎
Muchos Colores 🎨"
33730,2026-05-10T09:20:14,photos/photo_31554@10-05-2026_09-20-14.jpg,,https://c.onlyaff.app/8szuln,"MIU MIU —-> 7€ 💎
Muchos Colores 🎨"
33731,2026-05-10T09:24:01,photos/photo_31555@10-05-2026_09-24-01.jpg,,https://c.onlyaff.app/8sztfy,ESSENTIALS x FEAR OF GOD (bañador) —-> 26€ 💎
33732,2026-05-10T09:24:01,photos/photo_31556@10-05-2026_09-24-01.jpg,,,
33733,2026-05-10T09:24:01,photos/photo_31557@10-05-2026_09-24-01.jpg,,,
33734,2026-05-10T09:24:01,photos/photo_31558@10-05-2026_09-24-01.jpg,,,
33735,2026-05-10T09:24:01,photos/photo_31559@10-05-2026_09-24-01.jpg,,,
33736,2026-05-10T09:28:01,photos/photo_31560@10-05-2026_09-28-01.jpg,,https://c.onlyaff.app/QsmF8,SOL DE JANEIRO —-> 17€ 💎
33737,2026-05-10T09:36:01,photos/photo_31561@10-05-2026_09-36-01.jpg,,https://c.onlyaff.app/8szwkn,ADIDAS Samba OG —-> 22€ 💎
33738,2026-05-10T09:36:01,photos/photo_31562@10-05-2026_09-36-01.jpg,,,
33739,2026-05-10T09:36:01,photos/photo_31563@10-05-2026_09-36-01.jpg,,,
33740,2026-05-10T09:40:13,photos/photo_31564@10-05-2026_09-40-13.jpg,,https://c.onlyaff.app/8szFEk,CARHARTT —-> 29€ 💎
33741,2026-05-10T09:44:01,photos/photo_31565@10-05-2026_09-44-01.jpg,,https://c.onlyaff.app/8szwLp,"VEJA —-> 24€ 💎
13 Colores 🎨"
33742,2026-05-10T09:50:11,photos/photo_31566@10-05-2026_09-50-11.jpg,,https://c.onlyaff.app/8szBPd,"GOLDEN GOOSE —-> 29€ 💎
Muchos Colores 🎨"
33743,2026-05-10T09:50:12,photos/photo_31567@10-05-2026_09-50-12.jpg,,,
33744,2026-05-10T09:50:12,photos/photo_31568@10-05-2026_09-50-12.jpg,,,
33745,2026-05-10T10:01:02,photos/photo_31569@10-05-2026_10-01-02.jpg,,https://c.onlyaff.app/8szDw2,"ON CLOUD Flow 5 —-> 33€ 💎
12 Colores 🎨"
33746,2026-05-10T10:02:01,photos/photo_31570@10-05-2026_10-02-01.jpg,,https://c.onlyaff.app/8nNgAw,CAROLINA HERRERA —-> 35€💎
33747,2026-05-10T10:08:01,photos/photo_31571@10-05-2026_10-08-01.jpg,,https://c.onlyaff.app/8szMSA,"Proyector Android 4K Wifi —-> 70€ 💎

🚨 Producto perfecto para que aprovechéis la promo del 90%, os queda en menos de 7€ ! ✅

Calidad 🔝"
33748,2026-05-10T10:11:01,photos/photo_31572@10-05-2026_10-11-01.jpg,,https://c.onlyaff.app/8szFm6,"CARHARTT (conjunto) —-> 42€ 💎
Muchos Colores 🎨"
33749,2026-05-10T10:14:01,photos/photo_31573@10-05-2026_10-14-01.jpg,,https://c.onlyaff.app/8szGn1,AIME LEON DORE —-> 15€ 💎
33750,2026-05-10T10:20:08,photos/photo_31574@10-05-2026_10-20-08.jpg,,https://c.onlyaff.app/8szJfC,MONCLER —-> 7€ 💎
33751,2026-05-10T10:24:01,photos/photo_31575@10-05-2026_10-24-01.jpg,,https://c.onlyaff.app/8szKpo,"POLO RALPH LAUREN —-> 18€ 💎
14 Modelos 🎨"
33752,2026-05-10T10:36:01,photos/photo_31576@10-05-2026_10-36-01.jpg,,https://c.onlyaff.app/8szQhO,GALLERY DEPT —-> 8€ 💎
33753,2026-05-10T10:38:01,photos/photo_31577@10-05-2026_10-38-01.jpg,,https://c.onlyaff.app/8szPtu,CORTEIZ (conjunto) —-> 19€ 💎
33754,2026-05-10T10:44:01,photos/photo_31578@10-05-2026_10-44-01.jpg,,https://c.onlyaff.app/8szRas,"CARHARTT (conjunto bordado) —-> 19€ 💎
Muchos Colores 🎨"
33755,2026-05-10T12:21:55,photos/photo_31579@10-05-2026_12-21-55.jpg,,https://c.onlyaff.app/8taf0T,"YEEZY Slide —-> 9€ 💎
10 Colores 🎨"
33756,2026-05-10T12:21:55,photos/photo_31580@10-05-2026_12-21-55.jpg,,,
33757,2026-05-10T12:21:55,photos/photo_31581@10-05-2026_12-21-55.jpg,,,
33758,2026-05-10T12:21:55,photos/photo_31582@10-05-2026_12-21-55.jpg,,,
33759,2026-05-10T12:21:55,photos/photo_31583@10-05-2026_12-21-55.jpg,,,
33760,2026-05-10T14:42:06,photos/photo_31584@10-05-2026_14-42-06.jpg,,https://c.onlyaff.app/8ticQv,ADIDAS Argentina Entrenamiento 2026 —-> 10€ 💎
33762,2026-05-10T15:30:59,photos/photo_31585@10-05-2026_15-30-59.jpg,,https://c.onlyaff.app/8tlFhA,ADIDAS Samba x WALES BONNER —-> 24€ 💎
33763,2026-05-10T15:33:28,photos/photo_31586@10-05-2026_15-33-28.jpg,,https://c.onlyaff.app/8tlQa6,ADIDAS Spezial —-> 23€ 💎
33764,2026-05-10T15:46:18,photos/photo_31587@10-05-2026_15-46-18.jpg,,https://c.onlyaff.app/8tmGYg,AIME LEON DORE —-> 19€ 💎
33765,2026-05-10T15:46:18,photos/photo_31588@10-05-2026_15-46-18.jpg,,,
33766,2026-05-10T15:46:18,photos/photo_31589@10-05-2026_15-46-18.jpg,,,
33767,2026-05-10T15:52:38,photos/photo_31590@10-05-2026_15-52-38.jpg,,https://c.onlyaff.app/8tn9AO,CARHARTT (bordado) —-> 13€ 💎
33768,2026-05-10T15:52:38,photos/photo_31591@10-05-2026_15-52-38.jpg,,,
33769,2026-05-10T15:52:38,photos/photo_31592@10-05-2026_15-52-38.jpg,,,
33770,2026-05-10T15:54:23,photos/photo_31593@10-05-2026_15-54-23.jpg,,https://c.onlyaff.app/8tnhh3,CARHARTT —-> 16€ 💎
33771,2026-05-10T15:54:23,photos/photo_31594@10-05-2026_15-54-23.jpg,,,
33772,2026-05-10T15:54:23,photos/photo_31595@10-05-2026_15-54-23.jpg,,,
33773,2026-05-10T16:06:56,photos/photo_31596@10-05-2026_16-06-56.jpg,,https://c.onlyaff.app/8tohQG,"NEW BALANCE 509 —-> 28€ 💎
11 Colores 🎨
(YepExpress)"
33774,2026-05-10T16:06:56,photos/photo_31597@10-05-2026_16-06-56.jpg,,,
33775,2026-05-10T16:06:56,photos/photo_31598@10-05-2026_16-06-56.jpg,,,
33776,2026-05-10T16:06:56,photos/photo_31599@10-05-2026_16-06-56.jpg,,,
33777,2026-05-10T16:06:56,photos/photo_31600@10-05-2026_16-06-56.jpg,,,
33778,2026-05-10T16:06:56,photos/photo_31601@10-05-2026_16-06-56.jpg,,,
33789,2026-05-10T16:17:40,photos/photo_31602@10-05-2026_16-17-40.jpg,,https://c.onlyaff.app/8toFWj,"NIKE Shox Z —-> 30€ 💎
18 Colores 🎨
(YepExpress)"
33790,2026-05-10T16:17:40,photos/photo_31603@10-05-2026_16-17-40.jpg,,,
33791,2026-05-10T16:17:40,photos/photo_31604@10-05-2026_16-17-40.jpg,,,
33792,2026-05-10T16:17:40,photos/photo_31605@10-05-2026_16-17-40.jpg,,,
33793,2026-05-10T16:17:40,photos/photo_31606@10-05-2026_16-17-40.jpg,,,
33794,2026-05-10T16:17:40,photos/photo_31607@10-05-2026_16-17-40.jpg,,,
33795,2026-05-10T16:17:40,photos/photo_31608@10-05-2026_16-17-40.jpg,,,
33796,2026-05-10T16:17:40,photos/photo_31609@10-05-2026_16-17-40.jpg,,,
33797,2026-05-10T16:17:40,photos/photo_31610@10-05-2026_16-17-40.jpg,,,
33798,2026-05-10T16:17:40,photos/photo_31611@10-05-2026_16-17-40.jpg,,,
33799,2026-05-10T16:23:12,photos/photo_31612@10-05-2026_16-23-12.jpg,,https://c.onlyaff.app/8tp0YK,DR MARTENS —-> 35€ 💎
33800,2026-05-10T16:23:12,photos/photo_31613@10-05-2026_16-23-12.jpg,,,
33801,2026-05-10T16:23:12,photos/photo_31614@10-05-2026_16-23-12.jpg,,,
33802,2026-05-10T16:23:12,photos/photo_31615@10-05-2026_16-23-12.jpg,,,
33803,2026-05-10T16:23:12,photos/photo_31616@10-05-2026_16-23-12.jpg,,,
33804,2026-05-10T16:23:12,photos/photo_31617@10-05-2026_16-23-12.jpg,,,
33805,2026-05-10T16:23:12,photos/photo_31618@10-05-2026_16-23-12.jpg,,,
33806,2026-05-10T16:23:12,photos/photo_31619@10-05-2026_16-23-12.jpg,,,
33807,2026-05-10T16:26:30,photos/photo_31620@10-05-2026_16-26-30.jpg,,https://c.onlyaff.app/8tpdR1,"ADIDAS —-> 11€ 💎
Varios Colores 🎨"
33808,2026-05-10T16:28:31,photos/photo_31621@10-05-2026_16-28-31.jpg,,https://c.onlyaff.app/Qxx3X,"MONCLER —-> 16€ 💎
Varios Colores 🎨"
33809,2026-05-10T16:32:43,photos/photo_31622@10-05-2026_16-32-43.jpg,,https://c.onlyaff.app/Qxz95,"MONCLER —-> 13€ 💎
También en Verde 🎨"
33810,2026-05-10T16:54:11,photos/photo_31623@10-05-2026_16-54-11.jpg,,https://c.onlyaff.app/8trvbA,ADIDAS España Mundial 2026 —-> 13€ 💎
33811,2026-05-10T16:54:11,photos/photo_31624@10-05-2026_16-54-11.jpg,,,
33812,2026-05-10T16:54:11,photos/photo_31625@10-05-2026_16-54-11.jpg,,,
33813,2026-05-10T16:58:09,photos/photo_31626@10-05-2026_16-58-09.jpg,,https://c.onlyaff.app/8trDBg,HUMMEL Malaga 2026 —-> 13€ 💎
33814,2026-05-10T16:58:09,photos/photo_31627@10-05-2026_16-58-09.jpg,,,
33815,2026-05-10T16:58:09,photos/photo_31628@10-05-2026_16-58-09.jpg,,,
33816,2026-05-10T16:59:46,photos/photo_31629@10-05-2026_16-59-46.jpg,,https://c.onlyaff.app/QxM1l,ZADIG & VOLTAIRE —-> 21€ 💎
33827,2026-05-10T17:38:04,photos/photo_31630@10-05-2026_17-38-04.jpg,,https://c.onlyaff.app/8tty5J,"ONITSUKA TIGER Mexico —-> 24€ 💎
16 Colores 🎨"
33828,2026-05-10T17:38:04,photos/photo_31631@10-05-2026_17-38-04.jpg,,,
33829,2026-05-10T17:38:05,photos/photo_31632@10-05-2026_17-38-05.jpg,,,
33830,2026-05-10T17:38:05,photos/photo_31633@10-05-2026_17-38-05.jpg,,,
33831,2026-05-10T17:38:05,photos/photo_31634@10-05-2026_17-38-05.jpg,,,
33832,2026-05-10T17:38:05,photos/photo_31635@10-05-2026_17-38-05.jpg,,,
33833,2026-05-10T17:38:05,photos/photo_31636@10-05-2026_17-38-05.jpg,,,
33834,2026-05-10T17:38:05,photos/photo_31637@10-05-2026_17-38-05.jpg,,,
33835,2026-05-10T17:38:05,photos/photo_31638@10-05-2026_17-38-05.jpg,,,
33836,2026-05-10T17:38:05,photos/photo_31639@10-05-2026_17-38-05.jpg,,,
33837,2026-05-10T17:51:35,photos/photo_31640@10-05-2026_17-51-35.jpg,,https://c.onlyaff.app/8tuq0M,"ZADIG & VOLTAIRE (grande) —-> 26€ 💎
Muchos Colores 🎨"
33838,2026-05-10T17:56:23,photos/photo_31641@10-05-2026_17-56-23.jpg,,https://c.onlyaff.app/8tuHdU,"LONGCHAMP MiniBag —-> 15€ 💎
15 Colores 🎨"
33839,2026-05-10T17:59:28,photos/photo_31642@10-05-2026_17-59-28.jpg,,https://c.onlyaff.app/8tuSFk,"ON CLOUD x LOEWE —-> 31€ 💎
Varios Colores 🎨"
33840,2026-05-10T17:59:28,photos/photo_31643@10-05-2026_17-59-28.jpg,,,
33841,2026-05-10T17:59:28,photos/photo_31644@10-05-2026_17-59-28.jpg,,,
33842,2026-05-10T18:04:04,photos/photo_31645@10-05-2026_18-04-04.jpg,,https://c.onlyaff.app/8tvbWz,"BAPE Sta —-> 32€ 💎
Varios Colores 🎨"
33843,2026-05-10T18:04:04,photos/photo_31646@10-05-2026_18-04-04.jpg,,,
33844,2026-05-10T18:04:04,photos/photo_31647@10-05-2026_18-04-04.jpg,,,
33845,2026-05-10T18:37:05,photos/photo_31648@10-05-2026_18-37-05.jpg,,https://c.onlyaff.app/8tyu8v,"PATAGONIA —-> 7€ 💎
Varios Colores 🎨"
33846,2026-05-10T18:44:35,photos/photo_31649@10-05-2026_18-44-35.jpg,,https://c.onlyaff.app/8tyZ3A,ALO —-> 17€ 💎
33847,2026-05-10T18:48:40,photos/photo_31650@10-05-2026_18-48-40.jpg,,https://c.onlyaff.app/8tze2x,CAROLINA HERRERA —-> 24€ 💎
33848,2026-05-10T18:48:40,photos/photo_31651@10-05-2026_18-48-40.jpg,,,
33849,2026-05-10T18:48:40,photos/photo_31652@10-05-2026_18-48-40.jpg,,,
33850,2026-05-10T19:17:26,photos/photo_31653@10-05-2026_19-17-26.jpg,,https://c.onlyaff.app/8tAZAH,OFF WHITE —-> 37€ 💎
33851,2026-05-10T19:17:26,photos/photo_31654@10-05-2026_19-17-26.jpg,,,
33853,2026-05-10T19:17:26,photos/photo_31655@10-05-2026_19-17-26.jpg,,,
33854,2026-05-10T19:17:26,photos/photo_31656@10-05-2026_19-17-26.jpg,,,
33855,2026-05-10T19:17:26,photos/photo_31657@10-05-2026_19-17-26.jpg,,,
33856,2026-05-10T19:17:26,photos/photo_31658@10-05-2026_19-17-26.jpg,,,
33857,2026-05-10T19:17:26,photos/photo_31659@10-05-2026_19-17-26.jpg,,,
33858,2026-05-10T19:17:26,photos/photo_31660@10-05-2026_19-17-26.jpg,,,
33859,2026-05-10T20:10:24,photos/photo_31661@10-05-2026_20-10-24.jpg,,https://c.onlyaff.app/8tI0CW,UNDER ARMOUR —-> 21€ 💎
33860,2026-05-10T20:10:24,photos/photo_31662@10-05-2026_20-10-24.jpg,,,
33861,2026-05-10T20:10:24,photos/photo_31663@10-05-2026_20-10-24.jpg,,,
33862,2026-05-10T20:42:48,photos/photo_31664@10-05-2026_20-42-48.jpg,,https://c.onlyaff.app/8tRQwR,CONVERSE —-> 24€ 💎
33863,2026-05-10T20:42:48,photos/photo_31665@10-05-2026_20-42-48.jpg,,,
33864,2026-05-10T20:42:48,photos/photo_31666@10-05-2026_20-42-48.jpg,,,
33865,2026-05-10T21:46:56,photos/photo_31667@10-05-2026_21-46-56.jpg,,https://c.onlyaff.app/8u6cJ0,"ADIDAS SL72 Pro ""Multicolor"" —-> 31€ 💎"
33867,2026-05-11T09:48:51,photos/photo_31668@11-05-2026_09-48-51.jpg,,https://c.onlyaff.app/8ulpf0,ASICS GT2000 —-> 38€ 💎
33868,2026-05-11T09:48:51,photos/photo_31669@11-05-2026_09-48-51.jpg,,,
33869,2026-05-11T09:48:51,photos/photo_31670@11-05-2026_09-48-51.jpg,,,
33870,2026-05-11T09:48:51,photos/photo_31671@11-05-2026_09-48-51.jpg,,,
33871,2026-05-11T09:48:52,photos/photo_31672@11-05-2026_09-48-52.jpg,,,
33872,2026-05-11T09:48:52,photos/photo_31673@11-05-2026_09-48-52.jpg,,,
33873,2026-05-11T11:41:48,photos/photo_31674@11-05-2026_11-41-48.jpg,,https://c.onlyaff.app/8uQLmf,JACQUEMUS —-> 7€ 💎
33874,2026-05-11T13:08:06,photos/photo_31675@11-05-2026_13-08-06.jpg,,https://c.onlyaff.app/8uUQl7,ADIDAS Forum —-> 27€ 💎
33875,2026-05-11T13:08:06,photos/photo_31676@11-05-2026_13-08-06.jpg,,,
33876,2026-05-11T13:08:06,photos/photo_31677@11-05-2026_13-08-06.jpg,,,
33877,2026-05-11T13:08:06,photos/photo_31678@11-05-2026_13-08-06.jpg,,,
33878,2026-05-11T13:08:06,photos/photo_31679@11-05-2026_13-08-06.jpg,,,
33879,2026-05-11T13:08:06,photos/photo_31680@11-05-2026_13-08-06.jpg,,,
33880,2026-05-11T13:08:07,photos/photo_31681@11-05-2026_13-08-07.jpg,,,
33881,2026-05-11T15:03:58,photos/photo_31682@11-05-2026_15-03-58.jpg,,https://c.onlyaff.app/8v1czI,SP5DER —-> 20€ 💎
33882,2026-05-11T15:03:58,photos/photo_31683@11-05-2026_15-03-58.jpg,,,
33883,2026-05-11T15:03:58,photos/photo_31684@11-05-2026_15-03-58.jpg,,,
33884,2026-05-11T15:03:58,photos/photo_31685@11-05-2026_15-03-58.jpg,,,
33885,2026-05-11T15:03:58,photos/photo_31686@11-05-2026_15-03-58.jpg,,,
33886,2026-05-11T15:03:58,photos/photo_31687@11-05-2026_15-03-58.jpg,,,
33887,2026-05-11T15:04:55,photos/photo_31688@11-05-2026_15-04-55.jpg,,https://c.onlyaff.app/8v1hyn,SP5DER x TRAVIS SCOTT —-> 23€ 💎
33888,2026-05-11T15:13:19,photos/photo_31689@11-05-2026_15-13-19.jpg,,https://c.onlyaff.app/8v1JMl,ADIDAS Spezial x LIBERTY LONDON —-> 26€ 💎
33889,2026-05-11T15:49:09,photos/photo_31690@11-05-2026_15-49-09.jpg,,https://c.onlyaff.app/8v3dlZ,"ASICS Gel Quantum 360 —-> 34€ 💎
14 Colores 🎨"
33890,2026-05-11T15:49:09,photos/photo_31691@11-05-2026_15-49-09.jpg,,,
33891,2026-05-11T15:49:09,photos/photo_31692@11-05-2026_15-49-09.jpg,,,
33892,2026-05-11T15:49:09,photos/photo_31693@11-05-2026_15-49-09.jpg,,,
33893,2026-05-11T15:49:09,photos/photo_31694@11-05-2026_15-49-09.jpg,,,
33894,2026-05-11T15:49:09,photos/photo_31695@11-05-2026_15-49-09.jpg,,,
33896,2026-05-11T15:49:09,photos/photo_31696@11-05-2026_15-49-09.jpg,,,
33897,2026-05-11T15:49:09,photos/photo_31697@11-05-2026_15-49-09.jpg,,,
33898,2026-05-11T15:49:10,photos/photo_31698@11-05-2026_15-49-10.jpg,,,
33899,2026-05-11T17:38:39,photos/photo_31699@11-05-2026_17-38-39.jpg,,https://c.onlyaff.app/8v8o4L,NIKE Tech Fleece —-> 24€ 💎
33900,2026-05-11T17:38:39,photos/photo_31700@11-05-2026_17-38-39.jpg,,,
33901,2026-05-11T17:38:39,photos/photo_31701@11-05-2026_17-38-39.jpg,,,
33902,2026-05-11T17:38:39,photos/photo_31702@11-05-2026_17-38-39.jpg,,,
33903,2026-05-11T17:38:39,photos/photo_31703@11-05-2026_17-38-39.jpg,,,
33904,2026-05-11T18:59:54,photos/photo_31704@11-05-2026_18-59-54.jpg,,https://c.onlyaff.app/8vdI1N,"UNDER ARMOUR (conjunto) —-> 17€ 💎
Varios Colores 🎨"
33905,2026-05-11T20:13:00,photos/photo_31705@11-05-2026_20-13-00.jpg,,https://c.onlyaff.app/8vnFc4,ADIDAS Samba x WALES BONNER —-> 26€ 💎
33906,2026-05-11T20:13:00,photos/photo_31706@11-05-2026_20-13-00.jpg,,,
33907,2026-05-11T20:13:00,photos/photo_31707@11-05-2026_20-13-00.jpg,,,
33908,2026-05-11T20:13:00,photos/photo_31708@11-05-2026_20-13-00.jpg,,,
33909,2026-05-11T20:18:56,photos/photo_31709@11-05-2026_20-18-56.jpg,,https://c.onlyaff.app/8vqijk,ASICS Gel 12.1 x KITH x MARVEL —-> 35€ 💎
33910,2026-05-11T20:18:56,photos/photo_31710@11-05-2026_20-18-56.jpg,,,
33911,2026-05-11T20:18:56,photos/photo_31711@11-05-2026_20-18-56.jpg,,,
33912,2026-05-11T20:57:22,photos/photo_31712@11-05-2026_20-57-22.jpg,,https://c.onlyaff.app/8vGk6l,"GYMSHARK —-> 10€ 💎
Muchos Colores 🎨"
33913,2026-05-11T21:10:33,photos/photo_31713@11-05-2026_21-10-33.jpg,,https://c.onlyaff.app/5hbye,STUSSY —-> 7€ 💎
33914,2026-05-11T21:13:36,photos/photo_31714@11-05-2026_21-13-36.jpg,,https://c.onlyaff.app/8vIPcL,ADIDAS M.UNITED —-> 21€ 💎
33915,2026-05-11T21:56:00,photos/photo_31715@11-05-2026_21-56-00.jpg,,https://c.onlyaff.app/8vLpot,"CONVERSE —-> 32€ 💎
18 Colores 🎨"
33916,2026-05-11T22:06:55,photos/photo_31716@11-05-2026_22-06-55.jpg,,https://c.onlyaff.app/8vLY81,BEATS x KIM KARDASHIAN —-> 34€ 💎
33917,2026-05-11T22:06:55,photos/photo_31717@11-05-2026_22-06-55.jpg,,,
33918,2026-05-11T22:06:55,photos/photo_31718@11-05-2026_22-06-55.jpg,,,
33919,2026-05-11T22:11:31,photos/photo_31719@11-05-2026_22-11-31.jpg,,https://c.onlyaff.app/8vMh8T,"HOKA Bondi 9 —-> 28€ 💎
24 Colores 🎨"
33920,2026-05-11T22:11:31,photos/photo_31720@11-05-2026_22-11-31.jpg,,,
33921,2026-05-11T22:11:31,photos/photo_31721@11-05-2026_22-11-31.jpg,,,
33922,2026-05-11T22:11:31,photos/photo_31722@11-05-2026_22-11-31.jpg,,,
33923,2026-05-11T22:11:31,photos/photo_31723@11-05-2026_22-11-31.jpg,,,
33924,2026-05-11T22:11:31,photos/photo_31724@11-05-2026_22-11-31.jpg,,,
33925,2026-05-11T22:11:31,photos/photo_31725@11-05-2026_22-11-31.jpg,,,
33926,2026-05-11T22:11:31,photos/photo_31726@11-05-2026_22-11-31.jpg,,,
33927,2026-05-11T22:11:31,photos/photo_31727@11-05-2026_22-11-31.jpg,,,
33928,2026-05-11T22:11:31,photos/photo_31728@11-05-2026_22-11-31.jpg,,,
33930,2026-05-12T10:06:50,photos/photo_31729@12-05-2026_10-06-50.jpg,,https://c.onlyaff.app/8vLTFK,CARHARTT —-> 8€💎
33931,2026-05-12T11:08:42,photos/photo_31730@12-05-2026_11-08-42.jpg,,https://c.onlyaff.app/8wgQpX,"CONVERSE —-> 24€ 💎
12 Colores 🎨"
33932,2026-05-12T11:08:42,photos/photo_31731@12-05-2026_11-08-42.jpg,,,
33933,2026-05-12T11:08:42,photos/photo_31732@12-05-2026_11-08-42.jpg,,,
33934,2026-05-12T11:08:42,photos/photo_31733@12-05-2026_11-08-42.jpg,,,
33935,2026-05-12T11:08:42,photos/photo_31734@12-05-2026_11-08-42.jpg,,,
33936,2026-05-12T11:08:42,photos/photo_31735@12-05-2026_11-08-42.jpg,,,
33937,2026-05-12T11:08:42,photos/photo_31736@12-05-2026_11-08-42.jpg,,,
33938,2026-05-12T11:08:42,photos/photo_31737@12-05-2026_11-08-42.jpg,,,
33939,2026-05-12T11:08:42,photos/photo_31738@12-05-2026_11-08-42.jpg,,,
33940,2026-05-12T11:08:42,photos/photo_31739@12-05-2026_11-08-42.jpg,,,
33941,2026-05-12T11:28:04,photos/photo_31740@12-05-2026_11-28-04.jpg,,https://c.onlyaff.app/8wndWy,ADIDAS —-> 25€ 💎
33942,2026-05-12T11:28:04,photos/photo_31741@12-05-2026_11-28-04.jpg,,,
33943,2026-05-12T11:28:04,photos/photo_31742@12-05-2026_11-28-04.jpg,,,
33944,2026-05-12T12:14:38,photos/photo_31743@12-05-2026_12-14-38.jpg,,https://c.onlyaff.app/8wtgdn,POLO RALPH LAUREN —-> 19€ 💎
33945,2026-05-12T12:14:38,photos/photo_31744@12-05-2026_12-14-38.jpg,,,
33946,2026-05-12T12:14:38,photos/photo_31745@12-05-2026_12-14-38.jpg,,,
33947,2026-05-12T14:19:26,photos/photo_31746@12-05-2026_14-19-26.jpg,,https://c.onlyaff.app/8wC2wP,CAROLINA HERRERA —-> 34€ 💎
33948,2026-05-12T14:19:26,photos/photo_31747@12-05-2026_14-19-26.jpg,,,
33949,2026-05-12T14:19:26,photos/photo_31748@12-05-2026_14-19-26.jpg,,,
33950,2026-05-12T14:19:26,photos/photo_31749@12-05-2026_14-19-26.jpg,,,
33951,2026-05-12T14:19:26,photos/photo_31750@12-05-2026_14-19-26.jpg,,,
33952,2026-05-12T14:20:36,photos/photo_31751@12-05-2026_14-20-36.jpg,,https://c.onlyaff.app/8wC9Cf,POLO RALPH LAUREN (pack 3)—-> 10€ 💎
33953,2026-05-12T14:21:56,photos/photo_31752@12-05-2026_14-21-56.jpg,,https://c.onlyaff.app/8wCfGC,"AUTRY Medalist —-> 40€ 💎
Muchos Colores 🎨
(Fotos realizadas por mi) 📸"
33954,2026-05-12T14:21:56,photos/photo_31753@12-05-2026_14-21-56.jpg,,,
33955,2026-05-12T14:21:56,photos/photo_31754@12-05-2026_14-21-56.jpg,,,
33956,2026-05-12T15:02:01,photos/photo_31755@12-05-2026_15-02-01.jpg,,https://c.onlyaff.app/8wE9bS,"ADIDAS (chándal completo) —-> 40€ 💎
Varios Colores 🎨"
33957,2026-05-12T16:00:38,photos/photo_31756@12-05-2026_16-00-38.jpg,,https://c.onlyaff.app/8wH970,LEVIS x DENIM TEARS —-> 32€ 💎
33958,2026-05-12T16:00:39,photos/photo_31757@12-05-2026_16-00-39.jpg,,,
33959,2026-05-12T16:00:39,photos/photo_31758@12-05-2026_16-00-39.jpg,,,
33960,2026-05-12T16:04:43,photos/photo_31759@12-05-2026_16-04-43.jpg,,https://c.onlyaff.app/5hN9B,NIKE Francia —-> 25€ 💎
33961,2026-05-12T16:04:43,photos/photo_31760@12-05-2026_16-04-43.jpg,,,
33962,2026-05-12T16:05:43,photos/photo_31761@12-05-2026_16-05-43.jpg,,https://c.onlyaff.app/8wHk5Z,ON (conjunto) —-> 19€ 💎
33963,2026-05-12T16:26:18,photos/photo_31762@12-05-2026_16-26-18.jpg,,https://c.onlyaff.app/QS0A8,"NIKE Air Max TN Plus —-> 40€ 💎
22 Colores y Colaboraciones 🎨
(YepExpress)"
33964,2026-05-12T16:26:18,photos/photo_31763@12-05-2026_16-26-18.jpg,,,
33965,2026-05-12T16:26:18,photos/photo_31764@12-05-2026_16-26-18.jpg,,,
33966,2026-05-12T16:26:18,photos/photo_31765@12-05-2026_16-26-18.jpg,,,
33967,2026-05-12T16:26:18,photos/photo_31766@12-05-2026_16-26-18.jpg,,,
33968,2026-05-12T16:26:18,photos/photo_31767@12-05-2026_16-26-18.jpg,,,
33969,2026-05-12T16:26:18,photos/photo_31768@12-05-2026_16-26-18.jpg,,,
33970,2026-05-12T16:26:18,photos/photo_31769@12-05-2026_16-26-18.jpg,,,
33971,2026-05-12T16:26:19,photos/photo_31770@12-05-2026_16-26-19.jpg,,,
33972,2026-05-12T16:26:19,photos/photo_31771@12-05-2026_16-26-19.jpg,,,
33973,2026-05-12T16:29:34,photos/photo_31772@12-05-2026_16-29-34.jpg,,https://c.onlyaff.app/8wIlIm,"AMIRI —-> 14€ 💎
27 Modelos 🎨"
33974,2026-05-12T19:33:19,photos/photo_31773@12-05-2026_19-33-19.jpg,,https://c.onlyaff.app/QTi8q,"NIKE Metcon 10 —-> 38€ 💎
12 Colores 🎨
(YepExpress)"
33975,2026-05-12T19:33:20,photos/photo_31774@12-05-2026_19-33-20.jpg,,,
33976,2026-05-12T19:33:20,photos/photo_31775@12-05-2026_19-33-20.jpg,,,
33977,2026-05-12T19:33:20,photos/photo_31776@12-05-2026_19-33-20.jpg,,,
33978,2026-05-12T19:33:20,photos/photo_31777@12-05-2026_19-33-20.jpg,,,
33979,2026-05-12T19:33:20,photos/photo_31778@12-05-2026_19-33-20.jpg,,,
33980,2026-05-12T19:42:54,photos/photo_31779@12-05-2026_19-42-54.jpg,,https://c.onlyaff.app/8wVwBO,ADIDAS Samba OG —-> 28€ 💎
33981,2026-05-12T20:53:02,photos/photo_31780@12-05-2026_20-53-02.jpg,,https://c.onlyaff.app/QV6Mh,Camisetas Futbol —-> 12€ 💎
33982,2026-05-12T20:53:02,photos/photo_31781@12-05-2026_20-53-02.jpg,,,
33983,2026-05-12T20:53:02,photos/photo_31782@12-05-2026_20-53-02.jpg,,,
33984,2026-05-12T20:53:02,photos/photo_31783@12-05-2026_20-53-02.jpg,,,
33985,2026-05-12T20:53:02,photos/photo_31784@12-05-2026_20-53-02.jpg,,,
33986,2026-05-12T20:57:30,photos/photo_31785@12-05-2026_20-57-30.jpg,,https://c.onlyaff.app/8xfspn,"ADIDAS Adizero Evo SL —-> 21€ 💎
Muchos Colores 🎨
(Fotos realizadas por mi) 📸"
33987,2026-05-12T20:57:30,photos/photo_31786@12-05-2026_20-57-30.jpg,,,
33988,2026-05-12T20:57:30,photos/photo_31787@12-05-2026_20-57-30.jpg,,,
33989,2026-05-12T21:21:03,photos/photo_31788@12-05-2026_21-21-03.jpg,,https://c.onlyaff.app/8xo60k,HELLSTAR —-> 26€ 💎
33990,2026-05-12T21:22:39,photos/photo_31789@12-05-2026_21-22-39.jpg,,https://c.onlyaff.app/8xoeYI,HELLSTAR (bañador) —-> 26€ 💎
33991,2026-05-12T21:24:47,photos/photo_31790@12-05-2026_21-24-47.jpg,,https://c.onlyaff.app/8xotD7,CORTEIZ —-> 26€ 💎
33992,2026-05-12T21:24:47,photos/photo_31791@12-05-2026_21-24-47.jpg,,,
33993,2026-05-12T21:24:47,photos/photo_31792@12-05-2026_21-24-47.jpg,,,
33994,2026-05-12T21:27:01,photos/photo_31793@12-05-2026_21-27-01.jpg,,https://c.onlyaff.app/8xoFG4,"BIRKENSTOCK —-> 23€ 💎
16 Modelos 🎨"
33995,2026-05-12T21:27:02,photos/photo_31794@12-05-2026_21-27-02.jpg,,,
33996,2026-05-12T21:27:02,photos/photo_31795@12-05-2026_21-27-02.jpg,,,
33997,2026-05-12T22:25:26,photos/photo_31796@12-05-2026_22-25-26.jpg,,https://c.onlyaff.app/8xspNJ,"ADIDAS Campus —-> 21€ 💎
17 Colores 🎨"
33998,2026-05-12T22:25:26,photos/photo_31797@12-05-2026_22-25-26.jpg,,,
33999,2026-05-12T22:25:26,photos/photo_31798@12-05-2026_22-25-26.jpg,,,
34000,2026-05-12T22:25:26,photos/photo_31799@12-05-2026_22-25-26.jpg,,,
34001,2026-05-12T22:25:26,photos/photo_31800@12-05-2026_22-25-26.jpg,,,
34002,2026-05-12T22:25:26,photos/photo_31801@12-05-2026_22-25-26.jpg,,,
34003,2026-05-12T22:25:26,photos/photo_31802@12-05-2026_22-25-26.jpg,,,
34004,2026-05-12T22:25:26,photos/photo_31803@12-05-2026_22-25-26.jpg,,,
34005,2026-05-12T22:25:26,photos/photo_31804@12-05-2026_22-25-26.jpg,,,
34007,2026-05-13T10:12:00,photos/photo_31805@13-05-2026_10-12-00.jpg,,https://c.onlyaff.app/8xHhir,"NIKE Moon x JACQUEMUS —-> 43€ 💎
Calidad muy Top ✅
🚨 Se agotan muy rápido 💨"
34008,2026-05-13T10:12:00,photos/photo_31806@13-05-2026_10-12-00.jpg,,,
34009,2026-05-13T10:12:00,photos/photo_31807@13-05-2026_10-12-00.jpg,,,
34010,2026-05-13T10:12:00,photos/photo_31808@13-05-2026_10-12-00.jpg,,,
34011,2026-05-13T10:12:00,photos/photo_31809@13-05-2026_10-12-00.jpg,,,
34012,2026-05-13T12:59:49,photos/photo_31810@13-05-2026_12-59-49.jpg,,https://c.onlyaff.app/8yd90O,"CP COMPANY x PALACE (conjunto) —-> 32€ 💎
Muchos Colores 🎨"
34013,2026-05-13T13:01:49,photos/photo_31811@13-05-2026_13-01-49.jpg,,https://c.onlyaff.app/8yddRM,AMIRI —-> 16€ 💎
34014,2026-05-13T13:10:31,photos/photo_31812@13-05-2026_13-10-31.jpg,,https://c.onlyaff.app/8ye7tY,"NUMERIS —-> 38€ 💎
18 Colores 🎨
(Fotos realizadas por mi) 📸"
34015,2026-05-13T13:10:31,photos/photo_31813@13-05-2026_13-10-31.jpg,,,
34016,2026-05-13T13:10:31,photos/photo_31814@13-05-2026_13-10-31.jpg,,,
34017,2026-05-13T15:57:42,photos/photo_31815@13-05-2026_15-57-42.jpg,,https://c.onlyaff.app/8ymYMC,ADIDAS Superstar —-> 20€ 💎
34018,2026-05-13T15:57:43,photos/photo_31816@13-05-2026_15-57-43.jpg,,,
34019,2026-05-13T15:57:43,photos/photo_31817@13-05-2026_15-57-43.jpg,,,
34020,2026-05-13T16:51:29,photos/photo_31818@13-05-2026_16-51-29.jpg,,https://c.onlyaff.app/8yoUrv,CORTEIZ —-> 20€ 💎
34021,2026-05-13T17:33:51,photos/photo_31819@13-05-2026_17-33-51.jpg,,https://c.onlyaff.app/8ys7aR,"RAYBAN Wayfarer —-> 11€ 💎
Varios Colores 🎨"
34022,2026-05-13T17:36:23,photos/photo_31820@13-05-2026_17-36-23.jpg,,https://c.onlyaff.app/8ysfos,"THE NORTH FACE —-> 11€ 💎
Varios Colores 🎨"
34023,2026-05-13T17:39:48,photos/photo_31821@13-05-2026_17-39-48.jpg,,https://c.onlyaff.app/R2QCu,"POLO RALPH LAUREN (bañador) —-> 8€ 💎
Muchos Colores 🎨"
34024,2026-05-13T19:53:37,photos/photo_31822@13-05-2026_19-53-37.jpg,,https://c.onlyaff.app/8yzN4G,ADIDAS España x DELLAFUENTE —-> 11€ 💎
34025,2026-05-13T20:40:49,photos/photo_31823@13-05-2026_20-40-49.jpg,,https://c.onlyaff.app/R54wG,STUSSY —-> 20€ 💎
34026,2026-05-13T20:40:49,photos/photo_31824@13-05-2026_20-40-49.jpg,,,
34027,2026-05-13T20:40:49,photos/photo_31825@13-05-2026_20-40-49.jpg,,,
34028,2026-05-13T21:10:49,photos/photo_31826@13-05-2026_21-10-49.jpg,,https://c.onlyaff.app/8z0soI,ADIDAS Spezial ‘79 —-> 25€ 💎
34029,2026-05-13T21:58:22,photos/photo_31827@13-05-2026_21-58-22.jpg,,https://c.onlyaff.app/8z3UKi,"ADIDAS Terrex Soulstride —-> 34€ 💎
12 Colores 🎨"
34031,2026-05-14T09:44:46,photos/photo_31828@14-05-2026_09-44-46.jpg,,https://c.onlyaff.app/8ziyzS,"ADIDAS Stan Smith —-> 29€ 💎
Varios Colores 🎨"
34032,2026-05-14T12:13:49,photos/photo_31829@14-05-2026_12-13-49.jpg,,https://c.onlyaff.app/8zNLoU,"NIKE Vomero 5 —-> 39€ 💎
16 Colores 🎨
🚨 Se agotan muy rápido 💨"
34033,2026-05-14T13:33:37,photos/photo_31830@14-05-2026_13-33-37.jpg,,https://c.onlyaff.app/8zTe8j,"ADIDAS Adizero SL2 —-> 25€ 💎
12 Colores 🎨"
34034,2026-05-14T14:13:03,photos/photo_31831@14-05-2026_14-13-03.jpg,,https://c.onlyaff.app/8zUfjm,"ASICS Gel NYC —-> 25€ 💎
16 Nuevos Colores 🎨"
34035,2026-05-14T14:13:03,photos/photo_31832@14-05-2026_14-13-03.jpg,,,
34036,2026-05-14T14:13:03,photos/photo_31833@14-05-2026_14-13-03.jpg,,,
34037,2026-05-14T14:13:03,photos/photo_31834@14-05-2026_14-13-03.jpg,,,
34038,2026-05-14T14:13:03,photos/photo_31835@14-05-2026_14-13-03.jpg,,,
34039,2026-05-14T14:13:03,photos/photo_31836@14-05-2026_14-13-03.jpg,,,
34040,2026-05-14T14:13:03,photos/photo_31837@14-05-2026_14-13-03.jpg,,,
34041,2026-05-14T14:13:03,photos/photo_31838@14-05-2026_14-13-03.jpg,,,
34042,2026-05-14T14:20:18,photos/photo_31839@14-05-2026_14-20-18.jpg,,https://c.onlyaff.app/8zVQ2s,"STANLEY —-> 20€ 💎
Muchos Colores 🎨
Muy recomendada, retiene tanto el calor como el frío ✅
(Fotos realizadas por mi) 📸"
34043,2026-05-14T14:20:18,photos/photo_31840@14-05-2026_14-20-18.jpg,,,
34044,2026-05-14T14:20:18,photos/photo_31841@14-05-2026_14-20-18.jpg,,,
34045,2026-05-14T14:20:18,photos/photo_31842@14-05-2026_14-20-18.jpg,,,
34046,2026-05-14T14:26:29,photos/photo_31843@14-05-2026_14-26-29.jpg,,https://c.onlyaff.app/8zW5Ap,ADIDAS —-> 23€ 💎
34047,2026-05-14T14:26:29,photos/photo_31844@14-05-2026_14-26-29.jpg,,,
34048,2026-05-14T14:26:29,photos/photo_31845@14-05-2026_14-26-29.jpg,,,
34049,2026-05-14T16:25:10,photos/photo_31846@14-05-2026_16-25-10.jpg,,https://c.onlyaff.app/8A3qH1,CARHARTT —-> 25€ 💎
34050,2026-05-14T16:26:31,photos/photo_31847@14-05-2026_16-26-31.jpg,,https://c.onlyaff.app/8A3ti6,CARHARTT —-> 28€ 💎
34051,2026-05-14T18:24:24,photos/photo_31848@14-05-2026_18-24-24.jpg,,https://c.onlyaff.app/8Abxqc,"MIU MIU —-> 15€ 💎
Muchos Colores 🎨"
34052,2026-05-14T18:59:48,photos/photo_31849@14-05-2026_18-59-48.jpg,,https://c.onlyaff.app/8Aegkt,"ADIDAS Samba OG ""Purple"" —-> 26€ 💎"
34053,2026-05-14T19:02:52,photos/photo_31850@14-05-2026_19-02-52.jpg,,https://c.onlyaff.app/8AesjE,"ADIDAS SL72 ""Zebra"" —-> 34€ 💎"
34054,2026-05-14T19:02:53,photos/photo_31851@14-05-2026_19-02-53.jpg,,,
34055,2026-05-14T19:02:53,photos/photo_31852@14-05-2026_19-02-53.jpg,,,
34056,2026-05-14T20:04:18,photos/photo_31853@14-05-2026_20-04-18.jpg,,https://c.onlyaff.app/8AjCFT,UGG —-> 40€ 💎
34057,2026-05-14T20:05:49,photos/photo_31854@14-05-2026_20-05-49.jpg,,https://c.onlyaff.app/8Akffo,"GAP —-> 35€ 💎
Varios Colores 🎨"
34058,2026-05-14T20:05:49,photos/photo_31855@14-05-2026_20-05-49.jpg,,,
34059,2026-05-14T20:05:49,photos/photo_31856@14-05-2026_20-05-49.jpg,,,
34060,2026-05-14T21:06:08,photos/photo_31857@14-05-2026_21-06-08.jpg,,https://c.onlyaff.app/8AHzen,"POLO RALPH LAUREN —-> 10€ 💎
Muchos Colores 🎨"
34061,2026-05-14T21:07:52,photos/photo_31858@14-05-2026_21-07-52.jpg,,https://c.onlyaff.app/8AHGHr,ADIDAS Gazelle x BAD BUNNY —-> 28€ 💎
34062,2026-05-14T21:07:52,photos/photo_31859@14-05-2026_21-07-52.jpg,,,
34063,2026-05-14T21:07:52,photos/photo_31860@14-05-2026_21-07-52.jpg,,,
34064,2026-05-14T21:07:52,photos/photo_31861@14-05-2026_21-07-52.jpg,,,
34065,2026-05-14T21:07:52,photos/photo_31862@14-05-2026_21-07-52.jpg,,,
34066,2026-05-14T21:53:10,photos/photo_31863@14-05-2026_21-53-10.jpg,,https://c.onlyaff.app/RgZTL,SUPREME (bandolera) —-> 6€ 💎
34067,2026-05-14T21:57:31,photos/photo_31864@14-05-2026_21-57-31.jpg,,https://c.onlyaff.app/Rh0P6,"VANS UltraRange Neo VR3 —-> 32€ 💎
14 Colores 🎨"
34068,2026-05-14T21:57:31,photos/photo_31865@14-05-2026_21-57-31.jpg,,,
34069,2026-05-14T21:57:31,photos/photo_31866@14-05-2026_21-57-31.jpg,,,
34070,2026-05-14T21:57:31,photos/photo_31867@14-05-2026_21-57-31.jpg,,,
34071,2026-05-14T21:57:31,photos/photo_31868@14-05-2026_21-57-31.jpg,,,
34072,2026-05-14T21:57:31,photos/photo_31869@14-05-2026_21-57-31.jpg,,,
34073,2026-05-14T21:57:31,photos/photo_31870@14-05-2026_21-57-31.jpg,,,
34074,2026-05-14T21:57:31,photos/photo_31871@14-05-2026_21-57-31.jpg,,,
34075,2026-05-14T21:57:32,photos/photo_31872@14-05-2026_21-57-32.jpg,,,
34076,2026-05-14T22:01:46,photos/photo_31873@14-05-2026_22-01-46.jpg,,https://c.onlyaff.app/8AKmLj,"ADIDAS Gazelle Indoor —-> 22€ 💎
14 Nuevos Colores 🎨"
34077,2026-05-14T22:01:46,photos/photo_31874@14-05-2026_22-01-46.jpg,,,
34078,2026-05-14T22:01:46,photos/photo_31875@14-05-2026_22-01-46.jpg,,,
34079,2026-05-14T22:01:46,photos/photo_31876@14-05-2026_22-01-46.jpg,,,
34080,2026-05-14T22:01:46,photos/photo_31877@14-05-2026_22-01-46.jpg,,,
34081,2026-05-14T22:01:46,photos/photo_31878@14-05-2026_22-01-46.jpg,,,
34082,2026-05-14T22:01:46,photos/photo_31879@14-05-2026_22-01-46.jpg,,,
34083,2026-05-14T22:01:46,photos/photo_31880@14-05-2026_22-01-46.jpg,,,
34084,2026-05-14T22:01:47,photos/photo_31881@14-05-2026_22-01-47.jpg,,,
34086,2026-05-15T09:31:01,photos/photo_31882@15-05-2026_09-31-01.jpg,,https://c.onlyaff.app/8AZ81B,"CORTEIZ (conjunto) —-> 27€ 💎
12 Colores 🎨"
34087,2026-05-15T09:32:31,photos/photo_31883@15-05-2026_09-32-31.jpg,,https://c.onlyaff.app/RiwbN,"CORTEIZ (conjunto) —-> 27€ 💎
12 Colores 🎨"
34088,2026-05-15T09:33:45,photos/photo_31884@15-05-2026_09-33-45.jpg,,https://c.onlyaff.app/8AZfQC,AMIRI —-> 17€ 💎
34089,2026-05-15T09:41:32,photos/photo_31885@15-05-2026_09-41-32.jpg,,https://c.onlyaff.app/8AZr3O,"STUSSY (conjunto) —-> 22€ 💎
Varios Colores 🎨"
34090,2026-05-15T09:53:22,photos/photo_31886@15-05-2026_09-53-22.jpg,,https://c.onlyaff.app/8AZPno,"BIRKENSTOCK —-> 23€ 💎
Varios Colores 🎨
(Fotos realizadas por mi ) 📸"
34091,2026-05-15T09:53:22,photos/photo_31887@15-05-2026_09-53-22.jpg,,,
34092,2026-05-15T09:53:22,photos/photo_31888@15-05-2026_09-53-22.jpg,,,
34093,2026-05-15T10:01:01,photos/photo_31889@15-05-2026_10-01-01.jpg,,https://c.onlyaff.app/8AZwwI,"POLO RALPH LAUREN —-> 18€ 💎
Varios Colores 🎨"
34094,2026-05-15T10:02:01,photos/photo_31890@15-05-2026_10-02-01.jpg,,https://c.onlyaff.app/8AZxA2,"ADIDAS Samba ""San Valentín"" —-> 22€ 💎"
34095,2026-05-15T10:02:01,photos/photo_31891@15-05-2026_10-02-01.jpg,,,
34096,2026-05-15T10:02:01,photos/photo_31892@15-05-2026_10-02-01.jpg,,,
34097,2026-05-15T10:02:25,photos/photo_31893@15-05-2026_10-02-25.jpg,,https://c.onlyaff.app/8AZvxa,HUNTER —-> 14€ 💎
34098,2026-05-15T10:02:25,photos/photo_31894@15-05-2026_10-02-25.jpg,,,
34099,2026-05-15T10:02:25,photos/photo_31895@15-05-2026_10-02-25.jpg,,,
34100,2026-05-15T10:03:01,photos/photo_31896@15-05-2026_10-03-01.jpg,,https://c.onlyaff.app/8AZz3W,"MIU MIU —-> 7€ 💎
Muchos Colores 🎨"
34101,2026-05-15T10:04:01,photos/photo_31897@15-05-2026_10-04-01.jpg,,https://c.onlyaff.app/8AZDPS,"THE NORTH FACE —-> 15€ 💎
Varios Colores 🎨"
34102,2026-05-15T10:05:10,photos/photo_31898@15-05-2026_10-05-10.jpg,,https://c.onlyaff.app/8AZHu6,"MIU MIU —-> 36€ 💎
Muchos Colores 🎨"
34103,2026-05-15T10:06:01,photos/photo_31899@15-05-2026_10-06-01.jpg,,https://c.onlyaff.app/8AZJ7w,"ADIDAS Tokyo —-> 21€ 💎
Muchos Colores 🎨"
34104,2026-05-15T10:07:01,photos/photo_31900@15-05-2026_10-07-01.jpg,,https://c.onlyaff.app/RizJT,"CONVERSE —-> 25€ 💎
También en Blanco 🎨"
34105,2026-05-15T10:08:01,photos/photo_31901@15-05-2026_10-08-01.jpg,,https://c.onlyaff.app/8AZMfg,"POLO RALPH LAUREN —-> 6€ 💎
Varios Colores 🎨"
34106,2026-05-15T10:46:42,photos/photo_31902@15-05-2026_10-46-42.jpg,,https://c.onlyaff.app/RheWM,"MIU MIU —-> 22€💎 
Varios Colores 🎨
(Fotos realizadas por mi) 📸"
34107,2026-05-15T10:46:42,photos/photo_31903@15-05-2026_10-46-42.jpg,,,
34108,2026-05-15T10:46:42,photos/photo_31904@15-05-2026_10-46-42.jpg,,,
34109,2026-05-15T11:15:07,photos/photo_31905@15-05-2026_11-15-07.jpg,,https://c.onlyaff.app/8BrgjN,"NBA (camiseta + pantalón) —-> 24€ 💎
16 Equipos Diferentes 🎨"
34110,2026-05-15T11:17:25,photos/photo_31815@13-05-2026_15-57-42.jpg,,https://c.onlyaff.app/8Bro9E,"ADIDAS Superstar —-> 22€ 💎
11 Colores 🎨"
34111,2026-05-15T11:17:25,photos/photo_31816@13-05-2026_15-57-43.jpg,,,
34112,2026-05-15T11:17:25,photos/photo_31908@15-05-2026_11-17-25.jpg,,,
34113,2026-05-15T11:17:25,photos/photo_31909@15-05-2026_11-17-25.jpg,,,
34114,2026-05-15T11:17:26,photos/photo_31910@15-05-2026_11-17-26.jpg,,,
34115,2026-05-15T11:17:26,photos/photo_31911@15-05-2026_11-17-26.jpg,,,
34116,2026-05-15T11:17:26,photos/photo_31912@15-05-2026_11-17-26.jpg,,,
34117,2026-05-15T11:17:26,photos/photo_31913@15-05-2026_11-17-26.jpg,,,
34118,2026-05-15T11:56:05,photos/photo_31914@15-05-2026_11-56-05.jpg,,https://c.onlyaff.app/8Bu6Gw,"ADIDAS —-> 10€ 💎
Muchos Colores 🎨"
34119,2026-05-15T14:15:10,photos/photo_31915@15-05-2026_14-15-10.jpg,,https://c.onlyaff.app/8BAsqX,CORTEIZ —-> 12€ 💎
34120,2026-05-15T14:26:17,photos/photo_31916@15-05-2026_14-26-17.jpg,,https://c.onlyaff.app/8BBgqQ,CARHARTT —-> 23€ 💎
34121,2026-05-15T14:30:10,photos/photo_31917@15-05-2026_14-30-10.jpg,,https://c.onlyaff.app/8BBs4N,"POLO RALPH LAUREN —-> 39€ 💎
Muchos Colores 🎨"
34122,2026-05-15T15:00:45,photos/photo_31918@15-05-2026_15-00-45.jpg,,https://c.onlyaff.app/8BDVIH,VANS —-> 21€ 💎
34123,2026-05-15T15:16:42,photos/photo_31919@15-05-2026_15-16-42.jpg,,https://c.onlyaff.app/8BEZGP,"NIKE Mind 001 —-> 27€ 💎
Nuevos Colores 🎨
(YepExpress)"
34124,2026-05-15T15:16:42,photos/photo_31920@15-05-2026_15-16-42.jpg,,,
34125,2026-05-15T15:16:42,photos/photo_31921@15-05-2026_15-16-42.jpg,,,
34126,2026-05-15T15:16:42,photos/photo_31922@15-05-2026_15-16-42.jpg,,,
34127,2026-05-15T15:16:42,photos/photo_31923@15-05-2026_15-16-42.jpg,,,
34128,2026-05-15T15:16:42,photos/photo_31924@15-05-2026_15-16-42.jpg,,,
34129,2026-05-15T16:39:08,photos/photo_31925@15-05-2026_16-39-08.jpg,,https://c.onlyaff.app/8BKtFS,POLO RALPH LAUREN —-> 13€ 💎
34130,2026-05-15T17:15:03,photos/photo_31926@15-05-2026_17-15-03.jpg,,https://c.onlyaff.app/8BMlrt,ASICS MetaSpeed Edge —-> 28€ 💎
34131,2026-05-15T17:15:03,photos/photo_31927@15-05-2026_17-15-03.jpg,,,
34132,2026-05-15T17:15:03,photos/photo_31928@15-05-2026_17-15-03.jpg,,,
34133,2026-05-15T17:15:03,photos/photo_31929@15-05-2026_17-15-03.jpg,,,
34134,2026-05-15T17:15:03,photos/photo_31930@15-05-2026_17-15-03.jpg,,,
34135,2026-05-15T17:15:03,photos/photo_31931@15-05-2026_17-15-03.jpg,,,
34136,2026-05-15T17:15:03,photos/photo_31932@15-05-2026_17-15-03.jpg,,,
34137,2026-05-15T17:35:45,photos/photo_31933@15-05-2026_17-35-45.jpg,,https://c.onlyaff.app/8BNeRH,"NEW BALANCE Abzorb 2000 —-> 35€ 💎
Varios Colores 🎨
(YepExpress)"
34138,2026-05-15T17:35:45,photos/photo_31934@15-05-2026_17-35-45.jpg,,,
34139,2026-05-15T17:35:45,photos/photo_31935@15-05-2026_17-35-45.jpg,,,
34140,2026-05-15T17:38:10,photos/photo_31936@15-05-2026_17-38-10.jpg,,https://c.onlyaff.app/8BNotL,GALLERY DEPT —-> 19€ 💎
34141,2026-05-15T17:38:10,photos/photo_31937@15-05-2026_17-38-10.jpg,,,
34142,2026-05-15T17:38:10,photos/photo_31938@15-05-2026_17-38-10.jpg,,,
34143,2026-05-15T17:50:51,photos/photo_31939@15-05-2026_17-50-51.jpg,,https://c.onlyaff.app/8BNTGZ,NIKE FC Barcelona x KOBE (chándal completo) —-> 35€ 💎
34144,2026-05-15T18:39:52,photos/photo_31940@15-05-2026_18-39-52.jpg,,https://c.onlyaff.app/8BQvSF,ON CLOUD Zone —-> 31€ 💎
34145,2026-05-15T18:39:52,photos/photo_31941@15-05-2026_18-39-52.jpg,,,
34146,2026-05-15T18:39:52,photos/photo_31942@15-05-2026_18-39-52.jpg,,,
34147,2026-05-15T18:39:52,photos/photo_31943@15-05-2026_18-39-52.jpg,,,
34148,2026-05-15T18:39:52,photos/photo_31944@15-05-2026_18-39-52.jpg,,,
34149,2026-05-15T18:39:52,photos/photo_31945@15-05-2026_18-39-52.jpg,,,
34150,2026-05-15T18:39:52,photos/photo_31946@15-05-2026_18-39-52.jpg,,,
34151,2026-05-15T18:39:53,photos/photo_31947@15-05-2026_18-39-53.jpg,,,
34152,2026-05-15T18:39:53,photos/photo_31948@15-05-2026_18-39-53.jpg,,,
34153,2026-05-15T19:53:55,photos/photo_31949@15-05-2026_19-53-55.jpg,,https://c.onlyaff.app/8BUFej,"ALO (conjunto) —-> 24€ 💎
Muchos Colores 🎨"
34154,2026-05-15T19:53:55,photos/photo_31950@15-05-2026_19-53-55.jpg,,,
34155,2026-05-15T19:53:55,photos/photo_31951@15-05-2026_19-53-55.jpg,,,
34156,2026-05-15T19:55:21,photos/photo_31952@15-05-2026_19-55-21.jpg,,https://c.onlyaff.app/8BUMlH,"ALO (conjunto) —-> 18€ 💎
También en Negro 🎨"
34157,2026-05-15T21:16:29,photos/photo_31953@15-05-2026_21-16-29.jpg,,https://c.onlyaff.app/8CmbXF,POLO RALPH LAUREN (bañador) —-> 14€ 💎
34158,2026-05-15T21:16:29,photos/photo_31954@15-05-2026_21-16-29.jpg,,,
34159,2026-05-15T21:16:29,photos/photo_31955@15-05-2026_21-16-29.jpg,,,
34160,2026-05-15T21:34:58,photos/photo_31956@15-05-2026_21-34-58.jpg,,https://c.onlyaff.app/8CnktS,POLO RALPH LAUREN (pack 6) —-> 21€ 💎
34161,2026-05-15T21:42:17,photos/photo_31957@15-05-2026_21-42-17.jpg,,https://c.onlyaff.app/8CnErl,CONVERSE Run Star —-> 26€ 💎
34162,2026-05-15T21:42:17,photos/photo_31958@15-05-2026_21-42-17.jpg,,,
34163,2026-05-15T21:42:17,photos/photo_31959@15-05-2026_21-42-17.jpg,,,
34164,2026-05-15T21:42:17,photos/photo_31960@15-05-2026_21-42-17.jpg,,,
34165,2026-05-15T21:42:17,photos/photo_31961@15-05-2026_21-42-17.jpg,,,
34166,2026-05-15T21:42:17,photos/photo_31962@15-05-2026_21-42-17.jpg,,,
34167,2026-05-15T21:42:17,photos/photo_31963@15-05-2026_21-42-17.jpg,,,
34168,2026-05-15T21:42:17,photos/photo_31964@15-05-2026_21-42-17.jpg,,,
34169,2026-05-15T22:28:15,photos/photo_31965@15-05-2026_22-28-15.jpg,,https://c.onlyaff.app/8CpotO,ADIDAS Spezial —-> 23€ 💎
34170,2026-05-15T22:33:37,photos/photo_31966@15-05-2026_22-33-37.jpg,,https://c.onlyaff.app/8CpGho,ADIDAS Loafer —-> 21€ 💎
34171,2026-05-15T22:33:37,photos/photo_31967@15-05-2026_22-33-37.jpg,,,
34172,2026-05-15T22:33:37,photos/photo_31968@15-05-2026_22-33-37.jpg,,,
34173,2026-05-15T22:33:37,photos/photo_31969@15-05-2026_22-33-37.jpg,,,
34174,2026-05-15T22:33:37,photos/photo_31970@15-05-2026_22-33-37.jpg,,,
34176,2026-05-16T08:42:01,photos/photo_31971@16-05-2026_08-42-01.jpg,,https://c.onlyaff.app/8CrMNS,"VEJA —-> 27€ 💎
Muchos Colores 🎨"
34177,2026-05-16T08:45:13,photos/photo_31972@16-05-2026_08-45-13.jpg,,https://c.onlyaff.app/8CsjuD,ADIDAS Ajax x STONE ISLAND —-> 11€ 💎
34178,2026-05-16T08:50:15,photos/photo_31973@16-05-2026_08-50-15.jpg,,https://c.onlyaff.app/8CspGs,"GUESS —-> 27€ 💎
Muchos Colores 🎨"
34179,2026-05-16T09:01:01,photos/photo_31974@16-05-2026_09-01-01.jpg,,https://c.onlyaff.app/8Css7k,"FRED PERRY (conjunto) —-> 27€ 💎
Muchos Colores 🎨"
34180,2026-05-16T09:04:01,photos/photo_31975@16-05-2026_09-04-01.jpg,,https://c.onlyaff.app/8CsAJN,STONE ISLAND —-> 8€ 💎
34181,2026-05-16T09:06:01,photos/photo_31976@16-05-2026_09-06-01.jpg,,https://c.onlyaff.app/8CsCqh,"AMI PARIS (bordado) —-> 21€ 💎
Varios Colores 🎨"
34182,2026-05-16T09:10:14,photos/photo_31977@16-05-2026_09-10-14.jpg,,https://c.onlyaff.app/RrFvo,POLO RALPH LAUREN (conjunto) —-> 26€ 💎
34183,2026-05-16T10:51:15,photos/photo_31978@16-05-2026_10-51-15.jpg,,https://c.onlyaff.app/8CWZkF,"ADIDAS Retropy E5 —-> 33€ 💎
23 Colores 🎨"
34184,2026-05-16T10:51:15,photos/photo_31979@16-05-2026_10-51-15.jpg,,,
34185,2026-05-16T10:51:15,photos/photo_31980@16-05-2026_10-51-15.jpg,,,
34186,2026-05-16T10:51:15,photos/photo_31981@16-05-2026_10-51-15.jpg,,,
34187,2026-05-16T10:51:15,photos/photo_31982@16-05-2026_10-51-15.jpg,,,
34188,2026-05-16T10:51:15,photos/photo_31983@16-05-2026_10-51-15.jpg,,,
34189,2026-05-16T10:51:15,photos/photo_31984@16-05-2026_10-51-15.jpg,,,
34190,2026-05-16T10:51:16,photos/photo_31985@16-05-2026_10-51-16.jpg,,,
34191,2026-05-16T10:51:16,photos/photo_31986@16-05-2026_10-51-16.jpg,,,
34192,2026-05-16T10:51:16,photos/photo_31987@16-05-2026_10-51-16.jpg,,,
34193,2026-05-16T11:32:55,photos/photo_31988@16-05-2026_11-32-55.jpg,,https://c.onlyaff.app/8D6JSV,"ESSENTIALS x FEAR OF GOD (chándal completo) —-> 78€ 💎
🚨 Perfecto para aprovechar la promo del 90% (os quedaría en menos de 7€) 🤯"
34194,2026-05-16T11:32:55,photos/photo_31989@16-05-2026_11-32-55.jpg,,,
34195,2026-05-16T11:32:55,photos/photo_31990@16-05-2026_11-32-55.jpg,,,
34196,2026-05-16T11:34:20,photos/photo_31991@16-05-2026_11-34-20.jpg,,https://c.onlyaff.app/8D6SDp,"POLO RALPH LAUREN —-> 10€ 💎
Varios Colores 🎨"
34197,2026-05-16T12:34:37,photos/photo_31992@16-05-2026_12-34-37.jpg,,https://c.onlyaff.app/8Db1SG,"ADIDAS Samba LT —-> 22€ 💎
Varios Colores 🎨"
34198,2026-05-16T16:36:06,photos/photo_31993@16-05-2026_16-36-06.jpg,,https://c.onlyaff.app/8Dn3nK,"SCUFFERS —-> 20€ 💎
Muchos Colores 🎨"
34199,2026-05-16T19:10:54,photos/photo_31994@16-05-2026_19-10-54.jpg,,https://c.onlyaff.app/8Dv3IJ,"NIKE Air Jordan 3 —-> 33€ 💎
12 Colores 🎨
(YepExpress)"
34200,2026-05-16T19:57:51,photos/photo_31995@16-05-2026_19-57-51.jpg,,https://c.onlyaff.app/8Dx5Nw,"ADIDAS —-> 31€ 💎
También en Negro 🎨"
34201,2026-05-16T20:01:42,photos/photo_31996@16-05-2026_20-01-42.jpg,,https://c.onlyaff.app/8DxHr6,"GYMSHARK (mallas hombre) —-> 16€ 💎
Varios Colores 🎨"
34202,2026-05-16T20:08:43,photos/photo_31997@16-05-2026_20-08-43.jpg,,https://c.onlyaff.app/8DBjox,ASICS Gel Kayano 20 —-> 35€ 💎
34203,2026-05-16T20:08:43,photos/photo_31998@16-05-2026_20-08-43.jpg,,,
34204,2026-05-16T20:08:43,photos/photo_31999@16-05-2026_20-08-43.jpg,,,
34205,2026-05-16T20:08:44,photos/photo_32000@16-05-2026_20-08-44.jpg,,,
34206,2026-05-16T20:08:44,photos/photo_32001@16-05-2026_20-08-44.jpg,,,
34207,2026-05-16T20:08:44,photos/photo_32002@16-05-2026_20-08-44.jpg,,,
34208,2026-05-16T20:08:44,photos/photo_32003@16-05-2026_20-08-44.jpg,,,
34209,2026-05-16T20:08:44,photos/photo_32004@16-05-2026_20-08-44.jpg,,,
34210,2026-05-16T20:08:44,photos/photo_32005@16-05-2026_20-08-44.jpg,,,
34211,2026-05-16T21:14:43,photos/photo_32006@16-05-2026_21-14-43.jpg,,https://c.onlyaff.app/8DY8v5,"ADIDAS (conjunto) —-> 20€ 💎
11 Equipos 🎨"
34212,2026-05-16T21:14:43,photos/photo_32007@16-05-2026_21-14-43.jpg,,,
34214,2026-05-16T21:14:43,photos/photo_32008@16-05-2026_21-14-43.jpg,,,
34215,2026-05-16T21:54:19,photos/photo_32009@16-05-2026_21-54-19.jpg,,https://c.onlyaff.app/8E05zV,ADIDAS Spezial —-> 20€ 💎
34216,2026-05-16T21:54:19,photos/photo_32010@16-05-2026_21-54-19.jpg,,,
34217,2026-05-16T21:54:19,photos/photo_32011@16-05-2026_21-54-19.jpg,,,
34218,2026-05-16T22:36:45,photos/photo_32012@16-05-2026_22-36-45.jpg,,https://c.onlyaff.app/8E1KSE,"NIKE Nocta x DRAKE —-> 37€ 💎
16 Colores 🎨
(YepExpress)"
34219,2026-05-16T22:36:45,photos/photo_32013@16-05-2026_22-36-45.jpg,,,
34220,2026-05-16T22:36:45,photos/photo_32014@16-05-2026_22-36-45.jpg,,,
34221,2026-05-16T22:36:45,photos/photo_32015@16-05-2026_22-36-45.jpg,,,
34222,2026-05-16T22:36:45,photos/photo_32016@16-05-2026_22-36-45.jpg,,,
34223,2026-05-16T22:36:45,photos/photo_32017@16-05-2026_22-36-45.jpg,,,
34224,2026-05-16T22:36:45,photos/photo_32018@16-05-2026_22-36-45.jpg,,,
34225,2026-05-16T22:36:45,photos/photo_32019@16-05-2026_22-36-45.jpg,,,
34226,2026-05-16T22:38:00,photos/photo_32020@16-05-2026_22-38-00.jpg,,https://c.onlyaff.app/8E1RXS,THE NORTH FACE (pack 3) —-> 5€ 💎
34228,2026-05-17T08:46:01,photos/photo_32021@17-05-2026_08-46-01.jpg,,https://c.onlyaff.app/8E4XHS,STUSSY —-> 14€ 💎
34229,2026-05-17T08:50:15,photos/photo_32022@17-05-2026_08-50-15.jpg,,https://c.onlyaff.app/8E4ZTT,PALM ANGELS —-> 13€ 💎
34230,2026-05-17T08:51:01,photos/photo_32023@17-05-2026_08-51-01.jpg,,https://c.onlyaff.app/8E51sH,"CHROME HEARTS —-> 19€ 💎
Varios Colores 🎨"
34231,2026-05-17T08:52:01,photos/photo_32024@17-05-2026_08-52-01.jpg,,https://c.onlyaff.app/8E52P1,CARHARTT Detroit —-> 43€ 💎
34232,2026-05-17T08:52:01,photos/photo_32025@17-05-2026_08-52-01.jpg,,,
34233,2026-05-17T08:52:01,photos/photo_32026@17-05-2026_08-52-01.jpg,,,
34234,2026-05-17T08:52:01,photos/photo_32027@17-05-2026_08-52-01.jpg,,,
34235,2026-05-17T08:52:01,photos/photo_32028@17-05-2026_08-52-01.jpg,,,
34236,2026-05-17T09:02:01,photos/photo_32029@17-05-2026_09-02-01.jpg,,https://c.onlyaff.app/8E56hQ,"STUSSY —-> 9€ 💎
Varios Colores 🎨"
34237,2026-05-17T09:04:57,photos/photo_32030@17-05-2026_09-04-57.jpg,,https://c.onlyaff.app/8E54De,STUSSY (bañador) —-> 9€ 💎
34238,2026-05-17T09:06:01,photos/photo_32031@17-05-2026_09-06-01.jpg,,https://c.onlyaff.app/8E5aD0,"CARHARTT —-> 22€ 💎
Varios Colores 🎨"
34239,2026-05-17T09:10:07,photos/photo_32032@17-05-2026_09-10-07.jpg,,https://c.onlyaff.app/8E5bBA,COACH —-> 16€ 💎
34240,2026-05-17T09:11:01,photos/photo_32033@17-05-2026_09-11-01.jpg,,https://c.onlyaff.app/8E5fDT,"LONGCHAMP —-> 11€ 💎
20 Colores 🎨"
34241,2026-05-17T09:12:01,photos/photo_32034@17-05-2026_09-12-01.jpg,,https://c.onlyaff.app/8E5pxt,"KANKEN —-> 11€ 💎
20 Colores 🎨"
34242,2026-05-17T09:16:01,photos/photo_32035@17-05-2026_09-16-01.jpg,,https://c.onlyaff.app/8E5qVc,"ADIDAS SL72 —-> 26€ 💎
16 Colores 🎨"
34243,2026-05-17T09:16:01,photos/photo_32036@17-05-2026_09-16-01.jpg,,,
34244,2026-05-17T09:16:01,photos/photo_32037@17-05-2026_09-16-01.jpg,,,
34245,2026-05-17T09:16:01,photos/photo_32038@17-05-2026_09-16-01.jpg,,,
34246,2026-05-17T09:16:01,photos/photo_32039@17-05-2026_09-16-01.jpg,,,
34247,2026-05-17T09:16:01,photos/photo_32040@17-05-2026_09-16-01.jpg,,,
34248,2026-05-17T09:16:01,photos/photo_32041@17-05-2026_09-16-01.jpg,,,
34249,2026-05-17T09:16:01,photos/photo_32042@17-05-2026_09-16-01.jpg,,,
34250,2026-05-17T09:16:01,photos/photo_32043@17-05-2026_09-16-01.jpg,,,
34251,2026-05-17T09:46:01,photos/photo_32044@17-05-2026_09-46-01.jpg,,https://c.onlyaff.app/8E5rGo,"ASICS Gel Kahana 8 —-> 26€ 💎
12 Colores 🎨"
34252,2026-05-17T09:56:01,photos/photo_32045@17-05-2026_09-56-01.jpg,,https://c.onlyaff.app/8E5t1W,"SAUCONY Progrid Omni 9 —-> 29€ 💎
24 Colores 🎨"
34253,2026-05-17T09:56:01,photos/photo_32046@17-05-2026_09-56-01.jpg,,,
34254,2026-05-17T09:56:01,photos/photo_32047@17-05-2026_09-56-01.jpg,,,
34255,2026-05-17T09:56:01,photos/photo_32048@17-05-2026_09-56-01.jpg,,,
34256,2026-05-17T09:56:01,photos/photo_32049@17-05-2026_09-56-01.jpg,,,
34257,2026-05-17T09:56:01,photos/photo_32050@17-05-2026_09-56-01.jpg,,,
34258,2026-05-17T09:56:01,photos/photo_32051@17-05-2026_09-56-01.jpg,,,
34259,2026-05-17T09:56:01,photos/photo_32052@17-05-2026_09-56-01.jpg,,,
34260,2026-05-17T10:03:57,photos/photo_32053@17-05-2026_10-03-57.jpg,,https://c.onlyaff.app/RBKuH,"ADIDAS Gazelle Bold —-> 19€ 💎
12 Colores 🎨"
34261,2026-05-17T10:06:01,photos/photo_32054@17-05-2026_10-06-01.jpg,,https://c.onlyaff.app/8E5wv8,"ASICS Gel NYC —-> 24€ 💎
15 Colores 🎨"
34262,2026-05-17T10:06:01,photos/photo_32055@17-05-2026_10-06-01.jpg,,,
34263,2026-05-17T10:06:01,photos/photo_32056@17-05-2026_10-06-01.jpg,,,
34264,2026-05-17T10:11:01,photos/photo_32057@17-05-2026_10-11-01.jpg,,https://c.onlyaff.app/8E5xkg,PALM ANGELS —-> 12€ 💎
34265,2026-05-17T10:11:01,photos/photo_32058@17-05-2026_10-11-01.jpg,,,
34266,2026-05-17T10:11:01,photos/photo_32059@17-05-2026_10-11-01.jpg,,,
34267,2026-05-17T10:14:01,photos/photo_32060@17-05-2026_10-14-01.jpg,,https://c.onlyaff.app/8E5ypd,CARHARTT —-> 23€ 💎
34268,2026-05-17T10:16:01,photos/photo_32061@17-05-2026_10-16-01.jpg,,https://c.onlyaff.app/RBKUS,ALO —-> 18€ 💎
34269,2026-05-17T10:22:01,photos/photo_32062@17-05-2026_10-22-01.jpg,,https://c.onlyaff.app/8E5zCr,"ALEXANDER MCQUEEN —-> 25€ 💎
14 Colores 🎨"
34270,2026-05-17T10:24:01,photos/photo_32063@17-05-2026_10-24-01.jpg,,https://c.onlyaff.app/8E5ACA,"ADIDAS Samba —-> 15€ 💎
Precio Irresistible 🤯"
34271,2026-05-17T10:24:01,photos/photo_32064@17-05-2026_10-24-01.jpg,,,
34272,2026-05-17T10:24:01,photos/photo_32065@17-05-2026_10-24-01.jpg,,,
34273,2026-05-17T10:24:01,photos/photo_32066@17-05-2026_10-24-01.jpg,,,
34274,2026-05-17T10:24:01,photos/photo_32067@17-05-2026_10-24-01.jpg,,,
34275,2026-05-17T10:24:01,photos/photo_32068@17-05-2026_10-24-01.jpg,,,
34276,2026-05-17T10:24:01,photos/photo_32069@17-05-2026_10-24-01.jpg,,,
34277,2026-05-17T10:24:01,photos/photo_32070@17-05-2026_10-24-01.jpg,,,
34278,2026-05-17T12:49:58,photos/photo_32071@17-05-2026_12-49-58.jpg,,https://c.onlyaff.app/8EupKk,"CARHARTT —-> 18€ 💎
Varios Colores 🎨"
34279,2026-05-17T16:52:43,photos/photo_32072@17-05-2026_16-52-43.jpg,,https://c.onlyaff.app/8EJp2W,"ADIDAS Predator Freestyle —-> 31€ 💎
Varios Colores 🎨"
34280,2026-05-17T18:48:13,photos/photo_32073@17-05-2026_18-48-13.jpg,,https://c.onlyaff.app/8ER7tA,GYMSHARK (conjunto) —-> 16€ 💎
34281,2026-05-17T18:52:56,photos/photo_32074@17-05-2026_18-52-56.jpg,,https://c.onlyaff.app/8ERlAL,ADIDAS Argentina Mundial 2026 —-> 12€ 💎
34282,2026-05-17T18:52:56,photos/photo_32075@17-05-2026_18-52-56.jpg,,,
34283,2026-05-17T18:52:56,photos/photo_32076@17-05-2026_18-52-56.jpg,,,
34284,2026-05-17T18:54:23,photos/photo_32077@17-05-2026_18-54-23.jpg,,https://c.onlyaff.app/8ERtor,ADIDAS x Argentina 1996 —-> 11€ 💎
34285,2026-05-17T18:59:59,photos/photo_32078@17-05-2026_18-59-59.jpg,,https://c.onlyaff.app/8ERLLY,POLO RALPH LAUREN (bañador) —-> 9€ 💎
34286,2026-05-17T19:01:48,photos/photo_32079@17-05-2026_19-01-48.jpg,,https://c.onlyaff.app/8ERSqC,"THE NORTH FACE —-> 8€ 💎
También en Blanco 🎨"
34287,2026-05-17T19:03:37,photos/photo_32080@17-05-2026_19-03-37.jpg,,https://c.onlyaff.app/8ERXwz,SYNA (conjunto) —-> 20€ 💎
34288,2026-05-17T19:05:16,photos/photo_32081@17-05-2026_19-05-16.jpg,,https://c.onlyaff.app/8ES2D1,"GOLDEN GOOSE —-> 34€ 💎
Muchos Colores 🎨"
34289,2026-05-17T19:10:23,photos/photo_32082@17-05-2026_19-10-23.jpg,,https://c.onlyaff.app/RGCDe,"ADIDAS Samba Mule —-> 30€ 💎
También en Negro 🎨"
34290,2026-05-17T19:10:23,photos/photo_32083@17-05-2026_19-10-23.jpg,,,
34291,2026-05-17T19:10:23,photos/photo_32084@17-05-2026_19-10-23.jpg,,,
34292,2026-05-17T19:12:40,photos/photo_32085@17-05-2026_19-12-40.jpg,,https://c.onlyaff.app/8ESjl7,"ADIDAS Gazelle ""Ice Cream"" —-> 22€ 💎"
34293,2026-05-17T19:44:53,photos/photo_32086@17-05-2026_19-44-53.jpg,,https://c.onlyaff.app/8EUr4k,DIESEL —-> 33€ 💎
34294,2026-05-17T19:50:57,photos/photo_32087@17-05-2026_19-50-57.jpg,,https://c.onlyaff.app/8EUQ3U,"NEW BALANCE 9060 —-> 34€ 💎
30 Colores 🎨
(YepExpress)"
34295,2026-05-17T20:09:47,photos/photo_32088@17-05-2026_20-09-47.jpg,,https://c.onlyaff.app/8EZMro,"CONVERSE —-> 29€ 💎
También en Blanco y Bajas 🎨"
34296,2026-05-17T20:29:54,photos/photo_32089@17-05-2026_20-29-54.jpg,,https://c.onlyaff.app/RIayA,"VANS ""bones"" —-> 26€ 💎"
34297,2026-05-17T20:33:37,photos/photo_32090@17-05-2026_20-33-37.jpg,,https://c.onlyaff.app/RImoS,"POLO RALPH LAUREN —-> 23€ 💎
Varios Colores 🎨"
34298,2026-05-17T21:38:27,photos/photo_32091@17-05-2026_21-38-27.jpg,,https://c.onlyaff.app/8FomX4,"CONVERSE Omega Trainer —-> 32€ 💎
También en Negro 🎨"
34299,2026-05-17T21:59:41,photos/photo_32092@17-05-2026_21-59-41.jpg,,https://c.onlyaff.app/8FpgiJ,ADIDAS España Mundial 2026 —-> 12€ 💎
34300,2026-05-17T21:59:41,photos/photo_32093@17-05-2026_21-59-41.jpg,,,
34301,2026-05-17T21:59:41,photos/photo_32094@17-05-2026_21-59-41.jpg,,,
34302,2026-05-17T22:14:50,photos/photo_32095@17-05-2026_22-14-50.jpg,,https://c.onlyaff.app/8Fq2Lj,PATAGONIA —-> 8€ 💎
34307,2026-05-18T09:56:01,photos/photo_32096@18-05-2026_09-56-01.jpg,,https://c.onlyaff.app/8FD8UX,"ADIDAS España x DELLAFUENTE —-> 12€ 💎
Nuevo Enlace 🔗"
34308,2026-05-18T10:20:54,photos/photo_32097@18-05-2026_10-20-54.jpg,,https://c.onlyaff.app/8FKtJs,"ASICS NovaBlast 5 —-> 28€ 💎
Muchos Colores 🎨"
34309,2026-05-18T12:00:48,photos/photo_32098@18-05-2026_12-00-48.jpg,,https://c.onlyaff.app/8G92xV,"CAROLINA HERRERA —-> 19€ 💎
También en Rojo 🎨"
34310,2026-05-18T12:00:48,photos/photo_32099@18-05-2026_12-00-48.jpg,,,
34311,2026-05-18T12:00:48,photos/photo_32100@18-05-2026_12-00-48.jpg,,,
34312,2026-05-18T13:20:48,photos/photo_32101@18-05-2026_13-20-48.jpg,,https://c.onlyaff.app/8Gdp4q,ISABEL MARANT —-> 42€ 💎
34313,2026-05-18T13:40:57,photos/photo_32102@18-05-2026_13-40-57.jpg,,https://c.onlyaff.app/8Gf0Iy,CARHARTT (bordado) —-> 20€ 💎
34314,2026-05-18T13:42:16,photos/photo_32103@18-05-2026_13-42-16.jpg,,https://c.onlyaff.app/8Gf9TF,ALO —-> 8€ 💎
34315,2026-05-18T15:44:10,photos/photo_32104@18-05-2026_15-44-10.jpg,,https://c.onlyaff.app/8GmJQi,"BIRKENSTOCK —-> 29€ 💎
Varios Colores 🎨"
34316,2026-05-18T15:58:30,photos/photo_32105@18-05-2026_15-58-30.jpg,,https://c.onlyaff.app/8Go0co,"POLO RALPH LAUREN —-> 45€ 💎
También en Beige 🎨
(Fotos realizadas por mi) 📸"
34317,2026-05-18T16:00:29,photos/photo_32106@18-05-2026_16-00-29.jpg,,https://c.onlyaff.app/8Go8Dl,"POLO RALPH LAUREN —-> 8€ 💎
Muchos Colores 🎨
(Fotos realizadas por mi) 📸"
34318,2026-05-18T16:02:02,photos/photo_32107@18-05-2026_16-02-02.jpg,,https://c.onlyaff.app/8GobKd,"POLO RALPH LAUREN —-> 11€ 💎
Muchos Colores 🎨
(Fotos realizadas por mi) 📸"
34319,2026-05-18T16:04:02,photos/photo_32108@18-05-2026_16-04-02.jpg,,https://c.onlyaff.app/8Golad,"MONCLER —-> 17€ 💎
Muchos Colores 🎨
(Fotos realizadas por mi) 📸"
34320,2026-05-18T16:06:32,photos/photo_32109@18-05-2026_16-06-32.jpg,,https://c.onlyaff.app/8GosD4,"NIKE Moon x JACQUEMUS —-> 37€ 💎
Muchos Colores 🎨
Calidad muy Top ✅
🚨 Se agotan muy rápido 💨"
34321,2026-05-18T16:06:32,photos/photo_32110@18-05-2026_16-06-32.jpg,,,
34322,2026-05-18T16:06:32,photos/photo_32111@18-05-2026_16-06-32.jpg,,,
34323,2026-05-18T16:06:32,photos/photo_32112@18-05-2026_16-06-32.jpg,,,
34324,2026-05-18T16:06:32,photos/photo_32113@18-05-2026_16-06-32.jpg,,,
34325,2026-05-18T16:28:57,photos/photo_32114@18-05-2026_16-28-57.jpg,,https://c.onlyaff.app/8GpgYj,"CORTEIZ —-> 33€ 💎
Varios Colores 🎨"
34326,2026-05-18T16:28:57,photos/photo_32115@18-05-2026_16-28-57.jpg,,,
34327,2026-05-18T16:28:57,photos/photo_32116@18-05-2026_16-28-57.jpg,,,
34328,2026-05-18T16:30:24,photos/photo_32117@18-05-2026_16-30-24.jpg,,https://c.onlyaff.app/8Gpm0e,CORTEIZ (bañador) —-> 28€ 💎
34329,2026-05-18T16:32:59,photos/photo_32118@18-05-2026_16-32-59.jpg,,https://c.onlyaff.app/8Gptbf,"REEBOK Premier Road —-> 43€ 💎
13 Colores 🎨"
34330,2026-05-18T16:32:59,photos/photo_32119@18-05-2026_16-32-59.jpg,,,
34331,2026-05-18T16:33:00,photos/photo_32120@18-05-2026_16-33-00.jpg,,,
34332,2026-05-18T16:33:00,photos/photo_32121@18-05-2026_16-33-00.jpg,,,
34333,2026-05-18T16:33:00,photos/photo_32122@18-05-2026_16-33-00.jpg,,,
34334,2026-05-18T16:33:00,photos/photo_32123@18-05-2026_16-33-00.jpg,,,
34335,2026-05-18T16:33:00,photos/photo_32124@18-05-2026_16-33-00.jpg,,,
34336,2026-05-18T16:33:00,photos/photo_32125@18-05-2026_16-33-00.jpg,,,
34337,2026-05-18T16:33:00,photos/photo_32126@18-05-2026_16-33-00.jpg,,,
34338,2026-05-18T16:33:00,photos/photo_32127@18-05-2026_16-33-00.jpg,,,
34339,2026-05-18T16:34:39,photos/photo_32128@18-05-2026_16-34-39.jpg,,https://c.onlyaff.app/8Gpxt7,"MARSHALL Minor 3 —-> 17€ 💎
También en Blanco 🎨"
34340,2026-05-18T16:34:39,photos/photo_32129@18-05-2026_16-34-39.jpg,,,
34341,2026-05-18T16:34:39,photos/photo_32130@18-05-2026_16-34-39.jpg,,,
34342,2026-05-18T16:41:03,photos/photo_32131@18-05-2026_16-41-03.jpg,,https://c.onlyaff.app/8GpMwS,"APPLE AirPods Max —-> 41€ 💎
Muchos Colores 🎨"
34343,2026-05-18T17:39:34,photos/photo_32132@18-05-2026_17-39-34.jpg,,https://c.onlyaff.app/8Gtaeq,"ADIDAS R Madrid 2026 Entrenamiento (conjunto) —-> 17€ 💎
Muchos Colores 🎨"
34344,2026-05-18T17:39:34,photos/photo_32133@18-05-2026_17-39-34.jpg,,,
34345,2026-05-18T17:39:34,photos/photo_32134@18-05-2026_17-39-34.jpg,,,
34346,2026-05-18T18:10:22,photos/photo_32135@18-05-2026_18-10-22.jpg,,https://c.onlyaff.app/8GwRi3,ADIDAS Anfu —-> 27€ 💎
34347,2026-05-18T18:10:22,photos/photo_32136@18-05-2026_18-10-22.jpg,,,
34348,2026-05-18T18:10:22,photos/photo_32137@18-05-2026_18-10-22.jpg,,,
34349,2026-05-18T18:10:23,photos/photo_32138@18-05-2026_18-10-23.jpg,,,
34350,2026-05-18T18:10:23,photos/photo_32139@18-05-2026_18-10-23.jpg,,,
34351,2026-05-18T18:10:23,photos/photo_32140@18-05-2026_18-10-23.jpg,,,
34352,2026-05-18T19:23:14,photos/photo_32141@18-05-2026_19-23-14.jpg,,https://c.onlyaff.app/8GCv49,"VANS x DIOR —-> 23€ 💎
Muchos Modelos 🎨"
34353,2026-05-18T19:23:14,photos/photo_32142@18-05-2026_19-23-14.jpg,,,
34354,2026-05-18T19:23:14,photos/photo_32143@18-05-2026_19-23-14.jpg,,,
34355,2026-05-18T20:24:26,photos/photo_32144@18-05-2026_20-24-26.jpg,,https://c.onlyaff.app/RSO1H,"TOM FORD —-> 11€ 💎
Muchos Colores 🎨"
34356,2026-05-18T20:24:26,photos/photo_32145@18-05-2026_20-24-26.jpg,,,
34357,2026-05-18T20:24:26,photos/photo_32146@18-05-2026_20-24-26.jpg,,,
34358,2026-05-18T22:07:00,photos/photo_32147@18-05-2026_22-07-00.jpg,,https://c.onlyaff.app/8Hdhvf,"ADIDAS (chándal completo) —-> 52€ 💎
Varios Colores 🎨"
34359,2026-05-18T22:13:15,photos/photo_32148@18-05-2026_22-13-15.jpg,,https://c.onlyaff.app/8HdBWt,BIRKENSTOCK —-> 33€ 💎
34360,2026-05-18T22:13:15,photos/photo_32149@18-05-2026_22-13-15.jpg,,,
34361,2026-05-18T22:13:15,photos/photo_32150@18-05-2026_22-13-15.jpg,,,
34362,2026-05-18T22:38:39,photos/photo_32151@18-05-2026_22-38-39.jpg,,https://c.onlyaff.app/RVhQ3,CONVERSE (piel) —-> 28€ 💎
34363,2026-05-18T22:38:39,photos/photo_32152@18-05-2026_22-38-39.jpg,,,
34364,2026-05-18T22:38:39,photos/photo_32153@18-05-2026_22-38-39.jpg,,,
34366,2026-05-19T08:56:01,photos/photo_32154@19-05-2026_08-56-01.jpg,,https://c.onlyaff.app/8HhrhA,"AIMANA Royal Oak —-> 8€ 💎
Muchos Colores 🎨"
34367,2026-05-19T09:02:01,photos/photo_32155@19-05-2026_09-02-01.jpg,,https://c.onlyaff.app/8HhE1P,ADIDAS Forum x El Grinch —-> 27€ 💎
34368,2026-05-19T09:02:01,photos/photo_32156@19-05-2026_09-02-01.jpg,,,
34369,2026-05-19T09:02:01,photos/photo_32157@19-05-2026_09-02-01.jpg,,,
34370,2026-05-19T09:02:01,photos/photo_32158@19-05-2026_09-02-01.jpg,,,
34371,2026-05-19T09:02:01,photos/photo_32159@19-05-2026_09-02-01.jpg,,,
34372,2026-05-19T09:05:07,photos/photo_32160@19-05-2026_09-05-07.jpg,,https://c.onlyaff.app/8HhtPA,"APPLE Funda MagSafe —-> 7€ 💎
Para todos los IPhone 17 📱
Muy recomendadas ✅
(Fotos realizadas por mi) 📸"
34373,2026-05-19T09:05:07,photos/photo_32161@19-05-2026_09-05-07.jpg,,,
34374,2026-05-19T09:05:07,photos/photo_32162@19-05-2026_09-05-07.jpg,,,
34375,2026-05-19T09:06:01,photos/photo_32163@19-05-2026_09-06-01.jpg,,https://c.onlyaff.app/8HhEHL,"Gafas con IA, Audio y Cámara (estilo RayBan Meta) —-> 56€ 💎
Varias Lentes 🎨"
34376,2026-05-19T09:10:12,photos/photo_32164@19-05-2026_09-10-12.jpg,,https://c.onlyaff.app/RVz9B,ON CLOUD —-> 10€ 💎
34377,2026-05-19T09:11:01,photos/photo_32165@19-05-2026_09-11-01.jpg,,https://c.onlyaff.app/8HhFLX,DSQUARED2 —-> 11€ 💎
34378,2026-05-19T09:12:01,photos/photo_32166@19-05-2026_09-12-01.jpg,,https://c.onlyaff.app/8HhHbF,BLUE BANANA —-> 18€ 💎
34379,2026-05-19T09:14:01,photos/photo_32167@19-05-2026_09-14-01.jpg,,https://c.onlyaff.app/8HhHsE,"POLO RALPH LAUREN —-> 15€ 💎
Muchos Colores 🎨"
34380,2026-05-19T09:16:01,photos/photo_32168@19-05-2026_09-16-01.jpg,,https://c.onlyaff.app/8HhHVu,"ADIDAS Samba ""Pingskin"" —-> 24€ 💎"
34381,2026-05-19T09:17:01,photos/photo_32169@19-05-2026_09-17-01.jpg,,https://c.onlyaff.app/8HhIPj,NEW ERA —-> 5€ 💎
34382,2026-05-19T09:18:01,photos/photo_32170@19-05-2026_09-18-01.jpg,,https://c.onlyaff.app/8HhIRq,"UNDER ARMOUR —-> 10€ 💎
Muchos Colores 🎨"
34383,2026-05-19T09:20:08,photos/photo_32171@19-05-2026_09-20-08.jpg,,https://c.onlyaff.app/8HhJ7A,ADIDAS SL72 RS —-> 34€ 💎
34384,2026-05-19T09:20:09,photos/photo_32172@19-05-2026_09-20-09.jpg,,,
34385,2026-05-19T09:20:09,photos/photo_32173@19-05-2026_09-20-09.jpg,,,
34386,2026-05-19T09:20:09,photos/photo_32174@19-05-2026_09-20-09.jpg,,,
34387,2026-05-19T09:20:09,photos/photo_32175@19-05-2026_09-20-09.jpg,,,
34388,2026-05-19T09:20:09,photos/photo_32176@19-05-2026_09-20-09.jpg,,,
34389,2026-05-19T09:20:10,photos/photo_32177@19-05-2026_09-20-10.jpg,,,
34390,2026-05-19T09:20:10,photos/photo_32178@19-05-2026_09-20-10.jpg,,,
34391,2026-05-19T09:24:01,photos/photo_32179@19-05-2026_09-24-01.jpg,,https://c.onlyaff.app/RVzyK,"ONITSUKA TIGER Tokuten —-> 23€ 💎
19 Colores 🎨"
34392,2026-05-19T09:24:01,photos/photo_32180@19-05-2026_09-24-01.jpg,,,
34393,2026-05-19T09:24:01,photos/photo_32181@19-05-2026_09-24-01.jpg,,,
34394,2026-05-19T09:24:01,photos/photo_32182@19-05-2026_09-24-01.jpg,,,
34395,2026-05-19T09:24:01,photos/photo_32183@19-05-2026_09-24-01.jpg,,,
34396,2026-05-19T09:24:01,photos/photo_32184@19-05-2026_09-24-01.jpg,,,
34397,2026-05-19T09:24:01,photos/photo_32185@19-05-2026_09-24-01.jpg,,,
34398,2026-05-19T09:24:01,photos/photo_32186@19-05-2026_09-24-01.jpg,,,
34399,2026-05-19T09:24:01,photos/photo_32187@19-05-2026_09-24-01.jpg,,,
34400,2026-05-19T09:36:01,photos/photo_32188@19-05-2026_09-36-01.jpg,,https://c.onlyaff.app/8HhKiw,"ALO Runner —-> 32€ 💎
12 Colores 🎨"
34401,2026-05-19T09:36:01,photos/photo_32189@19-05-2026_09-36-01.jpg,,,
34402,2026-05-19T09:36:01,photos/photo_32190@19-05-2026_09-36-01.jpg,,,
34403,2026-05-19T09:36:01,photos/photo_32191@19-05-2026_09-36-01.jpg,,,
34404,2026-05-19T09:36:01,photos/photo_32192@19-05-2026_09-36-01.jpg,,,
34405,2026-05-19T09:36:01,photos/photo_32193@19-05-2026_09-36-01.jpg,,,
34406,2026-05-19T09:36:01,photos/photo_32194@19-05-2026_09-36-01.jpg,,,
34407,2026-05-19T10:38:00,photos/photo_32195@19-05-2026_10-38-00.jpg,,https://c.onlyaff.app/8HCVP4,"NIKE Jordan 1 x TRAVIS SCOTT —-> 25€ 💎
(YepExpress)"
34408,2026-05-19T10:38:00,photos/photo_32196@19-05-2026_10-38-00.jpg,,,
34409,2026-05-19T10:38:00,photos/photo_32197@19-05-2026_10-38-00.jpg,,,
34410,2026-05-19T10:38:00,photos/photo_32198@19-05-2026_10-38-00.jpg,,,
34411,2026-05-19T10:38:00,photos/photo_32199@19-05-2026_10-38-00.jpg,,,
34412,2026-05-19T10:38:00,photos/photo_32200@19-05-2026_10-38-00.jpg,,,
34413,2026-05-19T10:38:00,photos/photo_32201@19-05-2026_10-38-00.jpg,,,
34414,2026-05-19T15:06:11,photos/photo_32202@19-05-2026_15-06-11.jpg,,https://c.onlyaff.app/8Ih02I,ADIDAS SL72 x KITH —-> 29€ 💎
34415,2026-05-19T16:25:51,photos/photo_32203@19-05-2026_16-25-51.jpg,,https://c.onlyaff.app/8IlJC1,POLO RALPH LAUREN —-> 10€ 💎
34416,2026-05-19T16:28:47,photos/photo_32204@19-05-2026_16-28-47.jpg,,https://c.onlyaff.app/8IlSqn,ON (conjunto) —-> 21€ 💎
34417,2026-05-19T18:35:25,photos/photo_32205@19-05-2026_18-35-25.jpg,,https://c.onlyaff.app/8IvuPm,"NUMERIS —-> 40€ 💎
18 Colores 🎨
(Fotos realizadas por mi) 📸"
34418,2026-05-19T18:35:25,photos/photo_32206@19-05-2026_18-35-25.jpg,,,
34419,2026-05-19T18:35:25,photos/photo_32207@19-05-2026_18-35-25.jpg,,,
34420,2026-05-19T20:06:00,photos/photo_32208@19-05-2026_20-06-00.jpg,,https://c.onlyaff.app/8IEko2,"CARHARTT —-> 26€ 💎
19 Modelos 🎨"
34421,2026-05-19T20:19:03,photos/photo_32209@19-05-2026_20-19-03.jpg,,https://c.onlyaff.app/8IK8Tb,BEATS Studio Pro —-> 38€ 💎
34422,2026-05-19T20:19:03,photos/photo_32210@19-05-2026_20-19-03.jpg,,,
34423,2026-05-19T20:19:03,photos/photo_32211@19-05-2026_20-19-03.jpg,,,
34424,2026-05-19T20:20:08,photos/photo_32212@19-05-2026_20-20-08.jpg,,https://c.onlyaff.app/8IL3yS,CARHARTT —-> 36€ 💎
34425,2026-05-19T20:47:54,photos/photo_32213@19-05-2026_20-47-54.jpg,,https://c.onlyaff.app/S5WMU,AMIRI —-> 19€ 💎
34426,2026-05-19T20:47:54,photos/photo_32214@19-05-2026_20-47-54.jpg,,,
34427,2026-05-19T20:47:55,photos/photo_32215@19-05-2026_20-47-55.jpg,,,
34428,2026-05-19T20:50:20,photos/photo_32216@19-05-2026_20-50-20.jpg,,https://c.onlyaff.app/8IYIGb,GOLDEN GOOSE —-> 23€ 💎
34429,2026-05-19T20:50:20,photos/photo_32217@19-05-2026_20-50-20.jpg,,,
34430,2026-05-19T20:50:21,photos/photo_32218@19-05-2026_20-50-21.jpg,,,
34431,2026-05-19T20:50:21,photos/photo_32219@19-05-2026_20-50-21.jpg,,,
34432,2026-05-19T20:50:21,photos/photo_32220@19-05-2026_20-50-21.jpg,,,
34433,2026-05-19T20:50:21,photos/photo_32221@19-05-2026_20-50-21.jpg,,,
34434,2026-05-19T20:50:21,photos/photo_32222@19-05-2026_20-50-21.jpg,,,
34435,2026-05-19T20:50:21,photos/photo_32223@19-05-2026_20-50-21.jpg,,,
34436,2026-05-19T20:50:21,photos/photo_32224@19-05-2026_20-50-21.jpg,,,
34437,2026-05-19T21:04:44,photos/photo_32225@19-05-2026_21-04-44.jpg,,https://c.onlyaff.app/8J3PUh,ADIDAS SL72 —-> 26€ 💎
34438,2026-05-19T21:07:26,photos/photo_32226@19-05-2026_21-07-26.jpg,,https://c.onlyaff.app/8J3YKm,ADIDAS Samba x MESSI —-> 22€ 💎
34439,2026-05-19T21:07:26,photos/photo_32227@19-05-2026_21-07-26.jpg,,,
34440,2026-05-19T21:07:26,photos/photo_32228@19-05-2026_21-07-26.jpg,,,
34441,2026-05-19T21:07:26,photos/photo_32229@19-05-2026_21-07-26.jpg,,,
34442,2026-05-19T21:07:26,photos/photo_32230@19-05-2026_21-07-26.jpg,,,
34443,2026-05-19T21:16:16,photos/photo_32231@19-05-2026_21-16-16.jpg,,https://c.onlyaff.app/8J4kM4,"ASICS Gel 1130 —-> 25€ 💎
14 Colores 🎨"
34444,2026-05-19T21:16:16,photos/photo_32232@19-05-2026_21-16-16.jpg,,,
34445,2026-05-19T21:16:16,photos/photo_32233@19-05-2026_21-16-16.jpg,,,
34446,2026-05-19T21:16:16,photos/photo_32234@19-05-2026_21-16-16.jpg,,,
34447,2026-05-19T21:16:16,photos/photo_32235@19-05-2026_21-16-16.jpg,,,
34448,2026-05-19T21:16:16,photos/photo_32236@19-05-2026_21-16-16.jpg,,,
34449,2026-05-19T21:16:16,photos/photo_32237@19-05-2026_21-16-16.jpg,,,
34450,2026-05-19T21:16:16,photos/photo_32238@19-05-2026_21-16-16.jpg,,,
34451,2026-05-19T21:44:19,photos/photo_32239@19-05-2026_21-44-19.jpg,,https://c.onlyaff.app/8J6GAi,ADIDAS x España (bordado) —-> 11€ 💎
34452,2026-05-19T21:51:44,photos/photo_32240@19-05-2026_21-51-44.jpg,,https://c.onlyaff.app/8J7fHf,GUESS —-> 34€ 💎
34453,2026-05-19T21:56:16,photos/photo_32241@19-05-2026_21-56-16.jpg,,https://c.onlyaff.app/8J7FHf,ADIDAS —-> 12€ 💎
34454,2026-05-19T21:58:19,photos/photo_32242@19-05-2026_21-58-19.jpg,,https://c.onlyaff.app/8J7Ny0,GANNI —-> 17€ 💎
34455,2026-05-19T22:01:45,photos/photo_32243@19-05-2026_22-01-45.jpg,,https://c.onlyaff.app/8J87f9,SUPREME —-> 19€ 💎
34456,2026-05-19T22:04:47,photos/photo_32244@19-05-2026_22-04-47.jpg,,https://c.onlyaff.app/8J8noB,ADIDAS Liverpool Special95 —-> 14€ 💎
34457,2026-05-19T22:50:30,photos/photo_32245@19-05-2026_22-50-30.jpg,,https://c.onlyaff.app/8JaVMD,ADIDAS Samba OG —-> 22€ 💎
34458,2026-05-19T22:50:30,photos/photo_32246@19-05-2026_22-50-30.jpg,,,
34459,2026-05-19T22:50:30,photos/photo_32247@19-05-2026_22-50-30.jpg,,,
34461,2026-05-20T09:01:10,photos/photo_32248@20-05-2026_09-01-10.jpg,,https://c.onlyaff.app/8JcPCq,"NEW BALANCE 1000 —-> 31€ 💎
13 Colores 🎨
(YepExpress)"
34462,2026-05-20T09:01:10,photos/photo_32249@20-05-2026_09-01-10.jpg,,,
34463,2026-05-20T09:01:10,photos/photo_32250@20-05-2026_09-01-10.jpg,,,
34464,2026-05-20T09:01:10,photos/photo_32251@20-05-2026_09-01-10.jpg,,,
34465,2026-05-20T09:01:10,photos/photo_32252@20-05-2026_09-01-10.jpg,,,
34466,2026-05-20T09:01:10,photos/photo_32253@20-05-2026_09-01-10.jpg,,,
34467,2026-05-20T09:01:10,photos/photo_32254@20-05-2026_09-01-10.jpg,,,
34468,2026-05-20T09:01:10,photos/photo_32255@20-05-2026_09-01-10.jpg,,,
34469,2026-05-20T09:01:10,photos/photo_32256@20-05-2026_09-01-10.jpg,,,
34470,2026-05-20T09:01:10,photos/photo_32257@20-05-2026_09-01-10.jpg,,,
